2026-04-17T16:15:30,673 Using pip 26.0.1 from /home/engg1101m3/Vision-based-Aerial-Target-Detection-and-Tracking-System/yolo_env/lib/python3.13/site-packages/pip (python 3.13)
2026-04-17T16:15:30,674 Non-user install because user site-packages disabled
2026-04-17T16:15:30,704 Created temporary directory: /tmp/pip-build-tracker-vjs29j5z
2026-04-17T16:15:30,704 Initialized build tracking at /tmp/pip-build-tracker-vjs29j5z
2026-04-17T16:15:30,704 Created build tracker: /tmp/pip-build-tracker-vjs29j5z
2026-04-17T16:15:30,704 Entered build tracker: /tmp/pip-build-tracker-vjs29j5z
2026-04-17T16:15:30,704 Created temporary directory: /tmp/pip-install-3toj0ulg
2026-04-17T16:15:30,705 Created temporary directory: /tmp/pip-ephem-wheel-cache-tc_i1hvq
2026-04-17T16:15:30,727 Looking in indexes: https://pypi.org/simple, https://www.piwheels.org/simple
2026-04-17T16:15:30,727 2 location(s) to search for versions of adafruit-blinka:
2026-04-17T16:15:30,727 * https://pypi.org/simple/adafruit-blinka/
2026-04-17T16:15:30,727 * https://www.piwheels.org/simple/adafruit-blinka/
2026-04-17T16:15:30,727 Fetching project page and analyzing links: https://pypi.org/simple/adafruit-blinka/
2026-04-17T16:15:30,728 Getting page https://pypi.org/simple/adafruit-blinka/
2026-04-17T16:15:30,729 Found index url https://pypi.org/simple/
2026-04-17T16:15:30,730 Looking up "https://pypi.org/simple/adafruit-blinka/" in the cache
2026-04-17T16:15:30,730 Request header has "max_age" as 0, cache bypassed
2026-04-17T16:15:30,731 Starting new HTTPS connection (1): pypi.org:443
2026-04-17T16:15:31,390 https://pypi.org:443 "GET /simple/adafruit-blinka/ HTTP/1.1" 304 0
2026-04-17T16:15:31,397 Fetched page https://pypi.org/simple/adafruit-blinka/ as application/vnd.pypi.simple.v1+json
2026-04-17T16:15:31,406   Found link https://files.pythonhosted.org/packages/9d/39/d3959b31a4fff1946fb8e595a4f5d0415b2686f3811a13412f87ac662afc/Adafruit-Blinka-0.1.3.tar.gz (from https://pypi.org/simple/adafruit-blinka/) (requires-python:>=3.6.0), version: 0.1.3
2026-04-17T16:15:31,407   Found link https://files.pythonhosted.org/packages/91/83/bfb9163b42c0561a849618186d4f9a48d613e24cf4b9613657e1ce7b1e02/Adafruit-Blinka-0.1.4.tar.gz (from https://pypi.org/simple/adafruit-blinka/) (requires-python:>=3.4.0), version: 0.1.4
2026-04-17T16:15:31,407   Found link https://files.pythonhosted.org/packages/e0/54/ed6ae010ef99b0f2637c86383ab298b0ac928fadb46b3445940a14d8512f/Adafruit-Blinka-0.1.5.tar.gz (from https://pypi.org/simple/adafruit-blinka/) (requires-python:>=3.4.0), version: 0.1.5
2026-04-17T16:15:31,407   Found link https://files.pythonhosted.org/packages/59/99/b0624ca2979f1bac335219ba0481eb47fdbd8c23fa6c8905e01069a39cc0/Adafruit-Blinka-0.1.6.tar.gz (from https://pypi.org/simple/adafruit-blinka/) (requires-python:>=3.4.0), version: 0.1.6
2026-04-17T16:15:31,407   Found link https://files.pythonhosted.org/packages/7c/c8/50d8bd8525f1933e5436779b527c3da6c7ffb567d15a9c0d9fe3ac10f194/Adafruit-Blinka-0.1.7.tar.gz (from https://pypi.org/simple/adafruit-blinka/) (requires-python:>=3.4.0), version: 0.1.7
2026-04-17T16:15:31,407   Found link https://files.pythonhosted.org/packages/c1/ac/2e7fcd187cb12f2e88dc660a85fe9af9cc753e756c7dafc0567ec1f9399e/Adafruit-Blinka-0.1.8.tar.gz (from https://pypi.org/simple/adafruit-blinka/) (requires-python:>=3.4.0), version: 0.1.8
2026-04-17T16:15:31,407   Found link https://files.pythonhosted.org/packages/26/ed/32d667eb999ceff9b99fde38e0666e8442184295386750c114798ecec31a/Adafruit-Blinka-0.1.9.tar.gz (from https://pypi.org/simple/adafruit-blinka/) (requires-python:>=3.4.0), version: 0.1.9
2026-04-17T16:15:31,407   Found link https://files.pythonhosted.org/packages/cf/5f/001f9e035e190a40ba50ab3f73267e56b1edec186fb7a8fb79ce9ea45fbf/Adafruit-Blinka-0.1.10.tar.gz (from https://pypi.org/simple/adafruit-blinka/) (requires-python:>=3.4.0), version: 0.1.10
2026-04-17T16:15:31,407   Found link https://files.pythonhosted.org/packages/04/c2/c9b0cfc5b53198e3e6122ec9c2bb4e623176dbcc5515205c8899d402af6d/Adafruit-Blinka-0.2.tar.gz (from https://pypi.org/simple/adafruit-blinka/) (requires-python:>=3.4.0), version: 0.2
2026-04-17T16:15:31,407   Found link https://files.pythonhosted.org/packages/61/5f/2ec5ebd4ae755ed05ace0c3a5162f8b9a8ec5d28c9423878826983850e33/Adafruit-Blinka-0.2.1.tar.gz (from https://pypi.org/simple/adafruit-blinka/) (requires-python:>=3.4.0), version: 0.2.1
2026-04-17T16:15:31,407   Found link https://files.pythonhosted.org/packages/b7/88/ff293dfe0f40daae90528881414b83c1c8559e9c86455bf6b71f8b8065d2/Adafruit-Blinka-0.2.2.tar.gz (from https://pypi.org/simple/adafruit-blinka/) (requires-python:>=3.4.0), version: 0.2.2
2026-04-17T16:15:31,407   Found link https://files.pythonhosted.org/packages/69/6c/3ace0946cf2de9d8c3f56ed1b360806eb63d2eb35be2337a619437c95794/Adafruit-Blinka-0.2.3.tar.gz (from https://pypi.org/simple/adafruit-blinka/) (requires-python:>=3.4.0), version: 0.2.3
2026-04-17T16:15:31,407   Found link https://files.pythonhosted.org/packages/33/83/4844d3cf21e6e6745391d01ec8930e8c618420acf8cea6814395d17e31da/Adafruit-Blinka-0.2.4.tar.gz (from https://pypi.org/simple/adafruit-blinka/) (requires-python:>=3.4.0), version: 0.2.4
2026-04-17T16:15:31,407   Found link https://files.pythonhosted.org/packages/3f/a4/32fab0466dec93fb92c80006f8e98061472ee31284bdce571ba7c228c707/Adafruit-Blinka-0.2.5.tar.gz (from https://pypi.org/simple/adafruit-blinka/) (requires-python:>=3.4.0), version: 0.2.5
2026-04-17T16:15:31,407   Found link https://files.pythonhosted.org/packages/8b/6c/59b033a450c9c86e2c7bb2aab5440fac1c29b36701e120bcfa58d36880ac/Adafruit-Blinka-0.2.6.tar.gz (from https://pypi.org/simple/adafruit-blinka/) (requires-python:>=3.4.0), version: 0.2.6
2026-04-17T16:15:31,407   Found link https://files.pythonhosted.org/packages/8f/9b/f8fd3d4bab36724d55bef9407c268589e48b398e5a023585d89bd453b21f/Adafruit-Blinka-0.2.7.tar.gz (from https://pypi.org/simple/adafruit-blinka/) (requires-python:>=3.4.0), version: 0.2.7
2026-04-17T16:15:31,407   Found link https://files.pythonhosted.org/packages/d1/4a/4e5b57ac329fb57c4807d496c9c630dce4ae10eec5b6ec35db858865df6b/Adafruit-Blinka-0.3.0.tar.gz (from https://pypi.org/simple/adafruit-blinka/) (requires-python:>=3.4.0), version: 0.3.0
2026-04-17T16:15:31,407   Found link https://files.pythonhosted.org/packages/d0/f4/402ffc809bd08be6247faaa31b1775818e7e72d1cc6ad76d24093793259c/Adafruit-Blinka-0.3.1.tar.gz (from https://pypi.org/simple/adafruit-blinka/) (requires-python:>=3.4.0), version: 0.3.1
2026-04-17T16:15:31,407   Found link https://files.pythonhosted.org/packages/78/de/fb08c160f579c58acb0c9641dc4e99d1501457ec11715d9bf72817d05f2b/Adafruit-Blinka-0.3.2.tar.gz (from https://pypi.org/simple/adafruit-blinka/) (requires-python:>=3.4.0), version: 0.3.2
2026-04-17T16:15:31,408   Found link https://files.pythonhosted.org/packages/b4/b6/0992703e7e319d075057628aaa6c34d4435e080164148f7a82cad75cec00/Adafruit-Blinka-0.4.0.tar.gz (from https://pypi.org/simple/adafruit-blinka/) (requires-python:>=3.4.0), version: 0.4.0
2026-04-17T16:15:31,408   Found link https://files.pythonhosted.org/packages/e3/9c/d9f7cb23826adbcc35f734f64fa1d2a179d1577872adf3fa0c45ffd868bb/Adafruit-Blinka-1.0.2.tar.gz (from https://pypi.org/simple/adafruit-blinka/) (requires-python:>=3.4.0), version: 1.0.2
2026-04-17T16:15:31,408   Found link https://files.pythonhosted.org/packages/f9/3b/2a06a4dffb30d4817b4974f3d6268a9741552c3b4aa5a4765a42c02ed080/Adafruit-Blinka-1.1.0.tar.gz (from https://pypi.org/simple/adafruit-blinka/) (requires-python:>=3.4.0), version: 1.1.0
2026-04-17T16:15:31,408   Found link https://files.pythonhosted.org/packages/ad/c6/cc26c515ecc4cac4e2a50c2c5148122517382c52b93cfbd4304b83648614/Adafruit-Blinka-1.1.1.tar.gz (from https://pypi.org/simple/adafruit-blinka/) (requires-python:>=3.4.0), version: 1.1.1
2026-04-17T16:15:31,408   Found link https://files.pythonhosted.org/packages/59/67/d9b1c53938775974dc8a64bf4a3fb4a9053925e852eff240b32732799a40/Adafruit-Blinka-1.2.0.tar.gz (from https://pypi.org/simple/adafruit-blinka/) (requires-python:>=3.4.0), version: 1.2.0
2026-04-17T16:15:31,408   Found link https://files.pythonhosted.org/packages/f6/08/e99bd913ba3ff38c693bb6ba26e64dd69c1d01bd9958c341a2558348642a/Adafruit-Blinka-1.2.1.tar.gz (from https://pypi.org/simple/adafruit-blinka/) (requires-python:>=3.4.0), version: 1.2.1
2026-04-17T16:15:31,408   Found link https://files.pythonhosted.org/packages/93/e5/f47e0116daaa45d88ab2dedb6b1736a40486e7ddd94ec5a39be9e23f3e4e/Adafruit-Blinka-1.2.3.tar.gz (from https://pypi.org/simple/adafruit-blinka/) (requires-python:>=3.4.0), version: 1.2.3
2026-04-17T16:15:31,408   Found link https://files.pythonhosted.org/packages/36/3f/5e7681f41cdb03f3eaa9ef8a002411ea9fda78f1b05cafccc738b1968f6f/Adafruit-Blinka-1.2.4.tar.gz (from https://pypi.org/simple/adafruit-blinka/) (requires-python:>=3.4.0), version: 1.2.4
2026-04-17T16:15:31,408   Found link https://files.pythonhosted.org/packages/92/f8/22523c09c4b943ba976374973e4406726b90fa8d5860428fdaee8912a80f/Adafruit-Blinka-1.2.5.tar.gz (from https://pypi.org/simple/adafruit-blinka/) (requires-python:>=3.4.0), version: 1.2.5
2026-04-17T16:15:31,408   Found link https://files.pythonhosted.org/packages/01/a2/0fbc7c158627b4e5971a74ba1a966ee1f9b28ae14dd6f8637bbb94fc98e4/Adafruit-Blinka-1.2.6.tar.gz (from https://pypi.org/simple/adafruit-blinka/) (requires-python:>=3.4.0), version: 1.2.6
2026-04-17T16:15:31,408   Found link https://files.pythonhosted.org/packages/2e/fb/654ef5173aecfc062c3a8a3874764d792d9c4c0f0c061181f113cebd610a/Adafruit-Blinka-1.2.7.tar.gz (from https://pypi.org/simple/adafruit-blinka/) (requires-python:>=3.4.0), version: 1.2.7
2026-04-17T16:15:31,408   Found link https://files.pythonhosted.org/packages/8c/50/cc25558f739bdb9f56b3d669d5237af2a443f13a84072cb50d003c23d602/Adafruit-Blinka-1.2.8.tar.gz (from https://pypi.org/simple/adafruit-blinka/) (requires-python:>=3.4.0), version: 1.2.8
2026-04-17T16:15:31,408   Found link https://files.pythonhosted.org/packages/56/c5/faefe60f900995b7c15d55c0a1798baa27390f8d6ad3db0c35cbdac9c140/Adafruit-Blinka-1.3.0.tar.gz (from https://pypi.org/simple/adafruit-blinka/) (requires-python:>=3.4.0), version: 1.3.0
2026-04-17T16:15:31,408   Found link https://files.pythonhosted.org/packages/41/5c/3c16508ab2207e8feff8496180de9697593593ebf28b2e5827270095cb0d/Adafruit-Blinka-1.3.1.tar.gz (from https://pypi.org/simple/adafruit-blinka/) (requires-python:>=3.4.0), version: 1.3.1
2026-04-17T16:15:31,408   Found link https://files.pythonhosted.org/packages/8d/7b/7de59c0b1d0eb5b746eff799def886cc205ac479263032503f539a23ad6e/Adafruit-Blinka-1.3.2.tar.gz (from https://pypi.org/simple/adafruit-blinka/) (requires-python:>=3.4.0), version: 1.3.2
2026-04-17T16:15:31,408   Found link https://files.pythonhosted.org/packages/71/0a/3c603ab7b90014152ddbfce6d13b8d1c0a6d59b834d7577d08b5bc9864b0/Adafruit-Blinka-1.3.3.tar.gz (from https://pypi.org/simple/adafruit-blinka/) (requires-python:>=3.4.0), version: 1.3.3
2026-04-17T16:15:31,408   Found link https://files.pythonhosted.org/packages/1d/4d/ad51a94ca522b473efecaff5a57d386012bff1687a3c816e69a74d90b39b/Adafruit-Blinka-1.3.4.tar.gz (from https://pypi.org/simple/adafruit-blinka/) (requires-python:>=3.4.0), version: 1.3.4
2026-04-17T16:15:31,408   Found link https://files.pythonhosted.org/packages/18/71/2cec84650aca8468c01a12f273187b10bcebfb237b18411a87a20faa78fa/Adafruit-Blinka-2.0.0.tar.gz (from https://pypi.org/simple/adafruit-blinka/) (requires-python:>=3.4.0), version: 2.0.0
2026-04-17T16:15:31,408   Found link https://files.pythonhosted.org/packages/3c/4b/d20dd5cb2fbefec58b6d4528096d018d3616efed8629a54d700375bc0cf1/Adafruit-Blinka-2.0.1.tar.gz (from https://pypi.org/simple/adafruit-blinka/) (requires-python:>=3.4.0), version: 2.0.1
2026-04-17T16:15:31,408   Found link https://files.pythonhosted.org/packages/a0/3e/c355f6e8667ff27a2c98fcd725f168429148a5e9720951809445faad2f93/Adafruit-Blinka-2.0.2.tar.gz (from https://pypi.org/simple/adafruit-blinka/) (requires-python:>=3.4.0), version: 2.0.2
2026-04-17T16:15:31,408   Found link https://files.pythonhosted.org/packages/73/61/fee18112decad1719af0cc68e21dc915afdda4435b8a3c5c75bb5674cd25/Adafruit-Blinka-2.1.0.tar.gz (from https://pypi.org/simple/adafruit-blinka/) (requires-python:>=3.4.0), version: 2.1.0
2026-04-17T16:15:31,408   Found link https://files.pythonhosted.org/packages/38/f6/eeb44eb8c9c6353257d75b08376503119cb18f7148a8526d634a7b4eb83c/Adafruit-Blinka-2.1.1.tar.gz (from https://pypi.org/simple/adafruit-blinka/) (requires-python:>=3.4.0), version: 2.1.1
2026-04-17T16:15:31,408   Found link https://files.pythonhosted.org/packages/98/2f/4bdcc8f4775156a6b7e18756e135b42fed51a56d68a1dd347357d4f5f33a/Adafruit-Blinka-2.1.2.tar.gz (from https://pypi.org/simple/adafruit-blinka/) (requires-python:>=3.4.0), version: 2.1.2
2026-04-17T16:15:31,408   Found link https://files.pythonhosted.org/packages/1a/fc/e17a190474d684c34a1b226eb627e397bbc9b90ed23d60733a87472b4cf0/Adafruit-Blinka-2.1.3.tar.gz (from https://pypi.org/simple/adafruit-blinka/) (requires-python:>=3.4.0), version: 2.1.3
2026-04-17T16:15:31,409   Found link https://files.pythonhosted.org/packages/0b/11/27a3a5a3817ce858adac3ce4ec71381f36fc2e8c4edb5b443a7841f2480c/Adafruit-Blinka-2.1.4.tar.gz (from https://pypi.org/simple/adafruit-blinka/) (requires-python:>=3.4.0), version: 2.1.4
2026-04-17T16:15:31,409   Found link https://files.pythonhosted.org/packages/10/15/02e61c15ac3ae692b52f87af643d59e14bc144d2c6557ac04394ba5aded0/Adafruit-Blinka-2.1.5.tar.gz (from https://pypi.org/simple/adafruit-blinka/) (requires-python:>=3.4.0), version: 2.1.5
2026-04-17T16:15:31,409   Found link https://files.pythonhosted.org/packages/b4/84/0212934672d40829693fbb7958844521fcf2fa4cc51c9b58c511b399ce2d/Adafruit-Blinka-2.1.6.tar.gz (from https://pypi.org/simple/adafruit-blinka/) (requires-python:>=3.4.0), version: 2.1.6
2026-04-17T16:15:31,409   Found link https://files.pythonhosted.org/packages/ff/c2/66933fffabf5c91170e2b382a19e59d5c6052846bacefdf35c6a67bb053d/Adafruit-Blinka-2.2.0.tar.gz (from https://pypi.org/simple/adafruit-blinka/) (requires-python:>=3.4.0), version: 2.2.0
2026-04-17T16:15:31,409   Found link https://files.pythonhosted.org/packages/c5/77/54fa25ae83fc3d01aaeac955c971a8643e37c3669de8e470ffdb079a8b8b/Adafruit-Blinka-2.2.1.tar.gz (from https://pypi.org/simple/adafruit-blinka/) (requires-python:>=3.4.0), version: 2.2.1
2026-04-17T16:15:31,409   Found link https://files.pythonhosted.org/packages/a3/45/0d8aa45672d705c8717b05f36c85079209acde7e814538ec62e305f11dc2/Adafruit-Blinka-2.3.0.tar.gz (from https://pypi.org/simple/adafruit-blinka/) (requires-python:>=3.4.0), version: 2.3.0
2026-04-17T16:15:31,409   Found link https://files.pythonhosted.org/packages/94/b7/6eeabc945e1a5b7688ce79df38d440949e7335f5ee7f88d80dc56fd7c7e4/Adafruit-Blinka-2.3.1.tar.gz (from https://pypi.org/simple/adafruit-blinka/) (requires-python:>=3.4.0), version: 2.3.1
2026-04-17T16:15:31,409   Found link https://files.pythonhosted.org/packages/0b/48/c8b0bb24b81d1eb748af236b3c9e88f7a7480f6cd9a5578d2cb5dae2ea8f/Adafruit-Blinka-2.3.2.tar.gz (from https://pypi.org/simple/adafruit-blinka/) (requires-python:>=3.4.0), version: 2.3.2
2026-04-17T16:15:31,409   Found link https://files.pythonhosted.org/packages/55/f9/fc8aff6f46164c1858a830d8e3e95fad25334127330c85fa4a8396a49990/Adafruit-Blinka-2.3.3.tar.gz (from https://pypi.org/simple/adafruit-blinka/) (requires-python:>=3.4.0), version: 2.3.3
2026-04-17T16:15:31,409   Found link https://files.pythonhosted.org/packages/2b/c9/f3d036a50aa591b52c33b1bca308242d05d3ef829c2beb437ec854117fbf/Adafruit-Blinka-2.4.0.tar.gz (from https://pypi.org/simple/adafruit-blinka/) (requires-python:>=3.4.0), version: 2.4.0
2026-04-17T16:15:31,409   Found link https://files.pythonhosted.org/packages/c3/03/374f82a9d5a9c08ad531219cbc0e103b30c88f4535aaa380f8c034005b36/Adafruit-Blinka-2.4.1.tar.gz (from https://pypi.org/simple/adafruit-blinka/) (requires-python:>=3.4.0), version: 2.4.1
2026-04-17T16:15:31,409   Found link https://files.pythonhosted.org/packages/c6/f0/7d0faf9c0d2b6c0d87d4e8d91c59697e765fd5a916efaad5a7b5c9df5230/Adafruit-Blinka-2.5.0.tar.gz (from https://pypi.org/simple/adafruit-blinka/) (requires-python:>=3.4.0), version: 2.5.0
2026-04-17T16:15:31,409   Found link https://files.pythonhosted.org/packages/12/0f/3b747d9a09396de379951b8662a7d09df1482287305c1b7980acb952fe4e/Adafruit-Blinka-2.5.1.tar.gz (from https://pypi.org/simple/adafruit-blinka/) (requires-python:>=3.4.0), version: 2.5.1
2026-04-17T16:15:31,409   Found link https://files.pythonhosted.org/packages/94/6c/4f5b85b0112235c41d74644d6405b04213d02a8ba999bd5d08329e195a8b/Adafruit-Blinka-2.5.2.tar.gz (from https://pypi.org/simple/adafruit-blinka/) (requires-python:>=3.4.0), version: 2.5.2
2026-04-17T16:15:31,409   Found link https://files.pythonhosted.org/packages/f3/e4/4aecb36aa643f9b0a289f1c0f119f839509743575b8ecd61df560937df5b/Adafruit-Blinka-2.5.3.tar.gz (from https://pypi.org/simple/adafruit-blinka/) (requires-python:>=3.4.0), version: 2.5.3
2026-04-17T16:15:31,409   Found link https://files.pythonhosted.org/packages/df/bf/12052d97f28c41731166e5e7c07f8b2b6b90574871f3c0f5ee94be91c777/Adafruit-Blinka-2.6.0.tar.gz (from https://pypi.org/simple/adafruit-blinka/) (requires-python:>=3.4.0), version: 2.6.0
2026-04-17T16:15:31,409   Found link https://files.pythonhosted.org/packages/ed/37/8e52aaff931ab5e09719bc7fcbe5008f0f9c70dabe0d24de264e6f3924fd/Adafruit-Blinka-2.6.1.tar.gz (from https://pypi.org/simple/adafruit-blinka/) (requires-python:>=3.4.0), version: 2.6.1
2026-04-17T16:15:31,409   Found link https://files.pythonhosted.org/packages/57/6f/9835addd77f0528c61a2ca6acaa6dbd7befa7ef63b3c7e7ed0ef0e2d4929/Adafruit-Blinka-3.0.0.tar.gz (from https://pypi.org/simple/adafruit-blinka/) (requires-python:>=3.4.0), version: 3.0.0
2026-04-17T16:15:31,409   Found link https://files.pythonhosted.org/packages/4b/28/b4366ca13edd0f25b256cd0f409b944bcf4cb24239b1bd52b15ca908fdfe/Adafruit-Blinka-3.0.1.tar.gz (from https://pypi.org/simple/adafruit-blinka/) (requires-python:>=3.4.0), version: 3.0.1
2026-04-17T16:15:31,409   Found link https://files.pythonhosted.org/packages/fd/2c/df43ac48f6a3b287abe778a05dc72775fe46fbe612a75d4556f079cf9b87/Adafruit-Blinka-3.0.2.tar.gz (from https://pypi.org/simple/adafruit-blinka/) (requires-python:>=3.4.0), version: 3.0.2
2026-04-17T16:15:31,409   Found link https://files.pythonhosted.org/packages/c8/31/3bdce07d2a136ef80dae423cdee09f8e4d8ded64df2becf52efe78b16d7c/Adafruit-Blinka-3.0.3.tar.gz (from https://pypi.org/simple/adafruit-blinka/) (requires-python:>=3.4.0), version: 3.0.3
2026-04-17T16:15:31,409   Found link https://files.pythonhosted.org/packages/b8/0b/f510b002dffb1ab47d2789aa3edf71c1a4f65e20bff9283559dc697bc8bf/Adafruit-Blinka-3.0.4.tar.gz (from https://pypi.org/simple/adafruit-blinka/) (requires-python:>=3.4.0), version: 3.0.4
2026-04-17T16:15:31,409   Found link https://files.pythonhosted.org/packages/02/9c/06aafc86c4abb33500663791faf4fd22a36d6829988b42935d7fd9eda9f6/Adafruit-Blinka-3.0.5.tar.gz (from https://pypi.org/simple/adafruit-blinka/) (requires-python:>=3.4.0), version: 3.0.5
2026-04-17T16:15:31,410   Found link https://files.pythonhosted.org/packages/b1/f9/7b5b45c9b2b218b9f5853b0108b11a460d1bc5e933ff8167648d2683802b/Adafruit-Blinka-3.0.6.tar.gz (from https://pypi.org/simple/adafruit-blinka/) (requires-python:>=3.4.0), version: 3.0.6
2026-04-17T16:15:31,410   Found link https://files.pythonhosted.org/packages/aa/aa/1961d35ef568eff1abcb2ce48c6f4065259ce32ff35ffdeea366e053558f/Adafruit-Blinka-3.0.7.tar.gz (from https://pypi.org/simple/adafruit-blinka/) (requires-python:>=3.4.0), version: 3.0.7
2026-04-17T16:15:31,410   Found link https://files.pythonhosted.org/packages/f0/64/25497dd5ef2ed4d253551a6f31282e57b809b76573b98da0e7b74149b89e/Adafruit-Blinka-3.0.8.tar.gz (from https://pypi.org/simple/adafruit-blinka/) (requires-python:>=3.4.0), version: 3.0.8
2026-04-17T16:15:31,410   Found link https://files.pythonhosted.org/packages/dc/e8/deb45cad123cdd95a76c8ef8284e61f979cae3f2f518c7942693661ddf64/Adafruit-Blinka-3.1.0.tar.gz (from https://pypi.org/simple/adafruit-blinka/) (requires-python:>=3.4.0), version: 3.1.0
2026-04-17T16:15:31,410   Found link https://files.pythonhosted.org/packages/24/c4/78a977f2977cb9bce51f604a02c42bf117835a56f30dac123f0f0e8d5f27/Adafruit-Blinka-3.1.1.tar.gz (from https://pypi.org/simple/adafruit-blinka/) (requires-python:>=3.4.0), version: 3.1.1
2026-04-17T16:15:31,410   Found link https://files.pythonhosted.org/packages/b5/5f/29614cc6b09b0f36bcd784632b904675de38aea8ffbbc6cfd9c2eb8ff014/Adafruit-Blinka-3.1.2.tar.gz (from https://pypi.org/simple/adafruit-blinka/) (requires-python:>=3.4.0), version: 3.1.2
2026-04-17T16:15:31,410   Found link https://files.pythonhosted.org/packages/d3/b7/2ce3c13b1bd656b83fa3a9b04c99f904c64226580116a23847aca85b958b/Adafruit-Blinka-3.2.0.tar.gz (from https://pypi.org/simple/adafruit-blinka/) (requires-python:>=3.4.0), version: 3.2.0
2026-04-17T16:15:31,410   Found link https://files.pythonhosted.org/packages/4f/c1/082245ac2a66340c699379ad94d21b7b8b8361b98cabeb4702f2e3b8ac58/Adafruit-Blinka-3.3.0.tar.gz (from https://pypi.org/simple/adafruit-blinka/) (requires-python:>=3.4.0), version: 3.3.0
2026-04-17T16:15:31,410   Found link https://files.pythonhosted.org/packages/f6/cf/f4b6b201e53264f5f7482040055ac82732dce679cc0fdaf51ff5730ba8d5/Adafruit-Blinka-3.3.1.tar.gz (from https://pypi.org/simple/adafruit-blinka/) (requires-python:>=3.4.0), version: 3.3.1
2026-04-17T16:15:31,410   Found link https://files.pythonhosted.org/packages/a8/ff/d0e6020332cc4b33cd4942fb0d048a12ae08143b9203c117a2ae01724b4e/Adafruit-Blinka-3.3.2.tar.gz (from https://pypi.org/simple/adafruit-blinka/) (requires-python:>=3.4.0), version: 3.3.2
2026-04-17T16:15:31,410   Found link https://files.pythonhosted.org/packages/93/5f/8853990037e427caa8f59023c71880e9f5293656a82127a604136fd2f506/Adafruit-Blinka-3.3.3.tar.gz (from https://pypi.org/simple/adafruit-blinka/) (requires-python:>=3.4.0), version: 3.3.3
2026-04-17T16:15:31,410   Found link https://files.pythonhosted.org/packages/35/f7/3f6f8a65e2c15872900aed6cf795be6c7f44a418722074b33ef934a1ff1f/Adafruit-Blinka-3.3.4.tar.gz (from https://pypi.org/simple/adafruit-blinka/) (requires-python:>=3.4.0), version: 3.3.4
2026-04-17T16:15:31,410   Found link https://files.pythonhosted.org/packages/93/7d/a76059baeb6662e5e9292b8be02a25623d408b19c87449f38cf706cba066/Adafruit-Blinka-3.3.5.tar.gz (from https://pypi.org/simple/adafruit-blinka/) (requires-python:>=3.4.0), version: 3.3.5
2026-04-17T16:15:31,410   Found link https://files.pythonhosted.org/packages/9b/4e/e0243d4c9608d216cf83fce1813ff6fd5ab778727b7a97162aea57c9060d/Adafruit-Blinka-3.3.6.tar.gz (from https://pypi.org/simple/adafruit-blinka/) (requires-python:>=3.4.0), version: 3.3.6
2026-04-17T16:15:31,410   Found link https://files.pythonhosted.org/packages/5d/2b/14cd86c8628be0aed3d3799c6689d6e87b7f29d7ab7973f364d13fc85fb7/Adafruit-Blinka-3.3.7.tar.gz (from https://pypi.org/simple/adafruit-blinka/) (requires-python:>=3.4.0), version: 3.3.7
2026-04-17T16:15:31,410   Found link https://files.pythonhosted.org/packages/21/b3/2c35adf79624942250a6c755efbb8ff874ee11947ef0e3687236b34a8e60/Adafruit-Blinka-3.3.8.tar.gz (from https://pypi.org/simple/adafruit-blinka/) (requires-python:>=3.4.0), version: 3.3.8
2026-04-17T16:15:31,410   Found link https://files.pythonhosted.org/packages/92/36/8eddee9f1314aba04d1f20cdc55ca8937503d7b3a59bba7cbc06faed1f38/Adafruit-Blinka-3.3.9.tar.gz (from https://pypi.org/simple/adafruit-blinka/) (requires-python:>=3.4.0), version: 3.3.9
2026-04-17T16:15:31,410   Found link https://files.pythonhosted.org/packages/d2/34/523fb9c63e61607e633cc33126d9cd3c575fdd93e83902e70e4d4c835f07/Adafruit-Blinka-3.3.10.tar.gz (from https://pypi.org/simple/adafruit-blinka/) (requires-python:>=3.4.0), version: 3.3.10
2026-04-17T16:15:31,410   Found link https://files.pythonhosted.org/packages/90/6b/e60c934405e4393ed33b18a584314e7603792b308cbb6b7e808e9e5a5fb0/Adafruit-Blinka-3.4.0.tar.gz (from https://pypi.org/simple/adafruit-blinka/) (requires-python:>=3.4.0), version: 3.4.0
2026-04-17T16:15:31,410   Found link https://files.pythonhosted.org/packages/60/dd/26eaf839d10cef24496ff9c4baf28ea76646c221c905142198e3f0ef788b/Adafruit-Blinka-3.4.1.tar.gz (from https://pypi.org/simple/adafruit-blinka/) (requires-python:>=3.4.0), version: 3.4.1
2026-04-17T16:15:31,410   Found link https://files.pythonhosted.org/packages/a9/15/1c80852826e6497e482607972d65b64d447d32cc1fac881c1a73605c2484/Adafruit-Blinka-3.5.0.tar.gz (from https://pypi.org/simple/adafruit-blinka/) (requires-python:>=3.4.0), version: 3.5.0
2026-04-17T16:15:31,410   Found link https://files.pythonhosted.org/packages/f7/5e/50922391ccc1d2a5c6f03ab4229c120e98ef37e2508bad870786f54050be/Adafruit-Blinka-3.5.1.tar.gz (from https://pypi.org/simple/adafruit-blinka/) (requires-python:>=3.4.0), version: 3.5.1
2026-04-17T16:15:31,410   Found link https://files.pythonhosted.org/packages/93/49/0d99b9c0e70fbf1144e11b7ab0f23208dbbc05c79b9eeca86a74e04d04ec/Adafruit-Blinka-3.5.2.tar.gz (from https://pypi.org/simple/adafruit-blinka/) (requires-python:>=3.4.0), version: 3.5.2
2026-04-17T16:15:31,410   Found link https://files.pythonhosted.org/packages/53/e7/6f463ff40d5e1c07054d499baa79304247be806e0a7a0b693e668a8fa1ca/Adafruit-Blinka-3.6.0.tar.gz (from https://pypi.org/simple/adafruit-blinka/) (requires-python:>=3.4.0), version: 3.6.0
2026-04-17T16:15:31,411   Found link https://files.pythonhosted.org/packages/13/3d/9b22abc79c912feb764aa635e4699d59bd7520e78dceba5153458b31be4c/Adafruit-Blinka-3.6.1.tar.gz (from https://pypi.org/simple/adafruit-blinka/) (requires-python:>=3.4.0), version: 3.6.1
2026-04-17T16:15:31,411   Found link https://files.pythonhosted.org/packages/60/6e/520551a0d3cbcd10b2e3bb9472e3234f5ef06c235f4a6bf3946764bc9c78/Adafruit-Blinka-3.7.0.tar.gz (from https://pypi.org/simple/adafruit-blinka/) (requires-python:>=3.4.0), version: 3.7.0
2026-04-17T16:15:31,411   Found link https://files.pythonhosted.org/packages/51/78/90f41e6bb7a7d156e0e2c7f0243716af306eaaf864d0befa5b00a92241ef/Adafruit-Blinka-3.7.1.tar.gz (from https://pypi.org/simple/adafruit-blinka/) (requires-python:>=3.4.0), version: 3.7.1
2026-04-17T16:15:31,411   Found link https://files.pythonhosted.org/packages/b1/24/8db2cdd358e7061f30952bc2fea9166674aaf05d37a0bdcccc8642e418e0/Adafruit-Blinka-3.8.0.tar.gz (from https://pypi.org/simple/adafruit-blinka/) (requires-python:>=3.4.0), version: 3.8.0
2026-04-17T16:15:31,411   Found link https://files.pythonhosted.org/packages/f2/9a/2442afd67ca11ff8a5333c9171b7fb09324d6e2a98b15a29602db272815c/Adafruit-Blinka-3.9.0.tar.gz (from https://pypi.org/simple/adafruit-blinka/) (requires-python:>=3.4.0), version: 3.9.0
2026-04-17T16:15:31,411   Found link https://files.pythonhosted.org/packages/5f/04/7065070beda81105808283551369a7e7e84182cb244983752088744c39aa/Adafruit-Blinka-3.10.0.tar.gz (from https://pypi.org/simple/adafruit-blinka/) (requires-python:>=3.4.0), version: 3.10.0
2026-04-17T16:15:31,411   Found link https://files.pythonhosted.org/packages/5b/2f/926c1ed4b08e74a1e6009f6ecec565f69e601028b779751116e4b460bfdb/Adafruit-Blinka-4.0.0.tar.gz (from https://pypi.org/simple/adafruit-blinka/) (requires-python:>=3.4.0), version: 4.0.0
2026-04-17T16:15:31,411   Found link https://files.pythonhosted.org/packages/43/69/7aac64bcd16bed9c9fa5b093cec8dc934e7d6439683b4b8c2942d5d25ab7/Adafruit-Blinka-4.1.0.tar.gz (from https://pypi.org/simple/adafruit-blinka/) (requires-python:>=3.4.0), version: 4.1.0
2026-04-17T16:15:31,411   Found link https://files.pythonhosted.org/packages/cd/0d/55884fc81785ddb49008f96c3c9ddb90627af2e7609df882a712bb7a31e5/Adafruit-Blinka-4.2.0.tar.gz (from https://pypi.org/simple/adafruit-blinka/) (requires-python:>=3.4.0), version: 4.2.0
2026-04-17T16:15:31,411   Found link https://files.pythonhosted.org/packages/85/af/c80441fb5bc7c8021f9e54aaf40ac9eef8294a3892b012013578d26542d3/Adafruit-Blinka-4.3.0.tar.gz (from https://pypi.org/simple/adafruit-blinka/) (requires-python:>=3.4.0), version: 4.3.0
2026-04-17T16:15:31,411   Found link https://files.pythonhosted.org/packages/30/d3/5c077d7fc892cc1cbcb2b96ca341a35f653db39bf2cf4ee2ac3a82431b93/Adafruit-Blinka-4.4.0.tar.gz (from https://pypi.org/simple/adafruit-blinka/) (requires-python:>=3.4.0), version: 4.4.0
2026-04-17T16:15:31,411   Found link https://files.pythonhosted.org/packages/39/cb/fbbdaee3d5cfdee51d657cf691f1df98fb7a4abbdab0efb172503a5881e1/Adafruit-Blinka-4.5.0.tar.gz (from https://pypi.org/simple/adafruit-blinka/) (requires-python:>=3.4.0), version: 4.5.0
2026-04-17T16:15:31,411   Found link https://files.pythonhosted.org/packages/ab/7b/358c05bc76d9eccccd3dcdb3e1c365d1101d4ebb2747896ad1797e39e307/Adafruit-Blinka-4.6.0.tar.gz (from https://pypi.org/simple/adafruit-blinka/) (requires-python:>=3.5.0), version: 4.6.0
2026-04-17T16:15:31,411   Found link https://files.pythonhosted.org/packages/65/49/57141c990538e47cce0335e00b5d2c0058a71481203dd2f0420066e95f4b/Adafruit-Blinka-4.7.0.tar.gz (from https://pypi.org/simple/adafruit-blinka/) (requires-python:>=3.5.0), version: 4.7.0
2026-04-17T16:15:31,411   Found link https://files.pythonhosted.org/packages/57/80/734db9ae5baac5be068a7f352e1d8cdb1457700df3f6a6d74532550ddd19/Adafruit-Blinka-4.8.0.tar.gz (from https://pypi.org/simple/adafruit-blinka/) (requires-python:>=3.5.0), version: 4.8.0
2026-04-17T16:15:31,411   Found link https://files.pythonhosted.org/packages/af/48/9ad541fcccef9ede729dff973e773fe8827a061a3dbf24ff2529d8732a0d/Adafruit-Blinka-4.8.1.tar.gz (from https://pypi.org/simple/adafruit-blinka/) (requires-python:>=3.5.0), version: 4.8.1
2026-04-17T16:15:31,411   Found link https://files.pythonhosted.org/packages/61/69/9cbc96ca0cee2ee99a85c2d3573ff7f3e3392110b14aa7abfe0e65aef040/Adafruit-Blinka-4.9.0.tar.gz (from https://pypi.org/simple/adafruit-blinka/) (requires-python:>=3.5.0), version: 4.9.0
2026-04-17T16:15:31,411   Found link https://files.pythonhosted.org/packages/83/37/836a1c556582f714cb1f53adab3670a6ad4d26c17045f09093b2a11f58d1/Adafruit-Blinka-4.10.0.tar.gz (from https://pypi.org/simple/adafruit-blinka/) (requires-python:>=3.5.0), version: 4.10.0
2026-04-17T16:15:31,411   Found link https://files.pythonhosted.org/packages/74/26/4092e228d96c5522160bf090822e2c5940a417c1eee03ebdcb1df1494bb4/Adafruit-Blinka-4.10.1.tar.gz (from https://pypi.org/simple/adafruit-blinka/) (requires-python:>=3.5.0), version: 4.10.1
2026-04-17T16:15:31,411   Found link https://files.pythonhosted.org/packages/5c/8f/f31a8a5be5ca2ce060f51e50d3cc0ea0bdd9249d9603b6117cdcc41f4b54/Adafruit-Blinka-5.0.0.tar.gz (from https://pypi.org/simple/adafruit-blinka/) (requires-python:>=3.5.0), version: 5.0.0
2026-04-17T16:15:31,411   Found link https://files.pythonhosted.org/packages/48/a2/1d4015915755df10b32a7e421727bf1ba2766075771b5123badf2573c673/Adafruit-Blinka-5.0.1.tar.gz (from https://pypi.org/simple/adafruit-blinka/) (requires-python:>=3.5.0), version: 5.0.1
2026-04-17T16:15:31,411   Found link https://files.pythonhosted.org/packages/a2/d5/3449fb6750f6b09ea4da7b43000bc07282d359dc724e0c85861e760f9ecb/Adafruit-Blinka-5.1.0.tar.gz (from https://pypi.org/simple/adafruit-blinka/) (requires-python:>=3.5.0), version: 5.1.0
2026-04-17T16:15:31,411   Found link https://files.pythonhosted.org/packages/c4/04/a1722e7d796f4226ded462395c849d73d2133fc19196cd862a41bd09ab11/Adafruit-Blinka-5.2.0.tar.gz (from https://pypi.org/simple/adafruit-blinka/) (requires-python:>=3.5.0), version: 5.2.0
2026-04-17T16:15:31,412   Found link https://files.pythonhosted.org/packages/8f/9f/967843e9fea63b679565952ed785c75d7bde14e66b03226ef6b104a920c8/Adafruit-Blinka-5.2.1.tar.gz (from https://pypi.org/simple/adafruit-blinka/) (requires-python:>=3.5.0), version: 5.2.1
2026-04-17T16:15:31,412   Found link https://files.pythonhosted.org/packages/27/a1/21e553eb2ea12fd0674814469199a21ab002ba166a92da8bd3334025bca8/Adafruit-Blinka-5.2.2.tar.gz (from https://pypi.org/simple/adafruit-blinka/) (requires-python:>=3.5.0), version: 5.2.2
2026-04-17T16:15:31,412   Found link https://files.pythonhosted.org/packages/c4/08/ee9ccfe844a934214acac307135a6a2bcd3c8d2167d2075ee1f536031bbd/Adafruit-Blinka-5.2.3.tar.gz (from https://pypi.org/simple/adafruit-blinka/) (requires-python:>=3.5.0), version: 5.2.3
2026-04-17T16:15:31,412   Found link https://files.pythonhosted.org/packages/48/7c/fc1d52b88d3adc9a36d201144199f2adce0b63bec26f67f5ca3d763c1ac6/Adafruit-Blinka-5.2.4.tar.gz (from https://pypi.org/simple/adafruit-blinka/) (requires-python:>=3.5.0), version: 5.2.4
2026-04-17T16:15:31,412   Found link https://files.pythonhosted.org/packages/ef/bd/9b731bd8924983cd5c004776c2f4126714c31383adc51e59b8a1695f8235/Adafruit-Blinka-5.3.0.tar.gz (from https://pypi.org/simple/adafruit-blinka/) (requires-python:>=3.5.0), version: 5.3.0
2026-04-17T16:15:31,412   Found link https://files.pythonhosted.org/packages/cd/24/9af12f71b87eb1d12d7aed90127f4f4d7513763da3f34b6ab5032f4fe311/Adafruit-Blinka-5.3.1.tar.gz (from https://pypi.org/simple/adafruit-blinka/) (requires-python:>=3.5.0), version: 5.3.1
2026-04-17T16:15:31,412   Found link https://files.pythonhosted.org/packages/c4/53/ae5a3739c252650e479bd745b52c83c96d7b965f16ac8f36bc11159ead06/Adafruit-Blinka-5.3.2.tar.gz (from https://pypi.org/simple/adafruit-blinka/) (requires-python:>=3.5.0), version: 5.3.2
2026-04-17T16:15:31,412   Found link https://files.pythonhosted.org/packages/64/e9/4c3bc93c39552e333054eeec0e1e0fc0adfa3ef8da325d62f78c6948529a/Adafruit-Blinka-5.3.3.tar.gz (from https://pypi.org/simple/adafruit-blinka/) (requires-python:>=3.5.0), version: 5.3.3
2026-04-17T16:15:31,412   Found link https://files.pythonhosted.org/packages/1b/dc/eed82c32278c13ae99ab0596fa0d23011ebbfefb5e847a5cf56bcefbf177/Adafruit-Blinka-5.3.4.tar.gz (from https://pypi.org/simple/adafruit-blinka/) (requires-python:>=3.5.0), version: 5.3.4
2026-04-17T16:15:31,412   Found link https://files.pythonhosted.org/packages/97/ee/d85d8fbb3676989806a8789fb778bba277f70486b3578b760456ee7edfdb/Adafruit-Blinka-5.4.0.tar.gz (from https://pypi.org/simple/adafruit-blinka/) (requires-python:>=3.5.0), version: 5.4.0
2026-04-17T16:15:31,412   Found link https://files.pythonhosted.org/packages/2a/ed/de960ae674b18efe67d3fdaeb1e5b7aaed37ff8e4156f7b85be75fb66b6e/Adafruit-Blinka-5.4.1.tar.gz (from https://pypi.org/simple/adafruit-blinka/) (requires-python:>=3.5.0), version: 5.4.1
2026-04-17T16:15:31,412   Found link https://files.pythonhosted.org/packages/be/5a/461fba1d78a5578c2dec75fcce6071a15f0732670418b6a3e6bf4bc5993d/Adafruit-Blinka-5.5.0.tar.gz (from https://pypi.org/simple/adafruit-blinka/) (requires-python:>=3.5.0), version: 5.5.0
2026-04-17T16:15:31,412   Found link https://files.pythonhosted.org/packages/4d/4f/b1f894a0e355a5f18bb5fe25e50a7e99844d80ee6bea070335f3ade48aa7/Adafruit-Blinka-5.5.1.tar.gz (from https://pypi.org/simple/adafruit-blinka/) (requires-python:>=3.5.0), version: 5.5.1
2026-04-17T16:15:31,412   Found link https://files.pythonhosted.org/packages/bb/91/a6edc1ef023de457dc5d76d1599be5eff64ff305c78a87fd00b3d5dd6fa5/Adafruit-Blinka-5.5.2.tar.gz (from https://pypi.org/simple/adafruit-blinka/) (requires-python:>=3.5.0), version: 5.5.2
2026-04-17T16:15:31,412   Found link https://files.pythonhosted.org/packages/87/0d/44c1161625913e7748c25691548a30744ba50cf3de1f50050a17dabb9106/Adafruit-Blinka-5.5.3.tar.gz (from https://pypi.org/simple/adafruit-blinka/) (requires-python:>=3.5.0), version: 5.5.3
2026-04-17T16:15:31,412   Found link https://files.pythonhosted.org/packages/fb/02/befefa66cbe04481e554b244920e5bacd1c0c47a9ea19feab5cff0de72e3/Adafruit-Blinka-5.5.4.tar.gz (from https://pypi.org/simple/adafruit-blinka/) (requires-python:>=3.5.0), version: 5.5.4
2026-04-17T16:15:31,412   Found link https://files.pythonhosted.org/packages/8b/2e/c4fb0eb15669edcd8dbe68a71d5ae290c7def3368551ee3188b33ada351b/Adafruit-Blinka-5.6.0.tar.gz (from https://pypi.org/simple/adafruit-blinka/) (requires-python:>=3.5.0), version: 5.6.0
2026-04-17T16:15:31,412   Found link https://files.pythonhosted.org/packages/62/5f/1e3d370573c3a9b2656b32e655ee7e66fce795d5678bf180933654d293e4/Adafruit-Blinka-5.7.0.tar.gz (from https://pypi.org/simple/adafruit-blinka/) (requires-python:>=3.5.0), version: 5.7.0
2026-04-17T16:15:31,412   Found link https://files.pythonhosted.org/packages/3a/63/7c52e00f6d76c54e513f3601f385eca5cb566270784c237b5ce667bdfd3c/Adafruit-Blinka-5.8.0.tar.gz (from https://pypi.org/simple/adafruit-blinka/) (requires-python:>=3.5.0), version: 5.8.0
2026-04-17T16:15:31,412   Found link https://files.pythonhosted.org/packages/a5/dc/a1487d85ebddbeee143e29a3599a231b6c9aca5962859addde61374d0754/Adafruit-Blinka-5.8.1.tar.gz (from https://pypi.org/simple/adafruit-blinka/) (requires-python:>=3.5.0), version: 5.8.1
2026-04-17T16:15:31,412   Found link https://files.pythonhosted.org/packages/18/fd/7b4fa331cb1d5640e6c70786999a6d3190a0bd53703cf447a7fcb2448504/Adafruit-Blinka-5.8.2.tar.gz (from https://pypi.org/simple/adafruit-blinka/) (requires-python:>=3.5.0), version: 5.8.2
2026-04-17T16:15:31,412   Found link https://files.pythonhosted.org/packages/47/4f/cad7663f11e079144d5ba87469d3d3fca24abc64ad3cf816270bb829a8e8/Adafruit-Blinka-5.9.0.tar.gz (from https://pypi.org/simple/adafruit-blinka/) (requires-python:>=3.5.0), version: 5.9.0
2026-04-17T16:15:31,412   Found link https://files.pythonhosted.org/packages/c7/6e/4f66d7f5b041033346146c02bb1561ad8704b04185defb984d3ac1b0f518/Adafruit-Blinka-5.9.1.tar.gz (from https://pypi.org/simple/adafruit-blinka/) (requires-python:>=3.5.0), version: 5.9.1
2026-04-17T16:15:31,412   Found link https://files.pythonhosted.org/packages/fb/0d/befac248e53c9e3f5a1eb4f3a6de747d14736f7f9a6fa3110a5e67e4ad6e/Adafruit-Blinka-5.9.2.tar.gz (from https://pypi.org/simple/adafruit-blinka/) (requires-python:>=3.5.0), version: 5.9.2
2026-04-17T16:15:31,413   Found link https://files.pythonhosted.org/packages/03/da/9bbbf64456793cedd700abb60c6e718559ba701c709d48548f6feb67050d/Adafruit-Blinka-5.10.0.tar.gz (from https://pypi.org/simple/adafruit-blinka/) (requires-python:>=3.5.0), version: 5.10.0
2026-04-17T16:15:31,413   Found link https://files.pythonhosted.org/packages/2d/f3/5b6d26964f4d84de21e2a17cca95aab1780652c6fb47c00427539d25aa4c/Adafruit-Blinka-5.11.0.tar.gz (from https://pypi.org/simple/adafruit-blinka/) (requires-python:>=3.5.0), version: 5.11.0
2026-04-17T16:15:31,413   Found link https://files.pythonhosted.org/packages/43/32/33af1bf004ea3847c9625f6a753d3242af4c94a9f7756b7bf25fc4a3153a/Adafruit-Blinka-5.12.0.tar.gz (from https://pypi.org/simple/adafruit-blinka/) (requires-python:>=3.5.0), version: 5.12.0
2026-04-17T16:15:31,413   Found link https://files.pythonhosted.org/packages/19/b3/9bfbd4271140613d5c717cffb1e0eb8b4ab6daf8ddfc87eac5943cf16bb3/Adafruit-Blinka-5.13.0.tar.gz (from https://pypi.org/simple/adafruit-blinka/) (requires-python:>=3.5.0), version: 5.13.0
2026-04-17T16:15:31,413   Found link https://files.pythonhosted.org/packages/b0/e3/7e4f76d80cf69c3b1a0dcd1be342f7fc231917ad72e3f664deb24bf7b0f1/Adafruit-Blinka-5.13.1.tar.gz (from https://pypi.org/simple/adafruit-blinka/) (requires-python:>=3.5.0), version: 5.13.1
2026-04-17T16:15:31,413   Found link https://files.pythonhosted.org/packages/f3/50/cfadfe02c3eeb9aae3585908c4452272256b785d15296a27e6dc4141befd/Adafruit-Blinka-6.0.0.tar.gz (from https://pypi.org/simple/adafruit-blinka/) (requires-python:>=3.6.0), version: 6.0.0
2026-04-17T16:15:31,413   Found link https://files.pythonhosted.org/packages/07/d2/8c86b536c9225ada9176cef5b075ebc45795d61821cbb5fd2fe5b98dd90f/Adafruit-Blinka-6.0.1.tar.gz (from https://pypi.org/simple/adafruit-blinka/) (requires-python:>=3.6.0), version: 6.0.1
2026-04-17T16:15:31,413   Found link https://files.pythonhosted.org/packages/1d/76/1cfa8d1364c9d20da63cbc35b08763d03664ab5ad2dfb4b4a2504d541804/Adafruit-Blinka-6.0.2.tar.gz (from https://pypi.org/simple/adafruit-blinka/) (requires-python:>=3.6.0), version: 6.0.2
2026-04-17T16:15:31,413   Found link https://files.pythonhosted.org/packages/a5/29/bd90b2919693c213c5562f5b3a08ef29cd684829903c1b8a5339efae205e/Adafruit-Blinka-6.1.0.tar.gz (from https://pypi.org/simple/adafruit-blinka/) (requires-python:>=3.6.0), version: 6.1.0
2026-04-17T16:15:31,413   Found link https://files.pythonhosted.org/packages/6c/36/a123af3b003cf0e96a8bf5208311d9f6f1864654d927fb5b65337af35f8d/Adafruit-Blinka-6.2.0.tar.gz (from https://pypi.org/simple/adafruit-blinka/) (requires-python:>=3.6.0), version: 6.2.0
2026-04-17T16:15:31,413   Found link https://files.pythonhosted.org/packages/45/60/a58724043a09f8b30ddc30a4d538e9fc88c4266784781ede2cf9442936f6/Adafruit-Blinka-6.2.1.tar.gz (from https://pypi.org/simple/adafruit-blinka/) (requires-python:>=3.6.0), version: 6.2.1
2026-04-17T16:15:31,413   Found link https://files.pythonhosted.org/packages/75/71/4091b4332a937c922b40744302aaf61b94794d4afb29403f4e00b5941a17/Adafruit-Blinka-6.2.2.tar.gz (from https://pypi.org/simple/adafruit-blinka/) (requires-python:>=3.6.0), version: 6.2.2
2026-04-17T16:15:31,413   Found link https://files.pythonhosted.org/packages/27/b0/e536407bfdef1402a5fff3a9ac99f05360f9cf72efab62dc6258857db5d1/Adafruit-Blinka-6.3.0.tar.gz (from https://pypi.org/simple/adafruit-blinka/) (requires-python:>=3.6.0), version: 6.3.0
2026-04-17T16:15:31,413   Found link https://files.pythonhosted.org/packages/56/16/c63bab3b7b948bb314e73454b0cb3b9209a41b0138d92378ce4d13cf61ba/Adafruit-Blinka-6.3.1.tar.gz (from https://pypi.org/simple/adafruit-blinka/) (requires-python:>=3.6.0), version: 6.3.1
2026-04-17T16:15:31,413   Found link https://files.pythonhosted.org/packages/09/10/357179477de95d029587ad9d1ee94df0bd59569999b848397afefb5fc164/Adafruit-Blinka-6.3.2.tar.gz (from https://pypi.org/simple/adafruit-blinka/) (requires-python:>=3.6.0), version: 6.3.2
2026-04-17T16:15:31,413   Found link https://files.pythonhosted.org/packages/9f/d9/b894ad252651354085b92a1d1eb7cb5732918173ab3cb042cff54b069c04/Adafruit-Blinka-6.4.0.tar.gz (from https://pypi.org/simple/adafruit-blinka/) (requires-python:>=3.6.0), version: 6.4.0
2026-04-17T16:15:31,413   Found link https://files.pythonhosted.org/packages/de/4f/45d8524a2cb6c3fa8a3367511896466798baa6613320fb30a3291709c7f1/Adafruit-Blinka-6.4.1.tar.gz (from https://pypi.org/simple/adafruit-blinka/) (requires-python:>=3.6.0), version: 6.4.1
2026-04-17T16:15:31,413   Found link https://files.pythonhosted.org/packages/db/e1/8a035408918c2f0e7ab123ed1f95be7a5c01e4b700a5bf95dd996afcf56d/Adafruit-Blinka-6.4.2.tar.gz (from https://pypi.org/simple/adafruit-blinka/) (requires-python:>=3.6.0), version: 6.4.2
2026-04-17T16:15:31,413   Found link https://files.pythonhosted.org/packages/f7/61/c909ac45a67fe704b5d125f827066873f298513d2887bf8e3c85c011d2d5/Adafruit-Blinka-6.5.0.tar.gz (from https://pypi.org/simple/adafruit-blinka/) (requires-python:>=3.6.0), version: 6.5.0
2026-04-17T16:15:31,413   Found link https://files.pythonhosted.org/packages/82/c3/6c9be4e880feef6df274f139f684b2553cb33372791dd8036c50db823854/Adafruit-Blinka-6.6.0.tar.gz (from https://pypi.org/simple/adafruit-blinka/) (requires-python:>=3.6.0), version: 6.6.0
2026-04-17T16:15:31,413   Found link https://files.pythonhosted.org/packages/ee/f7/6f5bbefd85f3f36828d8bd9bb2a0f0799fa7ae161c9e66200e825292e732/Adafruit-Blinka-6.6.1.tar.gz (from https://pypi.org/simple/adafruit-blinka/) (requires-python:>=3.6.0), version: 6.6.1
2026-04-17T16:15:31,413   Found link https://files.pythonhosted.org/packages/40/da/b2bf21fbf3773d6c7ef536b626e3f5211b1ff97e11216b6370d4f0b95af1/Adafruit-Blinka-6.6.2.tar.gz (from https://pypi.org/simple/adafruit-blinka/) (requires-python:>=3.6.0), version: 6.6.2
2026-04-17T16:15:31,413   Found link https://files.pythonhosted.org/packages/6e/68/e79a5335b9126e51f9624461d1b72274104b5fcfd8561f655e7b3f5c17cc/Adafruit-Blinka-6.7.0.tar.gz (from https://pypi.org/simple/adafruit-blinka/) (requires-python:>=3.6.0), version: 6.7.0
2026-04-17T16:15:31,413   Found link https://files.pythonhosted.org/packages/1c/e7/e21db92774ae5dd6b049b3908099b17b06aeafb538072ca11fc8bb88a5dc/Adafruit-Blinka-6.8.0.tar.gz (from https://pypi.org/simple/adafruit-blinka/) (requires-python:>=3.6.0), version: 6.8.0
2026-04-17T16:15:31,414   Found link https://files.pythonhosted.org/packages/c6/b1/6932ba6f98acec0b6c6e3c97abd8e226811ffecadf8047e6ee40c46cf458/Adafruit-Blinka-6.8.1.tar.gz (from https://pypi.org/simple/adafruit-blinka/) (requires-python:>=3.6.0), version: 6.8.1
2026-04-17T16:15:31,414   Found link https://files.pythonhosted.org/packages/d6/49/08d9a1e9f102cacac265adc2da78b62f2b1be01a2adf104920da795a680b/Adafruit-Blinka-6.8.2.tar.gz (from https://pypi.org/simple/adafruit-blinka/) (requires-python:>=3.6.0), version: 6.8.2
2026-04-17T16:15:31,414   Found link https://files.pythonhosted.org/packages/0b/ec/4e68572b31b0814182a66f2cf84b33f3128230c94a9849ab9f2605c6301e/Adafruit-Blinka-6.8.3.tar.gz (from https://pypi.org/simple/adafruit-blinka/) (requires-python:>=3.6.0), version: 6.8.3
2026-04-17T16:15:31,414   Found link https://files.pythonhosted.org/packages/5b/fa/eaae83606f8563c50c5373030093b85b93ac370b00b66b2077049358c654/Adafruit-Blinka-6.9.0.tar.gz (from https://pypi.org/simple/adafruit-blinka/) (requires-python:>=3.6.0), version: 6.9.0
2026-04-17T16:15:31,414   Found link https://files.pythonhosted.org/packages/82/8a/fd49c78b606e69b4207b94f462474440033bbda33b4683e46bf593d8123f/Adafruit-Blinka-6.9.1.tar.gz (from https://pypi.org/simple/adafruit-blinka/) (requires-python:>=3.6.0), version: 6.9.1
2026-04-17T16:15:31,414   Found link https://files.pythonhosted.org/packages/cd/26/427360c411dddd53bf81f1c7922a454c6096782df851959ce6cb004e06b1/Adafruit-Blinka-6.9.2.tar.gz (from https://pypi.org/simple/adafruit-blinka/) (requires-python:>=3.6.0), version: 6.9.2
2026-04-17T16:15:31,414   Found link https://files.pythonhosted.org/packages/ae/f4/3ee8cac08bb1f7e7108646a150d468bb3e4ef44d0f5344ce248cdfd592f3/Adafruit-Blinka-6.10.0.tar.gz (from https://pypi.org/simple/adafruit-blinka/) (requires-python:>=3.6.0), version: 6.10.0
2026-04-17T16:15:31,414   Found link https://files.pythonhosted.org/packages/92/2e/d73817f71bf4d4d91dd11665ff67f29d7475cc9a48d30f2879ec41752e32/Adafruit-Blinka-6.10.1.tar.gz (from https://pypi.org/simple/adafruit-blinka/) (requires-python:>=3.6.0), version: 6.10.1
2026-04-17T16:15:31,414   Found link https://files.pythonhosted.org/packages/bf/eb/5a288ff078b90a4419efbf6e56b48958a1dee76b0c8b94c64bb9bdec93a2/Adafruit-Blinka-6.10.2.tar.gz (from https://pypi.org/simple/adafruit-blinka/) (requires-python:>=3.6.0), version: 6.10.2
2026-04-17T16:15:31,414   Found link https://files.pythonhosted.org/packages/52/61/3e11390f4389b0ad8caf36279438cbedd7801053aadca38b45258c8024c4/Adafruit-Blinka-6.10.3.tar.gz (from https://pypi.org/simple/adafruit-blinka/) (requires-python:>=3.6.0), version: 6.10.3
2026-04-17T16:15:31,414   Found link https://files.pythonhosted.org/packages/7c/c9/9efb18acb0353e3a8306b53411b57ae19e5ea4cb806dbcd1c99d4e979fb4/Adafruit-Blinka-6.11.0.tar.gz (from https://pypi.org/simple/adafruit-blinka/) (requires-python:>=3.6.0), version: 6.11.0
2026-04-17T16:15:31,414   Found link https://files.pythonhosted.org/packages/df/3d/f80a04b1546dfdec0b22fcb37c131ad74bfcb315cd33b6bd5989c2109226/Adafruit-Blinka-6.11.1.tar.gz (from https://pypi.org/simple/adafruit-blinka/) (requires-python:>=3.6.0), version: 6.11.1
2026-04-17T16:15:31,414   Found link https://files.pythonhosted.org/packages/d8/4d/bf54e6a792c7e374bd4ce36c59e87dcc9cc950b4ab1432abc5b7492d5427/Adafruit-Blinka-6.12.0.tar.gz (from https://pypi.org/simple/adafruit-blinka/) (requires-python:>=3.6.0), version: 6.12.0
2026-04-17T16:15:31,414   Found link https://files.pythonhosted.org/packages/fe/39/023dc4d30289ff3248f0b16273351008e0bd15530779b00a16d0385ba5b6/Adafruit-Blinka-6.13.0.tar.gz (from https://pypi.org/simple/adafruit-blinka/) (requires-python:>=3.6.0), version: 6.13.0
2026-04-17T16:15:31,414   Found link https://files.pythonhosted.org/packages/83/c6/55668f7d7387b518bb5d2f2aa875d690c80d909319db9cf16cdc909d2832/Adafruit-Blinka-6.13.1.tar.gz (from https://pypi.org/simple/adafruit-blinka/) (requires-python:>=3.6.0), version: 6.13.1
2026-04-17T16:15:31,414   Found link https://files.pythonhosted.org/packages/45/6d/fef35a26faa5b424adabaf80d89584134ad7352ad510178a9f40b210052e/Adafruit-Blinka-6.14.0.tar.gz (from https://pypi.org/simple/adafruit-blinka/) (requires-python:>=3.6.0), version: 6.14.0
2026-04-17T16:15:31,414   Found link https://files.pythonhosted.org/packages/41/ff/9bf7be3e23977e53b8a55304daebb3f686589b21f543e524665b67ee04fd/Adafruit-Blinka-6.14.1.tar.gz (from https://pypi.org/simple/adafruit-blinka/) (requires-python:>=3.6.0), version: 6.14.1
2026-04-17T16:15:31,414   Found link https://files.pythonhosted.org/packages/c9/e1/0d7ec71a9c7b246a47e5dfc128ade92c8287d96a829663661c9be12681f8/Adafruit-Blinka-6.15.0.tar.gz (from https://pypi.org/simple/adafruit-blinka/) (requires-python:>=3.6.0), version: 6.15.0
2026-04-17T16:15:31,414   Found link https://files.pythonhosted.org/packages/e0/37/c2bda90f3986507c08229ad90a1d644eaeb705e96e9a958be7820cd6486e/Adafruit-Blinka-6.16.0.tar.gz (from https://pypi.org/simple/adafruit-blinka/) (requires-python:>=3.7.0), version: 6.16.0
2026-04-17T16:15:31,414   Found link https://files.pythonhosted.org/packages/b3/55/36ffc409aaa0a1c7a025c4a412de7e70689d20243752c38bb266fdb5aca3/Adafruit-Blinka-6.17.0.tar.gz (from https://pypi.org/simple/adafruit-blinka/) (requires-python:>=3.7.0), version: 6.17.0
2026-04-17T16:15:31,414   Found link https://files.pythonhosted.org/packages/ba/50/57fbfe9427e570d5ef1aaa403e11fcb806fab507879578f5d80ffd47ea0b/Adafruit-Blinka-6.18.0.tar.gz (from https://pypi.org/simple/adafruit-blinka/) (requires-python:>=3.7.0), version: 6.18.0
2026-04-17T16:15:31,414   Found link https://files.pythonhosted.org/packages/01/8a/e93cad1457d37062c556b8463479ff4007ecb8ccf074e33160ef9ae0f75f/Adafruit-Blinka-6.19.0.tar.gz (from https://pypi.org/simple/adafruit-blinka/) (requires-python:>=3.7.0), version: 6.19.0
2026-04-17T16:15:31,414   Found link https://files.pythonhosted.org/packages/e4/6b/c25a2bea00ae6f7d83535790c5e389e1eebd7cead894fbc275ff9d3cc231/Adafruit-Blinka-6.20.0.tar.gz (from https://pypi.org/simple/adafruit-blinka/) (requires-python:>=3.7.0), version: 6.20.0
2026-04-17T16:15:31,415   Found link https://files.pythonhosted.org/packages/59/ca/955301730ff8de621fa6f85a0da4846b1a42b5d5339b9fa40aa8a59e5dca/Adafruit-Blinka-6.20.1.tar.gz (from https://pypi.org/simple/adafruit-blinka/) (requires-python:>=3.7.0), version: 6.20.1
2026-04-17T16:15:31,415   Found link https://files.pythonhosted.org/packages/d8/5b/bc32372d41a702ff469256e3f460a41afd40c3f3b238c5c026b69c53778f/Adafruit-Blinka-6.20.2.tar.gz (from https://pypi.org/simple/adafruit-blinka/) (requires-python:>=3.7.0), version: 6.20.2
2026-04-17T16:15:31,415   Found link https://files.pythonhosted.org/packages/18/61/b0019b21878cd79b3e586633a8b3c5d3619360b22e64678552e272644135/Adafruit-Blinka-6.20.3.tar.gz (from https://pypi.org/simple/adafruit-blinka/) (requires-python:>=3.7.0), version: 6.20.3
2026-04-17T16:15:31,415   Found link https://files.pythonhosted.org/packages/24/72/26eae2784265dfc05be15c095426909ab868b6a8db7cdc167e34c7fe05cb/Adafruit-Blinka-6.20.4.tar.gz (from https://pypi.org/simple/adafruit-blinka/) (requires-python:>=3.7.0), version: 6.20.4
2026-04-17T16:15:31,415   Found link https://files.pythonhosted.org/packages/c3/6c/e7d8db629f3bc493a239452d213c25780df0fa702cba248acfa8418cb6ea/Adafruit-Blinka-7.0.0.tar.gz (from https://pypi.org/simple/adafruit-blinka/) (requires-python:>=3.7.0), version: 7.0.0
2026-04-17T16:15:31,415   Found link https://files.pythonhosted.org/packages/42/9c/551d550cd8e428114319dbe872b77e13d5af51547d7fb8ed26fa6a54164c/Adafruit-Blinka-7.0.1.tar.gz (from https://pypi.org/simple/adafruit-blinka/) (requires-python:>=3.7.0), version: 7.0.1
2026-04-17T16:15:31,415   Found link https://files.pythonhosted.org/packages/52/54/eb7013201b07e7c9276c8c5cf0e21bed29acc1540f1380d72c6db5caa739/Adafruit-Blinka-7.0.2.tar.gz (from https://pypi.org/simple/adafruit-blinka/) (requires-python:>=3.7.0), version: 7.0.2
2026-04-17T16:15:31,415   Found link https://files.pythonhosted.org/packages/74/6b/38e58b5e691f5af320c180591376412cd94e4325d232b48c187a0dd63099/Adafruit-Blinka-7.1.0.tar.gz (from https://pypi.org/simple/adafruit-blinka/) (requires-python:>=3.7.0), version: 7.1.0
2026-04-17T16:15:31,415   Found link https://files.pythonhosted.org/packages/96/91/3def2a07bef303ff7f0a2d5ba6c4a323c1a5b3a4a564ac173de04284d14f/Adafruit-Blinka-7.1.1.tar.gz (from https://pypi.org/simple/adafruit-blinka/) (requires-python:>=3.7.0), version: 7.1.1
2026-04-17T16:15:31,415   Found link https://files.pythonhosted.org/packages/7f/69/d5393327afb6db9d46518fd39d9cc334f2f40feb29a46f8e56a669988344/Adafruit-Blinka-7.1.2.tar.gz (from https://pypi.org/simple/adafruit-blinka/) (requires-python:>=3.7.0), version: 7.1.2
2026-04-17T16:15:31,415   Found link https://files.pythonhosted.org/packages/d2/1d/b2fb98ec24a3bcb746cbb888ff36d0098a394a3de3c66c279bf46d1de020/Adafruit-Blinka-7.2.0.tar.gz (from https://pypi.org/simple/adafruit-blinka/) (requires-python:>=3.7.0), version: 7.2.0
2026-04-17T16:15:31,415   Found link https://files.pythonhosted.org/packages/d9/a0/321b75ab3b89e718cfa52ec23da353bb18e255a83228cc3163d0ec4f401c/Adafruit-Blinka-7.2.1.tar.gz (from https://pypi.org/simple/adafruit-blinka/) (requires-python:>=3.7.0), version: 7.2.1
2026-04-17T16:15:31,415   Found link https://files.pythonhosted.org/packages/e7/d2/9f589045b22a9aefe07a5500453af61c7d8d850f443a0da0450f8dcc60ba/Adafruit-Blinka-7.2.2.tar.gz (from https://pypi.org/simple/adafruit-blinka/) (requires-python:>=3.7.0), version: 7.2.2
2026-04-17T16:15:31,415   Found link https://files.pythonhosted.org/packages/3b/93/80d9e193c045609cc6c6e9bdfb0cf8127bbd39076bb5b1967ca1debddf7e/Adafruit-Blinka-7.2.3.tar.gz (from https://pypi.org/simple/adafruit-blinka/) (requires-python:>=3.7.0), version: 7.2.3
2026-04-17T16:15:31,415   Found link https://files.pythonhosted.org/packages/f5/da/f14183902fd25faaee7968b1260138055c3656bb6bbe6da14bc68942ec0a/Adafruit-Blinka-7.3.0.tar.gz (from https://pypi.org/simple/adafruit-blinka/) (requires-python:>=3.7.0), version: 7.3.0
2026-04-17T16:15:31,415   Found link https://files.pythonhosted.org/packages/62/2f/cb7b1d6511e974edd71a528b0a585e59f23d1e70904d6f431d5c18adae82/Adafruit-Blinka-7.4.0.tar.gz (from https://pypi.org/simple/adafruit-blinka/) (requires-python:>=3.7.0), version: 7.4.0
2026-04-17T16:15:31,415   Found link https://files.pythonhosted.org/packages/b1/ce/0f58027a520e0d31116c184f7d90e540b3a1800384e4bd18131e2d663892/Adafruit-Blinka-8.0.0.tar.gz (from https://pypi.org/simple/adafruit-blinka/) (requires-python:>=3.7.0), version: 8.0.0
2026-04-17T16:15:31,415   Found link https://files.pythonhosted.org/packages/81/8a/a89e8237dc237415d84a650ab78404f730b25243c1d1ade362c22ab4167b/Adafruit-Blinka-8.0.1.tar.gz (from https://pypi.org/simple/adafruit-blinka/) (requires-python:>=3.7.0), version: 8.0.1
2026-04-17T16:15:31,415   Found link https://files.pythonhosted.org/packages/4d/53/fb18c6bff4c09e67672a3a097b2cec1c32e74fc52a42d649005df4ecd9f8/Adafruit-Blinka-8.0.2.tar.gz (from https://pypi.org/simple/adafruit-blinka/) (requires-python:>=3.7.0), version: 8.0.2
2026-04-17T16:15:31,415   Found link https://files.pythonhosted.org/packages/43/db/5c49917cfa1c2eefbe0d02eb0210c594feac457de2cb1d799664783d29e2/Adafruit-Blinka-8.1.0.tar.gz (from https://pypi.org/simple/adafruit-blinka/) (requires-python:>=3.7.0), version: 8.1.0
2026-04-17T16:15:31,415   Found link https://files.pythonhosted.org/packages/37/cb/aeeae28d63f1723871c31a04bef4a61ed70bc9b165573e75c98d6df52e3e/Adafruit-Blinka-8.2.0.tar.gz (from https://pypi.org/simple/adafruit-blinka/) (requires-python:>=3.7.0), version: 8.2.0
2026-04-17T16:15:31,415   Found link https://files.pythonhosted.org/packages/c0/7b/ae346f4ecd24f90a934859c2f7851abdb172b1e69392c6b69941a155d072/Adafruit-Blinka-8.2.1.tar.gz (from https://pypi.org/simple/adafruit-blinka/) (requires-python:>=3.7.0), version: 8.2.1
2026-04-17T16:15:31,415   Found link https://files.pythonhosted.org/packages/84/b9/3c86f4308570a7265ddddff25ba99f17f74f359356fd72f51a15525926cd/Adafruit-Blinka-8.2.2.tar.gz (from https://pypi.org/simple/adafruit-blinka/) (requires-python:>=3.7.0), version: 8.2.2
2026-04-17T16:15:31,415   Found link https://files.pythonhosted.org/packages/bb/9c/412f14fda68be41073d9928a093a06c54a3297e75c8bafc76cc052840c74/Adafruit-Blinka-8.3.0.tar.gz (from https://pypi.org/simple/adafruit-blinka/) (requires-python:>=3.7.0), version: 8.3.0
2026-04-17T16:15:31,416   Found link https://files.pythonhosted.org/packages/7f/86/68305d4b50bd582d91b8a081f036e09d01fe4459efb97131bded1238fdae/Adafruit-Blinka-8.4.0.tar.gz (from https://pypi.org/simple/adafruit-blinka/) (requires-python:>=3.7.0), version: 8.4.0
2026-04-17T16:15:31,416   Found link https://files.pythonhosted.org/packages/be/30/3cc24fd4ae2bd38a8034e3574a5ab4f5385aa4e7a4655e2a0f2b59e582c3/Adafruit-Blinka-8.4.2.tar.gz (from https://pypi.org/simple/adafruit-blinka/) (requires-python:>=3.7.0), version: 8.4.2
2026-04-17T16:15:31,419   Found link https://files.pythonhosted.org/packages/5f/98/bff6f80db2d02ad0c2ee746cea03b44e99bfca0bf5528b6969bd8a42e7d2/Adafruit_Blinka-8.4.2-py3-none-any.whl (from https://pypi.org/simple/adafruit-blinka/) (requires-python:>=3.7.0), version: 8.4.2
2026-04-17T16:15:31,419   Found link https://files.pythonhosted.org/packages/b1/98/b39b4cc8927260fa8ffcca3b8498ca64705a0c73126b94ee17967fe96f1e/Adafruit-Blinka-8.5.0.tar.gz (from https://pypi.org/simple/adafruit-blinka/) (requires-python:>=3.7.0), version: 8.5.0
2026-04-17T16:15:31,419   Found link https://files.pythonhosted.org/packages/e9/41/311e4384e250ca5ea69e8f5ba11f86c6ce8dd48ea9404d768f2cbf5d82ea/Adafruit_Blinka-8.5.0-py3-none-any.whl (from https://pypi.org/simple/adafruit-blinka/) (requires-python:>=3.7.0), version: 8.5.0
2026-04-17T16:15:31,419   Found link https://files.pythonhosted.org/packages/76/29/541a6a22d923fbe0d4cf52f953a2c737370cb717f8df1cbd95ab97fe2fba/Adafruit-Blinka-8.6.0.tar.gz (from https://pypi.org/simple/adafruit-blinka/) (requires-python:>=3.7.0), version: 8.6.0
2026-04-17T16:15:31,419   Found link https://files.pythonhosted.org/packages/3e/a4/7b7a0cb741b5b0de51cd5559851972d05e7459ef86a1f7872528acc1d67c/Adafruit_Blinka-8.6.0-py3-none-any.whl (from https://pypi.org/simple/adafruit-blinka/) (requires-python:>=3.7.0), version: 8.6.0
2026-04-17T16:15:31,419   Found link https://files.pythonhosted.org/packages/f2/9f/83582580379e05ccaccd51a7a644f5a2d0640f10db688211945bbf966e5b/Adafruit-Blinka-8.6.1.tar.gz (from https://pypi.org/simple/adafruit-blinka/) (requires-python:>=3.7.0), version: 8.6.1
2026-04-17T16:15:31,420   Found link https://files.pythonhosted.org/packages/75/12/d44d364e7fb213bb806e9a0423bcb1de255a01112bd62cbb7df9511ff0f1/Adafruit_Blinka-8.6.1-py3-none-any.whl (from https://pypi.org/simple/adafruit-blinka/) (requires-python:>=3.7.0), version: 8.6.1
2026-04-17T16:15:31,420   Found link https://files.pythonhosted.org/packages/2c/81/63da486901551734f1e301127ad7dfd10fa1b7b7bb8aefa11eaf1e67953c/Adafruit-Blinka-8.7.0.tar.gz (from https://pypi.org/simple/adafruit-blinka/) (requires-python:>=3.7.0), version: 8.7.0
2026-04-17T16:15:31,420   Found link https://files.pythonhosted.org/packages/f9/6c/6d9394b27dc8822a2c7618d79d51479b0ce79f02f7ae08b29d5723c43ff5/Adafruit_Blinka-8.7.0-py3-none-any.whl (from https://pypi.org/simple/adafruit-blinka/) (requires-python:>=3.7.0), version: 8.7.0
2026-04-17T16:15:31,420   Found link https://files.pythonhosted.org/packages/5d/be/736b0d863007f53570fdbabf508c712e922b4a5ad148d6fd69c9b80a4ee7/Adafruit-Blinka-8.8.0.tar.gz (from https://pypi.org/simple/adafruit-blinka/) (requires-python:>=3.7.0), version: 8.8.0
2026-04-17T16:15:31,420   Found link https://files.pythonhosted.org/packages/dd/89/c426e69469311c0911b17dfda5e6d8ed72cccb4fa817e31c83527adef6fc/Adafruit_Blinka-8.8.0-py3-none-any.whl (from https://pypi.org/simple/adafruit-blinka/) (requires-python:>=3.7.0), version: 8.8.0
2026-04-17T16:15:31,420   Found link https://files.pythonhosted.org/packages/f2/4b/1270783c2a35aa5e71cd882d0dc9cffb032360c6782d3ec4435177e78a59/Adafruit-Blinka-8.9.0.tar.gz (from https://pypi.org/simple/adafruit-blinka/) (requires-python:>=3.7.0), version: 8.9.0
2026-04-17T16:15:31,420   Found link https://files.pythonhosted.org/packages/ec/54/f0d957ab851eee13a9c2d4880bf16fd65da2e9142695946488f25acb26ac/Adafruit_Blinka-8.9.0-py3-none-any.whl (from https://pypi.org/simple/adafruit-blinka/) (requires-python:>=3.7.0), version: 8.9.0
2026-04-17T16:15:31,420   Found link https://files.pythonhosted.org/packages/60/29/5940bf83ed5f548aa7e792a45d9c6bc1ba50ea527f0e43f02fa72369b0e7/Adafruit-Blinka-8.10.0.tar.gz (from https://pypi.org/simple/adafruit-blinka/) (requires-python:>=3.7.0), version: 8.10.0
2026-04-17T16:15:31,420   Found link https://files.pythonhosted.org/packages/7e/f8/5415ff98d096b609ce1265a0975b08c0dd50dfb2a5d87da35ff6fa8764f7/Adafruit_Blinka-8.10.0-py3-none-any.whl (from https://pypi.org/simple/adafruit-blinka/) (requires-python:>=3.7.0), version: 8.10.0
2026-04-17T16:15:31,420   Found link https://files.pythonhosted.org/packages/9b/3b/010ed339363ca53cd9aa3765a06f6e4d80fb8311ef705f374e0778c2945f/Adafruit-Blinka-8.11.0.tar.gz (from https://pypi.org/simple/adafruit-blinka/) (requires-python:>=3.7.0), version: 8.11.0
2026-04-17T16:15:31,420   Found link https://files.pythonhosted.org/packages/85/31/521d8f1d611390a56a1efb07a1f77b6bdf46c417f4d8bddb3dcbda23f680/Adafruit_Blinka-8.11.0-py3-none-any.whl (from https://pypi.org/simple/adafruit-blinka/) (requires-python:>=3.7.0), version: 8.11.0
2026-04-17T16:15:31,420   Found link https://files.pythonhosted.org/packages/e8/a6/66356b2b53674f6d1122819ef270b9a01fe6ba3f8b5994948d7fee686582/Adafruit-Blinka-8.12.0.tar.gz (from https://pypi.org/simple/adafruit-blinka/) (requires-python:>=3.7.0), version: 8.12.0
2026-04-17T16:15:31,420   Found link https://files.pythonhosted.org/packages/a6/2b/056ac3ce7c17cc0fcd433583c254909a41df6bd159c87835b8b99a252d3f/Adafruit_Blinka-8.12.0-py3-none-any.whl (from https://pypi.org/simple/adafruit-blinka/) (requires-python:>=3.7.0), version: 8.12.0
2026-04-17T16:15:31,420   Found link https://files.pythonhosted.org/packages/19/b3/c90ad12ac769c8f78104daaa9e95ac6b4ba8209367f6048bf7a2d0bddbd7/Adafruit-Blinka-8.12.1.tar.gz (from https://pypi.org/simple/adafruit-blinka/) (requires-python:>=3.7.0), version: 8.12.1
2026-04-17T16:15:31,420   Found link https://files.pythonhosted.org/packages/68/ec/809baa4a44b17d013ef9b4578c9095f60038a28929a00263e43b510632c9/Adafruit_Blinka-8.12.1-py3-none-any.whl (from https://pypi.org/simple/adafruit-blinka/) (requires-python:>=3.7.0), version: 8.12.1
2026-04-17T16:15:31,420   Found link https://files.pythonhosted.org/packages/45/67/fa83bbff53547644131376bac7ef477899bdc60a930eec11c34f7dd52b67/Adafruit-Blinka-8.13.0.tar.gz (from https://pypi.org/simple/adafruit-blinka/) (requires-python:>=3.7.0), version: 8.13.0
2026-04-17T16:15:31,420   Found link https://files.pythonhosted.org/packages/87/ae/b3c827755a94f916e41bfe0625b908cfc2b09e3ef468b552416a9c219b66/Adafruit_Blinka-8.13.0-py3-none-any.whl (from https://pypi.org/simple/adafruit-blinka/) (requires-python:>=3.7.0), version: 8.13.0
2026-04-17T16:15:31,420   Found link https://files.pythonhosted.org/packages/ea/63/1126aad0e75d7d09eb84d27602ece36a0680b5465157d46adae43a570270/Adafruit-Blinka-8.14.0.tar.gz (from https://pypi.org/simple/adafruit-blinka/) (requires-python:>=3.7.0), version: 8.14.0
2026-04-17T16:15:31,420   Found link https://files.pythonhosted.org/packages/c7/0f/d74854de34c24c8aeb253bbed398320a1df6bf13ba579ec508a63d3c6e0c/Adafruit_Blinka-8.14.0-py3-none-any.whl (from https://pypi.org/simple/adafruit-blinka/) (requires-python:>=3.7.0), version: 8.14.0
2026-04-17T16:15:31,421   Found link https://files.pythonhosted.org/packages/85/ae/ec081fac46766e23baf386edf4b7c53fcb23a377a8a87cc492b06a5cb906/Adafruit-Blinka-8.15.0.tar.gz (from https://pypi.org/simple/adafruit-blinka/) (requires-python:>=3.7.0), version: 8.15.0
2026-04-17T16:15:31,421   Found link https://files.pythonhosted.org/packages/96/00/d4a087a9b91758774781fb130e283495352f8f2b9a7d88d6460c905bf61e/Adafruit_Blinka-8.15.0-py3-none-any.whl (from https://pypi.org/simple/adafruit-blinka/) (requires-python:>=3.7.0), version: 8.15.0
2026-04-17T16:15:31,421   Found link https://files.pythonhosted.org/packages/46/8c/754a7626de0efc7c8e39d0b5e58a0abf59ee5a5431aa7c6150d0e1ff1798/Adafruit-Blinka-8.15.1.tar.gz (from https://pypi.org/simple/adafruit-blinka/) (requires-python:>=3.7.0), version: 8.15.1
2026-04-17T16:15:31,421   Found link https://files.pythonhosted.org/packages/b6/63/274444beca1d780196dad48c2f61dab3ce40d15ca9104de3d81339bb8801/Adafruit_Blinka-8.15.1-py3-none-any.whl (from https://pypi.org/simple/adafruit-blinka/) (requires-python:>=3.7.0), version: 8.15.1
2026-04-17T16:15:31,421   Found link https://files.pythonhosted.org/packages/ee/83/8c443adb52da6d341907d17492def2ee1420a7f2f0aee64a453b1d017f62/Adafruit-Blinka-8.15.2.tar.gz (from https://pypi.org/simple/adafruit-blinka/) (requires-python:>=3.7.0), version: 8.15.2
2026-04-17T16:15:31,421   Found link https://files.pythonhosted.org/packages/66/1f/f4f2d2dbbd7f4491809395bc279e192049cb573c9d17b919d18a0e634335/Adafruit_Blinka-8.15.2-py3-none-any.whl (from https://pypi.org/simple/adafruit-blinka/) (requires-python:>=3.7.0), version: 8.15.2
2026-04-17T16:15:31,421   Found link https://files.pythonhosted.org/packages/a7/aa/5be18e601c93104e3ea0fa6ed54f2ff42e6611861aca7ae334df509ff880/Adafruit-Blinka-8.16.0.tar.gz (from https://pypi.org/simple/adafruit-blinka/) (requires-python:>=3.7.0), version: 8.16.0
2026-04-17T16:15:31,421   Found link https://files.pythonhosted.org/packages/2f/06/4bfdb65994b60d5eff006daa53aa0311224a5c445d6f4f6a65068883a8fc/Adafruit_Blinka-8.16.0-py3-none-any.whl (from https://pypi.org/simple/adafruit-blinka/) (requires-python:>=3.7.0), version: 8.16.0
2026-04-17T16:15:31,421   Found link https://files.pythonhosted.org/packages/8c/49/01a99764ebcae1247a0affceaf85f594e1cbd782b772c8dccf17b2fe7863/Adafruit-Blinka-8.16.1.tar.gz (from https://pypi.org/simple/adafruit-blinka/) (requires-python:>=3.7.0), version: 8.16.1
2026-04-17T16:15:31,421   Found link https://files.pythonhosted.org/packages/b4/b8/66c3db3b7abbfef370f656725d696aec0db5b82ace51532844eb5fbcef06/Adafruit_Blinka-8.16.1-py3-none-any.whl (from https://pypi.org/simple/adafruit-blinka/) (requires-python:>=3.7.0), version: 8.16.1
2026-04-17T16:15:31,421   Found link https://files.pythonhosted.org/packages/97/db/7efbf181122d1cabb13e0ab11d684e269370652e9a331ff59c3957bc2d5a/Adafruit-Blinka-8.17.0.tar.gz (from https://pypi.org/simple/adafruit-blinka/) (requires-python:>=3.7.0), version: 8.17.0
2026-04-17T16:15:31,421   Found link https://files.pythonhosted.org/packages/44/98/73c39abe526ce8d5d1cfe4f75d359b5e360e56188dbaac1d38ca1276bb6d/Adafruit_Blinka-8.17.0-py3-none-any.whl (from https://pypi.org/simple/adafruit-blinka/) (requires-python:>=3.7.0), version: 8.17.0
2026-04-17T16:15:31,421   Found link https://files.pythonhosted.org/packages/84/b2/e511420af390f72be4e49e30687625485181002a4b312e41ef09385fe607/Adafruit-Blinka-8.18.0.tar.gz (from https://pypi.org/simple/adafruit-blinka/) (requires-python:>=3.7.0), version: 8.18.0
2026-04-17T16:15:31,421   Found link https://files.pythonhosted.org/packages/73/46/033334e0d7838cf9033ecafa448ea5b7661b606c404ce8cf6095d7ab0e92/Adafruit_Blinka-8.18.0-py3-none-any.whl (from https://pypi.org/simple/adafruit-blinka/) (requires-python:>=3.7.0), version: 8.18.0
2026-04-17T16:15:31,421   Found link https://files.pythonhosted.org/packages/b8/e3/435665cd40a9d007d4dd0e31e494418d413395ac3951a671ceae66291b1e/Adafruit-Blinka-8.18.1.tar.gz (from https://pypi.org/simple/adafruit-blinka/) (requires-python:>=3.7.0), version: 8.18.1
2026-04-17T16:15:31,421   Found link https://files.pythonhosted.org/packages/23/f4/ee50246f97a6e8ab854f2d8cf5e346aa59a2e6f2a503939a1af163602c0a/Adafruit_Blinka-8.18.1-py3-none-any.whl (from https://pypi.org/simple/adafruit-blinka/) (requires-python:>=3.7.0), version: 8.18.1
2026-04-17T16:15:31,421   Found link https://files.pythonhosted.org/packages/28/8f/b28faaa74cbb3882db048fe90cc09272ce00b90a7a84c4609b1a77ed1a59/Adafruit-Blinka-8.19.0.tar.gz (from https://pypi.org/simple/adafruit-blinka/) (requires-python:>=3.7.0), version: 8.19.0
2026-04-17T16:15:31,421   Found link https://files.pythonhosted.org/packages/70/23/0bbe85904b13a2fc6e1d486855d78915a9761fc1a3c9a2047d304a47e60d/Adafruit_Blinka-8.19.0-py3-none-any.whl (from https://pypi.org/simple/adafruit-blinka/) (requires-python:>=3.7.0), version: 8.19.0
2026-04-17T16:15:31,421   Found link https://files.pythonhosted.org/packages/4d/42/8b0798116e36b6d28fdfc1d3d86c8672735884378d04c8c06674abba0d00/Adafruit-Blinka-8.20.0.tar.gz (from https://pypi.org/simple/adafruit-blinka/) (requires-python:>=3.7.0), version: 8.20.0
2026-04-17T16:15:31,421   Found link https://files.pythonhosted.org/packages/0a/40/7fc7ad23e590d45b903ea79558b56f20ba50229a8f20f8c79a97366f247f/Adafruit_Blinka-8.20.0-py3-none-any.whl (from https://pypi.org/simple/adafruit-blinka/) (requires-python:>=3.7.0), version: 8.20.0
2026-04-17T16:15:31,422   Found link https://files.pythonhosted.org/packages/e0/63/3e67e8817558773256a454f569d5a74c5cc5cee2403e86a54970f1ab7844/Adafruit-Blinka-8.20.1.tar.gz (from https://pypi.org/simple/adafruit-blinka/) (requires-python:>=3.7.0), version: 8.20.1
2026-04-17T16:15:31,422   Found link https://files.pythonhosted.org/packages/f3/fd/0331cfff7649c58caac5afb528b5757cd94edc35744f19430f32b1c1416a/Adafruit_Blinka-8.20.1-py3-none-any.whl (from https://pypi.org/simple/adafruit-blinka/) (requires-python:>=3.7.0), version: 8.20.1
2026-04-17T16:15:31,422   Found link https://files.pythonhosted.org/packages/7f/f6/f16dbe6dbecbeec2f25400321df8aebe14f4d0314e36b00a341b6294027f/Adafruit-Blinka-8.21.0.tar.gz (from https://pypi.org/simple/adafruit-blinka/) (requires-python:>=3.7.0), version: 8.21.0
2026-04-17T16:15:31,422   Found link https://files.pythonhosted.org/packages/22/f9/f7f495383d44655592c528a4662308b576b809f50794b187d871c9e241e0/Adafruit_Blinka-8.21.0-py3-none-any.whl (from https://pypi.org/simple/adafruit-blinka/) (requires-python:>=3.7.0), version: 8.21.0
2026-04-17T16:15:31,422   Found link https://files.pythonhosted.org/packages/b3/30/3753537ffdb317f2da0401996daf012ff8eeff0b57f344ad0097272af1c7/Adafruit-Blinka-8.22.0.tar.gz (from https://pypi.org/simple/adafruit-blinka/) (requires-python:>=3.7.0), version: 8.22.0
2026-04-17T16:15:31,422   Found link https://files.pythonhosted.org/packages/08/65/a8a581ef284ec9e05a0514c9060840ecc39a9f91e8b9c62a366d454fec4e/Adafruit_Blinka-8.22.0-py3-none-any.whl (from https://pypi.org/simple/adafruit-blinka/) (requires-python:>=3.7.0), version: 8.22.0
2026-04-17T16:15:31,422   Found link https://files.pythonhosted.org/packages/55/8e/b439b499076d52b1971d7dd5fd3e69e237e3665c3d53a93faeb904d576aa/Adafruit-Blinka-8.22.1.tar.gz (from https://pypi.org/simple/adafruit-blinka/) (requires-python:>=3.7.0), version: 8.22.1
2026-04-17T16:15:31,422   Found link https://files.pythonhosted.org/packages/88/b7/1951449049d29048891dbf7719074280f0377c40a480c1271e478e3da5cd/Adafruit_Blinka-8.22.1-py3-none-any.whl (from https://pypi.org/simple/adafruit-blinka/) (requires-python:>=3.7.0), version: 8.22.1
2026-04-17T16:15:31,422   Found link https://files.pythonhosted.org/packages/7d/13/6b82de43cf804657f1cc31ee446bcf1713c323ed7c4c9239fa7dbc7695cd/Adafruit-Blinka-8.22.2.tar.gz (from https://pypi.org/simple/adafruit-blinka/) (requires-python:>=3.7.0), version: 8.22.2
2026-04-17T16:15:31,422   Found link https://files.pythonhosted.org/packages/12/68/b866b2dc76401cd96dc6a0b1344c9d318a5c6931cbabeb7bd619a12f42f9/Adafruit_Blinka-8.22.2-py3-none-any.whl (from https://pypi.org/simple/adafruit-blinka/) (requires-python:>=3.7.0), version: 8.22.2
2026-04-17T16:15:31,422   Found link https://files.pythonhosted.org/packages/03/bb/febd0b2d163e79551747805581be138672ffe3b7331c95f922a82eb46b91/Adafruit-Blinka-8.22.3.tar.gz (from https://pypi.org/simple/adafruit-blinka/) (requires-python:>=3.7.0), version: 8.22.3
2026-04-17T16:15:31,422   Found link https://files.pythonhosted.org/packages/c8/36/9a95a5a14731b2bca4f0a2d47020c44e943a917c1f4137f6e85bad9d7b3f/Adafruit_Blinka-8.22.3-py3-none-any.whl (from https://pypi.org/simple/adafruit-blinka/) (requires-python:>=3.7.0), version: 8.22.3
2026-04-17T16:15:31,422   Found link https://files.pythonhosted.org/packages/ae/fc/b45df9236f9229cb2b8a061c5e1fd4949f1682da01efe067c86b4caa207d/Adafruit-Blinka-8.22.4.tar.gz (from https://pypi.org/simple/adafruit-blinka/) (requires-python:>=3.7.0), version: 8.22.4
2026-04-17T16:15:31,422   Found link https://files.pythonhosted.org/packages/b2/c8/b22a39565172fd3a499225bcea899a64f492af6aa6dbba0b7824f95bb98e/Adafruit_Blinka-8.22.4-py3-none-any.whl (from https://pypi.org/simple/adafruit-blinka/) (requires-python:>=3.7.0), version: 8.22.4
2026-04-17T16:15:31,422   Found link https://files.pythonhosted.org/packages/31/7f/73f807de16bc6a5bc40bc024bf9937cb9c1fdde462a093612e253f54e949/Adafruit-Blinka-8.23.0.tar.gz (from https://pypi.org/simple/adafruit-blinka/) (requires-python:>=3.7.0), version: 8.23.0
2026-04-17T16:15:31,422   Found link https://files.pythonhosted.org/packages/ff/5e/5642b75fec45c2a7d6e170a8a936a7a1abccc19074afff86b011328916b7/Adafruit_Blinka-8.23.0-py3-none-any.whl (from https://pypi.org/simple/adafruit-blinka/) (requires-python:>=3.7.0), version: 8.23.0
2026-04-17T16:15:31,422   Found link https://files.pythonhosted.org/packages/e3/87/b7f484b4e750b20058405cc1e5705f2fa8220360419ccd893fb8577cc188/Adafruit-Blinka-8.24.0.tar.gz (from https://pypi.org/simple/adafruit-blinka/) (requires-python:>=3.7.0), version: 8.24.0
2026-04-17T16:15:31,422   Found link https://files.pythonhosted.org/packages/f1/7b/67b29370f281b9f563411f48245e4e231b1040d971850f4000869527ed24/Adafruit_Blinka-8.24.0-py3-none-any.whl (from https://pypi.org/simple/adafruit-blinka/) (requires-python:>=3.7.0), version: 8.24.0
2026-04-17T16:15:31,422   Found link https://files.pythonhosted.org/packages/33/2f/889c3a970bc6b46c31cab04360a8f2c7b669088359fe50ed873010aae254/Adafruit-Blinka-8.25.0.tar.gz (from https://pypi.org/simple/adafruit-blinka/) (requires-python:>=3.7.0), version: 8.25.0
2026-04-17T16:15:31,422   Found link https://files.pythonhosted.org/packages/6e/12/e0a735396dc0841efb56018715ec6161ee66b801c45234279c9c590ca9cd/Adafruit_Blinka-8.25.0-py3-none-any.whl (from https://pypi.org/simple/adafruit-blinka/) (requires-python:>=3.7.0), version: 8.25.0
2026-04-17T16:15:31,423   Found link https://files.pythonhosted.org/packages/69/e8/7983f2120e1e13709e051e65855c8ee66aa0cfd1c8c729b01c10eb992307/Adafruit-Blinka-8.26.0.tar.gz (from https://pypi.org/simple/adafruit-blinka/) (requires-python:>=3.7.0), version: 8.26.0
2026-04-17T16:15:31,423   Found link https://files.pythonhosted.org/packages/66/b7/0ee1b218d9c26cbb16f82e9a3a7240cdcb5199a5c7948f6b7639d56ffc73/Adafruit_Blinka-8.26.0-py3-none-any.whl (from https://pypi.org/simple/adafruit-blinka/) (requires-python:>=3.7.0), version: 8.26.0
2026-04-17T16:15:31,423   Found link https://files.pythonhosted.org/packages/e5/b1/4039acfcd63abbbc237d60ecf5f997d412d2f045ff69e3ee890c9041f65f/Adafruit-Blinka-8.27.0.tar.gz (from https://pypi.org/simple/adafruit-blinka/) (requires-python:>=3.7.0), version: 8.27.0
2026-04-17T16:15:31,423   Found link https://files.pythonhosted.org/packages/c3/f8/40b35d52dbfaf5d29b77b621f80a0e2ad921b0d8a0352185e61750c4ffe7/Adafruit_Blinka-8.27.0-py3-none-any.whl (from https://pypi.org/simple/adafruit-blinka/) (requires-python:>=3.7.0), version: 8.27.0
2026-04-17T16:15:31,423   Found link https://files.pythonhosted.org/packages/95/a8/58cba56e181e3914cfc2f6d07fa882b60435b62442ecc7c29a31c49ba8da/Adafruit-Blinka-8.28.0.tar.gz (from https://pypi.org/simple/adafruit-blinka/) (requires-python:>=3.7.0), version: 8.28.0
2026-04-17T16:15:31,423   Found link https://files.pythonhosted.org/packages/27/80/41b23c4925f2d0100d12d0396ace9e021a8db3a4f7776ea46dbad598b858/Adafruit_Blinka-8.28.0-py3-none-any.whl (from https://pypi.org/simple/adafruit-blinka/) (requires-python:>=3.7.0), version: 8.28.0
2026-04-17T16:15:31,423   Found link https://files.pythonhosted.org/packages/4f/94/854c145758ec5e3ccf0ac6facc5dc174f10e2ac46111b8c1ebe1066a1502/Adafruit-Blinka-8.28.1.tar.gz (from https://pypi.org/simple/adafruit-blinka/) (requires-python:>=3.7.0), version: 8.28.1
2026-04-17T16:15:31,423   Found link https://files.pythonhosted.org/packages/56/34/6518de8b2bbdab4caa14da08aab1c1c1042d613a5cdf62c2d2ba142dc5be/Adafruit_Blinka-8.28.1-py3-none-any.whl (from https://pypi.org/simple/adafruit-blinka/) (requires-python:>=3.7.0), version: 8.28.1
2026-04-17T16:15:31,423   Found link https://files.pythonhosted.org/packages/1a/d2/e0708311e3b415e12235a1b5fc0d61d4c5d71d04135fca4ae3dc37d297f5/Adafruit-Blinka-8.29.0.tar.gz (from https://pypi.org/simple/adafruit-blinka/) (requires-python:>=3.7.0), version: 8.29.0
2026-04-17T16:15:31,423   Found link https://files.pythonhosted.org/packages/6e/51/8ef3acbdee3a8f23a6e0879e095b48e1342b620207cd90527a51f8d5411a/Adafruit_Blinka-8.29.0-py3-none-any.whl (from https://pypi.org/simple/adafruit-blinka/) (requires-python:>=3.7.0), version: 8.29.0
2026-04-17T16:15:31,423   Found link https://files.pythonhosted.org/packages/f1/2a/2cc8fce7313e6b6547d5652dde99024b8e3f60d9703cf3fd17187bb7f494/Adafruit-Blinka-8.30.0.tar.gz (from https://pypi.org/simple/adafruit-blinka/) (requires-python:>=3.7.0), version: 8.30.0
2026-04-17T16:15:31,423   Found link https://files.pythonhosted.org/packages/09/ac/8a8b6d35b71ee1e8872df295d30470b55db568ba6e080f2df830feddbed6/Adafruit_Blinka-8.30.0-py3-none-any.whl (from https://pypi.org/simple/adafruit-blinka/) (requires-python:>=3.7.0), version: 8.30.0
2026-04-17T16:15:31,423   Found link https://files.pythonhosted.org/packages/74/ed/e51689be726338ba16f2a88373ad4690702c5ddf8668be1b0289cb279840/Adafruit-Blinka-8.31.0.tar.gz (from https://pypi.org/simple/adafruit-blinka/) (requires-python:>=3.7.0), version: 8.31.0
2026-04-17T16:15:31,423   Found link https://files.pythonhosted.org/packages/d3/9b/fb8d5b7c75df8da4451dffc057ab86527ffb3a7196c91f1d61ac79fac9ba/Adafruit_Blinka-8.31.0-py3-none-any.whl (from https://pypi.org/simple/adafruit-blinka/) (requires-python:>=3.7.0), version: 8.31.0
2026-04-17T16:15:31,423   Found link https://files.pythonhosted.org/packages/1c/ef/e09d38ab9f07ab18233dabbe37294a37249782f4ef4840f99fe1bcdc5d07/Adafruit-Blinka-8.32.0.tar.gz (from https://pypi.org/simple/adafruit-blinka/) (requires-python:>=3.7.0), version: 8.32.0
2026-04-17T16:15:31,423   Found link https://files.pythonhosted.org/packages/58/a3/15fb1ca1550de6f06673ea18046ad208e834f928b3cbb78e54cedad2c152/Adafruit_Blinka-8.32.0-py3-none-any.whl (from https://pypi.org/simple/adafruit-blinka/) (requires-python:>=3.7.0), version: 8.32.0
2026-04-17T16:15:31,423   Found link https://files.pythonhosted.org/packages/6b/9a/dd59db4bd7348da461324fe726e99df01301e83dc322b7bb19a949b37ac7/Adafruit-Blinka-8.33.0.tar.gz (from https://pypi.org/simple/adafruit-blinka/) (requires-python:>=3.7.0), version: 8.33.0
2026-04-17T16:15:31,423   Found link https://files.pythonhosted.org/packages/48/74/fe301db3ccc792037aac96788e7af592f85a212b53ff9bb538fc67805e80/Adafruit_Blinka-8.33.0-py3-none-any.whl (from https://pypi.org/simple/adafruit-blinka/) (requires-python:>=3.7.0), version: 8.33.0
2026-04-17T16:15:31,423   Found link https://files.pythonhosted.org/packages/58/3e/cd656c395dbda6cca3b33e16604d1d3f9868fecb3d381d200f6599311adf/Adafruit-Blinka-8.34.0.tar.gz (from https://pypi.org/simple/adafruit-blinka/) (requires-python:>=3.7.0), version: 8.34.0
2026-04-17T16:15:31,423   Found link https://files.pythonhosted.org/packages/64/1c/05b9d970b7f3598a92b7c99eafd2cc5666cf851b1dce97c38ed4c2a78963/Adafruit_Blinka-8.34.0-py3-none-any.whl (from https://pypi.org/simple/adafruit-blinka/) (requires-python:>=3.7.0), version: 8.34.0
2026-04-17T16:15:31,423   Found link https://files.pythonhosted.org/packages/0c/62/9e90aca1ae6ee8cacba9bb62fb5cac8aca71325133282cb672fa70d0818e/Adafruit-Blinka-8.35.0.tar.gz (from https://pypi.org/simple/adafruit-blinka/) (requires-python:>=3.7.0), version: 8.35.0
2026-04-17T16:15:31,424   Found link https://files.pythonhosted.org/packages/55/51/4e5befceb8c46aa9123fc6b182b1730d629979d8a5e0b19432761cdb42c8/Adafruit_Blinka-8.35.0-py3-none-any.whl (from https://pypi.org/simple/adafruit-blinka/) (requires-python:>=3.7.0), version: 8.35.0
2026-04-17T16:15:31,424   Found link https://files.pythonhosted.org/packages/b3/65/4abeb00014aae78ad31911fcc6f9e496cf473c782aaa8e2f42176b56448a/Adafruit-Blinka-8.36.0.tar.gz (from https://pypi.org/simple/adafruit-blinka/) (requires-python:>=3.7.0), version: 8.36.0
2026-04-17T16:15:31,424   Found link https://files.pythonhosted.org/packages/95/92/8c4253d3b96e84108775c19e5b6ab2153255accc886da090798e27817f38/Adafruit_Blinka-8.36.0-py3-none-any.whl (from https://pypi.org/simple/adafruit-blinka/) (requires-python:>=3.7.0), version: 8.36.0
2026-04-17T16:15:31,424   Found link https://files.pythonhosted.org/packages/a0/6e/1940440c9a24763b7298f7e34014d4554fb38c30dd6fbc9748c47a9a0603/Adafruit-Blinka-8.37.0.tar.gz (from https://pypi.org/simple/adafruit-blinka/) (requires-python:>=3.7.0), version: 8.37.0
2026-04-17T16:15:31,424   Found link https://files.pythonhosted.org/packages/6f/45/f778f39bc81283b4b0006981eb23c465b67475c21ebd0a7e33922754f147/Adafruit_Blinka-8.37.0-py3-none-any.whl (from https://pypi.org/simple/adafruit-blinka/) (requires-python:>=3.7.0), version: 8.37.0
2026-04-17T16:15:31,424   Found link https://files.pythonhosted.org/packages/85/8d/b7b0875aee9d1504f8964938b6cf61bedf52ca29b3d78c26f06c1fec4c3c/Adafruit-Blinka-8.38.0.tar.gz (from https://pypi.org/simple/adafruit-blinka/) (requires-python:>=3.7.0), version: 8.38.0
2026-04-17T16:15:31,424   Found link https://files.pythonhosted.org/packages/98/71/1604987d318c994a8fb86e34556cd2ae3a63de0f9682307b8613b1a3fb8f/Adafruit_Blinka-8.38.0-py3-none-any.whl (from https://pypi.org/simple/adafruit-blinka/) (requires-python:>=3.7.0), version: 8.38.0
2026-04-17T16:15:31,424   Found link https://files.pythonhosted.org/packages/fa/2f/72c251494a2119945fe8b8e0aafe00cee66849cfa86c6fdcde814b89883a/Adafruit-Blinka-8.39.0.tar.gz (from https://pypi.org/simple/adafruit-blinka/) (requires-python:>=3.7.0), version: 8.39.0
2026-04-17T16:15:31,424   Found link https://files.pythonhosted.org/packages/19/04/0a7953a2ca7e6907341377b289f1237bae76b70b646b862b8d1ce0c04030/Adafruit_Blinka-8.39.0-py3-none-any.whl (from https://pypi.org/simple/adafruit-blinka/) (requires-python:>=3.7.0), version: 8.39.0
2026-04-17T16:15:31,424   Found link https://files.pythonhosted.org/packages/45/85/119ff75eaba70fb7f83b713366d9d7d075436bdf521a5075981f765c605b/Adafruit-Blinka-8.39.1.tar.gz (from https://pypi.org/simple/adafruit-blinka/) (requires-python:>=3.7.0), version: 8.39.1
2026-04-17T16:15:31,424   Found link https://files.pythonhosted.org/packages/47/a9/6f8f60f6e4d79bb7d52bdf9afff930219407be5ef73fd49d134130dcca38/Adafruit_Blinka-8.39.1-py3-none-any.whl (from https://pypi.org/simple/adafruit-blinka/) (requires-python:>=3.7.0), version: 8.39.1
2026-04-17T16:15:31,424   Found link https://files.pythonhosted.org/packages/84/d9/58f1871d79a15668c42ff410fc358a7bfe903cedecc757ad7d7181ae28d6/Adafruit_Blinka-8.39.2-py3-none-any.whl (from https://pypi.org/simple/adafruit-blinka/) (requires-python:>=3.7.0), version: 8.39.2
2026-04-17T16:15:31,424   Found link https://files.pythonhosted.org/packages/63/7c/9842487afc1cf61e56cf510234c343e67b9d3a803608d711f9650a60498a/adafruit_blinka-8.39.2.tar.gz (from https://pypi.org/simple/adafruit-blinka/) (requires-python:>=3.7.0), version: 8.39.2
2026-04-17T16:15:31,424   Found link https://files.pythonhosted.org/packages/31/f2/b872a981f94428898a2dbaa44d5011fa2d61aeca86aea3cfa0a6f83ee004/Adafruit_Blinka-8.40.0-py3-none-any.whl (from https://pypi.org/simple/adafruit-blinka/) (requires-python:>=3.7.0), version: 8.40.0
2026-04-17T16:15:31,424   Found link https://files.pythonhosted.org/packages/76/3b/746fbcfe7698ffd9234d8d58cfc099619368f4695f5409e276b427d86b64/adafruit_blinka-8.40.0.tar.gz (from https://pypi.org/simple/adafruit-blinka/) (requires-python:>=3.7.0), version: 8.40.0
2026-04-17T16:15:31,424   Found link https://files.pythonhosted.org/packages/26/f9/058dcdcd1cf80141e7b4dd5c039819c5bafd2b6e4f1804175b0d3a25dd93/Adafruit_Blinka-8.40.1-py3-none-any.whl (from https://pypi.org/simple/adafruit-blinka/) (requires-python:>=3.7.0), version: 8.40.1
2026-04-17T16:15:31,424   Found link https://files.pythonhosted.org/packages/d2/0f/1aa1f3cb83a7ff91d34b201453a6006b6543331d0262e95a9f938ae63e46/adafruit_blinka-8.40.1.tar.gz (from https://pypi.org/simple/adafruit-blinka/) (requires-python:>=3.7.0), version: 8.40.1
2026-04-17T16:15:31,424   Found link https://files.pythonhosted.org/packages/f1/da/9975874c47a5cb35335af5b5bb7bedfe64dcb464c419da98e0a5e90f1fd5/Adafruit_Blinka-8.41.0-py3-none-any.whl (from https://pypi.org/simple/adafruit-blinka/) (requires-python:>=3.7.0), version: 8.41.0
2026-04-17T16:15:31,424   Found link https://files.pythonhosted.org/packages/c2/c4/eb5267b0efc59b7aac72c42f19260ffb37f11fe830b23a8573f3d11be710/adafruit_blinka-8.41.0.tar.gz (from https://pypi.org/simple/adafruit-blinka/) (requires-python:>=3.7.0), version: 8.41.0
2026-04-17T16:15:31,425   Found link https://files.pythonhosted.org/packages/70/8d/eebb320eb9015b6bbb83801277f9b9c8f886abf75edecedab8fda540202f/Adafruit_Blinka-8.41.1-py3-none-any.whl (from https://pypi.org/simple/adafruit-blinka/) (requires-python:>=3.7.0), version: 8.41.1
2026-04-17T16:15:31,425   Found link https://files.pythonhosted.org/packages/31/79/736d89e8abfa648c3362a5679c2069d0f7c5d15c7b66fe0c179c8a30315d/adafruit_blinka-8.41.1.tar.gz (from https://pypi.org/simple/adafruit-blinka/) (requires-python:>=3.7.0), version: 8.41.1
2026-04-17T16:15:31,425   Found link https://files.pythonhosted.org/packages/24/fc/8f13836778cb33fee7779c8897ef86559babdcdfb4e548c2ae2ae279794a/Adafruit_Blinka-8.41.2-py3-none-any.whl (from https://pypi.org/simple/adafruit-blinka/) (requires-python:>=3.7.0), version: 8.41.2
2026-04-17T16:15:31,425   Found link https://files.pythonhosted.org/packages/f6/91/0275df60cc6e0ece3a7edf8a35cfa0b520cd0be9c07078e092aafd9d5403/adafruit_blinka-8.41.2.tar.gz (from https://pypi.org/simple/adafruit-blinka/) (requires-python:>=3.7.0), version: 8.41.2
2026-04-17T16:15:31,425   Found link https://files.pythonhosted.org/packages/17/6b/01569a98e9c9579dc8d69b3c098695f3d5a5a03c0693f05d38b35aa4e99e/Adafruit_Blinka-8.42.0-py3-none-any.whl (from https://pypi.org/simple/adafruit-blinka/) (requires-python:>=3.7.0), version: 8.42.0
2026-04-17T16:15:31,425   Found link https://files.pythonhosted.org/packages/8c/c2/c99a5f856d11c897bd80c8891151473c80d09dbfddcd169bb82f342a3867/adafruit_blinka-8.42.0.tar.gz (from https://pypi.org/simple/adafruit-blinka/) (requires-python:>=3.7.0), version: 8.42.0
2026-04-17T16:15:31,425   Found link https://files.pythonhosted.org/packages/4d/9c/36759f45fedf788795b186fb21f97bdadaa39f73f8c875cf4c104bfbd483/Adafruit_Blinka-8.42.1-py3-none-any.whl (from https://pypi.org/simple/adafruit-blinka/) (requires-python:>=3.7.0), version: 8.42.1
2026-04-17T16:15:31,425   Found link https://files.pythonhosted.org/packages/10/16/043f13b50617985d42fc5b28da2837c9c770cd26cfb5fdcf67354680bc70/adafruit_blinka-8.42.1.tar.gz (from https://pypi.org/simple/adafruit-blinka/) (requires-python:>=3.7.0), version: 8.42.1
2026-04-17T16:15:31,425   Found link https://files.pythonhosted.org/packages/c8/d2/3dc6e9c528750e6824b678c1ea5e22d7a187a9c9481bdb5a3df1bf9777c5/Adafruit_Blinka-8.43.0-py3-none-any.whl (from https://pypi.org/simple/adafruit-blinka/) (requires-python:>=3.7.0), version: 8.43.0
2026-04-17T16:15:31,425   Found link https://files.pythonhosted.org/packages/f8/51/2012e51b29bc7e196d91b0cc2e3f7146129859a4377dbe8f06d63a69ee3d/adafruit_blinka-8.43.0.tar.gz (from https://pypi.org/simple/adafruit-blinka/) (requires-python:>=3.7.0), version: 8.43.0
2026-04-17T16:15:31,425   Found link https://files.pythonhosted.org/packages/50/d0/ef875bb794370b997d81b35745292dceaaddc5279b3c92746abe19714d7a/Adafruit_Blinka-8.44.0-py3-none-any.whl (from https://pypi.org/simple/adafruit-blinka/) (requires-python:>=3.7.0), version: 8.44.0
2026-04-17T16:15:31,425   Found link https://files.pythonhosted.org/packages/5f/c1/29d247371e81df007983c2f5fb01924d88f561cff08edea61316f2e1e940/adafruit_blinka-8.44.0.tar.gz (from https://pypi.org/simple/adafruit-blinka/) (requires-python:>=3.7.0), version: 8.44.0
2026-04-17T16:15:31,425   Found link https://files.pythonhosted.org/packages/10/43/25463d9b02c80e6ee544f29247fc25bfa28c80ea792c267ddde9553397ba/Adafruit_Blinka-8.44.1-py3-none-any.whl (from https://pypi.org/simple/adafruit-blinka/) (requires-python:>=3.7.0), version: 8.44.1
2026-04-17T16:15:31,425   Found link https://files.pythonhosted.org/packages/10/4b/74d190e868d138130b0a0e672bb2c574dd921e932d192b52b1a05f9eedb8/adafruit_blinka-8.44.1.tar.gz (from https://pypi.org/simple/adafruit-blinka/) (requires-python:>=3.7.0), version: 8.44.1
2026-04-17T16:15:31,425   Found link https://files.pythonhosted.org/packages/9a/a5/9e9fbbb68fe29c606a77f475f57ee29f1c18b17824c90e7617d19149dd6b/Adafruit_Blinka-8.44.2-py3-none-any.whl (from https://pypi.org/simple/adafruit-blinka/) (requires-python:>=3.7.0), version: 8.44.2
2026-04-17T16:15:31,426   Found link https://files.pythonhosted.org/packages/1b/ea/20758047b2d0e770ed72726328c4fc25f4873a02966dc631d5c23552c7de/adafruit_blinka-8.44.2.tar.gz (from https://pypi.org/simple/adafruit-blinka/) (requires-python:>=3.7.0), version: 8.44.2
2026-04-17T16:15:31,426   Found link https://files.pythonhosted.org/packages/f5/01/dee32335157b4ecb9761ad9ad10c62def379d8be7d871b6968424d765d0f/Adafruit_Blinka-8.44.3-py3-none-any.whl (from https://pypi.org/simple/adafruit-blinka/) (requires-python:>=3.7.0), version: 8.44.3
2026-04-17T16:15:31,426   Found link https://files.pythonhosted.org/packages/f7/5a/ace436f17fa5cb1f254c3c0a24f7cb69508434dac5e72b3f3fdf95767522/adafruit_blinka-8.44.3.tar.gz (from https://pypi.org/simple/adafruit-blinka/) (requires-python:>=3.7.0), version: 8.44.3
2026-04-17T16:15:31,426   Found link https://files.pythonhosted.org/packages/fb/ea/d47b18ce5ce44dd8c47c3edb543c792297e9d679236d891f62cc12a9934b/Adafruit_Blinka-8.44.4-py3-none-any.whl (from https://pypi.org/simple/adafruit-blinka/) (requires-python:>=3.7.0), version: 8.44.4
2026-04-17T16:15:31,426   Found link https://files.pythonhosted.org/packages/93/46/fef222067f43f333ada4e4fa75e82f6e1c8f2f69aca00e8d561915626e01/adafruit_blinka-8.44.4.tar.gz (from https://pypi.org/simple/adafruit-blinka/) (requires-python:>=3.7.0), version: 8.44.4
2026-04-17T16:15:31,426   Found link https://files.pythonhosted.org/packages/1b/7f/45b488a117767efcc1554f9654a82dd2399582a029a8cd54c94cc3757306/adafruit_blinka-8.45.0.tar.gz (from https://pypi.org/simple/adafruit-blinka/) (requires-python:>=3.7.0), version: 8.45.0
2026-04-17T16:15:31,426   Found link https://files.pythonhosted.org/packages/af/fd/835fb578814840ef89ae11465c9d2c6bb6f94194591144ef3858710f5d5d/Adafruit_Blinka-8.45.1-py3-none-any.whl (from https://pypi.org/simple/adafruit-blinka/) (requires-python:>=3.7.0), version: 8.45.1
2026-04-17T16:15:31,426   Found link https://files.pythonhosted.org/packages/d3/c0/96d5a78ac39873dbfe9767ddc91c8fe5b684ce935d58586bc7580382c41a/adafruit_blinka-8.45.1.tar.gz (from https://pypi.org/simple/adafruit-blinka/) (requires-python:>=3.7.0), version: 8.45.1
2026-04-17T16:15:31,426   Found link https://files.pythonhosted.org/packages/55/80/c8f54c34eb184526116c2fb38a812c5de488ac4ec17c5e16015ffc507f7a/Adafruit_Blinka-8.45.2-py3-none-any.whl (from https://pypi.org/simple/adafruit-blinka/) (requires-python:>=3.7.0), version: 8.45.2
2026-04-17T16:15:31,426   Found link https://files.pythonhosted.org/packages/47/f9/2886df219db79545f90438c666acc7d74040ed234cffc6a86b7180619fb3/adafruit_blinka-8.45.2.tar.gz (from https://pypi.org/simple/adafruit-blinka/) (requires-python:>=3.7.0), version: 8.45.2
2026-04-17T16:15:31,426   Found link https://files.pythonhosted.org/packages/b9/a2/0e7295932f4f12748e1f347568bb7db7286229467630cbf73ca0c57c7578/Adafruit_Blinka-8.46.0-py3-none-any.whl (from https://pypi.org/simple/adafruit-blinka/) (requires-python:>=3.7.0), version: 8.46.0
2026-04-17T16:15:31,426   Found link https://files.pythonhosted.org/packages/08/24/b289019ada011c660f5612a515211388ba78e12dc640d9051ce919530c46/adafruit_blinka-8.46.0.tar.gz (from https://pypi.org/simple/adafruit-blinka/) (requires-python:>=3.7.0), version: 8.46.0
2026-04-17T16:15:31,426   Found link https://files.pythonhosted.org/packages/02/3c/33b31d32b232c624709edc6e781fcc3e07cfbe02cb8ee72c1d52917f8865/Adafruit_Blinka-8.46.1-py3-none-any.whl (from https://pypi.org/simple/adafruit-blinka/) (requires-python:>=3.7.0), version: 8.46.1
2026-04-17T16:15:31,426   Found link https://files.pythonhosted.org/packages/76/8f/31087d3500f232f630386573c2d6bf4da20ddeef018155f8eb885a9ebefd/adafruit_blinka-8.46.1.tar.gz (from https://pypi.org/simple/adafruit-blinka/) (requires-python:>=3.7.0), version: 8.46.1
2026-04-17T16:15:31,426   Found link https://files.pythonhosted.org/packages/78/4e/e8b8e81c345b7e3a3aa184faeb882188e859154aac7fcb7d0e1dda3c9edc/Adafruit_Blinka-8.47.0-py3-none-any.whl (from https://pypi.org/simple/adafruit-blinka/) (requires-python:>=3.7.0), version: 8.47.0
2026-04-17T16:15:31,426   Found link https://files.pythonhosted.org/packages/4a/30/84193a19683732387ec5f40661b589fcee29e0ab47c1e7dee36fb92efe9b/adafruit_blinka-8.47.0.tar.gz (from https://pypi.org/simple/adafruit-blinka/) (requires-python:>=3.7.0), version: 8.47.0
2026-04-17T16:15:31,426   Found link https://files.pythonhosted.org/packages/ae/95/8cdf14964ac76fff498bc541b39a93bd004e5092d051dfdcc6242ebb66c2/Adafruit_Blinka-8.48.0-py3-none-any.whl (from https://pypi.org/simple/adafruit-blinka/) (requires-python:>=3.7.0), version: 8.48.0
2026-04-17T16:15:31,426   Found link https://files.pythonhosted.org/packages/06/d4/1bdc5c541eb454ca108c6c73f1ddd5d3ee5b3c45f9b724fd7e5140d49fbd/adafruit_blinka-8.48.0.tar.gz (from https://pypi.org/simple/adafruit-blinka/) (requires-python:>=3.7.0), version: 8.48.0
2026-04-17T16:15:31,426   Found link https://files.pythonhosted.org/packages/1c/12/8065baaa0c7689fa3390beef0ad46ac6c52bfcc1b27b05fe093c0fa29599/Adafruit_Blinka-8.49.0-py3-none-any.whl (from https://pypi.org/simple/adafruit-blinka/) (requires-python:>=3.7.0), version: 8.49.0
2026-04-17T16:15:31,426   Found link https://files.pythonhosted.org/packages/c0/74/8744a62d43fe62f598b9a666c6e5f2b38ed39447b805f79a214fcaf0fdb1/adafruit_blinka-8.49.0.tar.gz (from https://pypi.org/simple/adafruit-blinka/) (requires-python:>=3.7.0), version: 8.49.0
2026-04-17T16:15:31,426   Found link https://files.pythonhosted.org/packages/d9/22/035a6d7526388f0fef67725e3d3584c5b2cbd2c1d5a233681f4ec01e6a7e/Adafruit_Blinka-8.50.0-py3-none-any.whl (from https://pypi.org/simple/adafruit-blinka/) (requires-python:>=3.7.0), version: 8.50.0
2026-04-17T16:15:31,427   Found link https://files.pythonhosted.org/packages/a3/61/e849ab2fd7a0a154d30535aa7b4cf11cb9fbcc6a5817cbc1307e509e0b34/adafruit_blinka-8.50.0.tar.gz (from https://pypi.org/simple/adafruit-blinka/) (requires-python:>=3.7.0), version: 8.50.0
2026-04-17T16:15:31,427   Found link https://files.pythonhosted.org/packages/29/78/1325d33bd9bc7270124d1e8315a226e42a7dd195543a78e775be69daa2ed/Adafruit_Blinka-8.51.0-py3-none-any.whl (from https://pypi.org/simple/adafruit-blinka/) (requires-python:>=3.7.0), version: 8.51.0
2026-04-17T16:15:31,427   Found link https://files.pythonhosted.org/packages/2c/5b/5083c60638c3fa3f8307d5d56e724908edc7f29079807d9161837eba5eb0/adafruit_blinka-8.51.0.tar.gz (from https://pypi.org/simple/adafruit-blinka/) (requires-python:>=3.7.0), version: 8.51.0
2026-04-17T16:15:31,427   Found link https://files.pythonhosted.org/packages/e0/00/375ca15df1502ed08d988e62b41fda5dcac9c0a566dd21b19444b6e19a0c/Adafruit_Blinka-8.52.0-py3-none-any.whl (from https://pypi.org/simple/adafruit-blinka/) (requires-python:>=3.7.0), version: 8.52.0
2026-04-17T16:15:31,427   Found link https://files.pythonhosted.org/packages/6c/91/94895e023f5f05b1160121540eec2fd8910a9f066f1ea0e569dac1f7ae91/adafruit_blinka-8.52.0.tar.gz (from https://pypi.org/simple/adafruit-blinka/) (requires-python:>=3.7.0), version: 8.52.0
2026-04-17T16:15:31,427   Found link https://files.pythonhosted.org/packages/59/83/75031ecb9645697bb6ebddda8b60a0512bdf6c0db43b5365053cd2c8654a/Adafruit_Blinka-8.53.0-py3-none-any.whl (from https://pypi.org/simple/adafruit-blinka/) (requires-python:>=3.7.0), version: 8.53.0
2026-04-17T16:15:31,427   Found link https://files.pythonhosted.org/packages/69/61/fbf8d45ad548eebc3c260414a7a1695ed3e8b69175701b6ce4dc584d4d80/adafruit_blinka-8.53.0.tar.gz (from https://pypi.org/simple/adafruit-blinka/) (requires-python:>=3.7.0), version: 8.53.0
2026-04-17T16:15:31,427   Found link https://files.pythonhosted.org/packages/4f/47/fc186df8528ae06626f3f08d669675c2adfe97b866e31015b9e2a2b85485/Adafruit_Blinka-8.54.0-py3-none-any.whl (from https://pypi.org/simple/adafruit-blinka/) (requires-python:>=3.7.0), version: 8.54.0
2026-04-17T16:15:31,427   Found link https://files.pythonhosted.org/packages/69/33/4f5f0074cacbd779fd35936356a40bc515e7b68d934564886f7ab5d21c80/adafruit_blinka-8.54.0.tar.gz (from https://pypi.org/simple/adafruit-blinka/) (requires-python:>=3.7.0), version: 8.54.0
2026-04-17T16:15:31,427   Found link https://files.pythonhosted.org/packages/2d/90/2f97f4f369d901dc0b40e89692c2961eae24bc9234b58cd11847dfd00dbd/adafruit_blinka-8.55.0-py3-none-any.whl (from https://pypi.org/simple/adafruit-blinka/) (requires-python:>=3.7.0), version: 8.55.0
2026-04-17T16:15:31,427   Found link https://files.pythonhosted.org/packages/90/3b/a3ea3d2f0429dcc3feadec90d5ca84bdb5e0268d234da953df2fc6ff9113/adafruit_blinka-8.55.0.tar.gz (from https://pypi.org/simple/adafruit-blinka/) (requires-python:>=3.7.0), version: 8.55.0
2026-04-17T16:15:31,427   Found link https://files.pythonhosted.org/packages/55/7d/60a3e48cbae3b5d3c552af84f04cbcfd925c718f0736c2bd751e306e2f9b/adafruit_blinka-8.56.0-py3-none-any.whl (from https://pypi.org/simple/adafruit-blinka/) (requires-python:>=3.7.0), version: 8.56.0
2026-04-17T16:15:31,427   Found link https://files.pythonhosted.org/packages/a2/01/b9a729272389db23e8397d4d5da0bbc2a87c73483098958022d00bd13c7f/adafruit_blinka-8.56.0.tar.gz (from https://pypi.org/simple/adafruit-blinka/) (requires-python:>=3.7.0), version: 8.56.0
2026-04-17T16:15:31,427   Found link https://files.pythonhosted.org/packages/69/91/0827660228ce1deb44e80739a50ca960b968978e5c469019671348edf1b9/adafruit_blinka-8.57.0-py3-none-any.whl (from https://pypi.org/simple/adafruit-blinka/) (requires-python:>=3.7.0), version: 8.57.0
2026-04-17T16:15:31,427   Found link https://files.pythonhosted.org/packages/c9/26/69782c3ec1140bfd05dd490a21264405210004d542c5d9571540253315f5/adafruit_blinka-8.57.0.tar.gz (from https://pypi.org/simple/adafruit-blinka/) (requires-python:>=3.7.0), version: 8.57.0
2026-04-17T16:15:31,427   Found link https://files.pythonhosted.org/packages/12/58/79e539ac922ed850d445e23384be69990542415a7838a44951a34743b97b/adafruit_blinka-8.58.0-py3-none-any.whl (from https://pypi.org/simple/adafruit-blinka/) (requires-python:>=3.7.0), version: 8.58.0
2026-04-17T16:15:31,427   Found link https://files.pythonhosted.org/packages/28/4d/74962db2cbdb0139080f1d1c70e7cd4452e5ca12f54c0cdeddf39504e67b/adafruit_blinka-8.58.0.tar.gz (from https://pypi.org/simple/adafruit-blinka/) (requires-python:>=3.7.0), version: 8.58.0
2026-04-17T16:15:31,427   Found link https://files.pythonhosted.org/packages/3d/bf/491dee7e7fa9153d6a5a4c4b217fd4edc46e79f7ca731a6e899ff40ade33/adafruit_blinka-8.58.1-py3-none-any.whl (from https://pypi.org/simple/adafruit-blinka/) (requires-python:>=3.7.0), version: 8.58.1
2026-04-17T16:15:31,427   Found link https://files.pythonhosted.org/packages/47/ea/1697fbb6bbeb9e201d11b3e7990035fe29ca18d8d58d7de74fff82cbcc63/adafruit_blinka-8.58.1.tar.gz (from https://pypi.org/simple/adafruit-blinka/) (requires-python:>=3.7.0), version: 8.58.1
2026-04-17T16:15:31,427   Found link https://files.pythonhosted.org/packages/45/10/f8ec9267f12958e7c9ee879dda34383a2c3323d47268dc3e18fb63d6df6d/adafruit_blinka-8.59.0-py3-none-any.whl (from https://pypi.org/simple/adafruit-blinka/) (requires-python:>=3.7.0), version: 8.59.0
2026-04-17T16:15:31,427   Found link https://files.pythonhosted.org/packages/2c/20/00e99d604d40ef23a709570934d8f22bd600ed535ef51c3c8f0b8171326e/adafruit_blinka-8.59.0.tar.gz (from https://pypi.org/simple/adafruit-blinka/) (requires-python:>=3.7.0), version: 8.59.0
2026-04-17T16:15:31,428   Found link https://files.pythonhosted.org/packages/7e/d9/d1be3c9262074dceb1dc13f919bb982c64d2eb369d8674673cbe60117c39/adafruit_blinka-8.60.0-py3-none-any.whl (from https://pypi.org/simple/adafruit-blinka/), version: 8.60.0
2026-04-17T16:15:31,428   Found link https://files.pythonhosted.org/packages/bc/35/793315e536c9adef55ceacb2309af8c6e601ee9f6309257ac80b661da944/adafruit_blinka-8.60.0.tar.gz (from https://pypi.org/simple/adafruit-blinka/), version: 8.60.0
2026-04-17T16:15:31,428   Found link https://files.pythonhosted.org/packages/21/28/a0b913ff0ea90d2a4dad901002fd2065c37429dccf113ec8e5eb5cc3e95f/adafruit_blinka-8.60.1-py3-none-any.whl (from https://pypi.org/simple/adafruit-blinka/), version: 8.60.1
2026-04-17T16:15:31,428   Found link https://files.pythonhosted.org/packages/2c/70/68528f651a279ea19c9074ed510fb9a73c7159942400823836b8a46297ee/adafruit_blinka-8.60.1.tar.gz (from https://pypi.org/simple/adafruit-blinka/), version: 8.60.1
2026-04-17T16:15:31,428   Found link https://files.pythonhosted.org/packages/ed/0d/11bc7c4c52cf331a749b5a2e8e3c1c49e1a772c65befa627265cf88dd6de/adafruit_blinka-8.60.2-py3-none-any.whl (from https://pypi.org/simple/adafruit-blinka/), version: 8.60.2
2026-04-17T16:15:31,428   Found link https://files.pythonhosted.org/packages/de/79/49f191dcb35a1c1455670ea0b545cdea8e2090b2a11c087c25ed0317d728/adafruit_blinka-8.60.2.tar.gz (from https://pypi.org/simple/adafruit-blinka/), version: 8.60.2
2026-04-17T16:15:31,428   Found link https://files.pythonhosted.org/packages/5b/41/0700a963bb808a4c0a9b916a6cd90d73c79fe6a217f07935a920619d3aaa/adafruit_blinka-8.60.3-py3-none-any.whl (from https://pypi.org/simple/adafruit-blinka/), version: 8.60.3
2026-04-17T16:15:31,428   Found link https://files.pythonhosted.org/packages/02/2e/5128fe6f15e4a67a58e5b7181d2f1e25cd19323b5e49d0ed4018e76c0881/adafruit_blinka-8.60.3.tar.gz (from https://pypi.org/simple/adafruit-blinka/), version: 8.60.3
2026-04-17T16:15:31,428   Found link https://files.pythonhosted.org/packages/56/ad/0442fd9919798df236853b1b568c447a30280badde1c867c691ea2a80308/adafruit_blinka-8.60.4-py3-none-any.whl (from https://pypi.org/simple/adafruit-blinka/), version: 8.60.4
2026-04-17T16:15:31,428   Found link https://files.pythonhosted.org/packages/62/7b/f675aecd5464db5ad55202fa1d64a0e6b31ac9fe488707927b4498b3fa1a/adafruit_blinka-8.60.4.tar.gz (from https://pypi.org/simple/adafruit-blinka/), version: 8.60.4
2026-04-17T16:15:31,428   Found link https://files.pythonhosted.org/packages/ac/aa/92604ee768e5d2ef261ab50b0c73334654c7a6d8d07fdb8f75bbd32c4e82/adafruit_blinka-8.61.0-py3-none-any.whl (from https://pypi.org/simple/adafruit-blinka/) (requires-python:>=3.7.0), version: 8.61.0
2026-04-17T16:15:31,428   Found link https://files.pythonhosted.org/packages/6e/43/68c431460eebb8d0daf678f0245704ff52906c1193224d85cb7915c7687c/adafruit_blinka-8.61.0.tar.gz (from https://pypi.org/simple/adafruit-blinka/) (requires-python:>=3.7.0), version: 8.61.0
2026-04-17T16:15:31,428   Found link https://files.pythonhosted.org/packages/a6/9b/67e26e9e6595c1c2f7735dd111b32ee8de08babba530fe25c912523e90fc/adafruit_blinka-8.61.1-py3-none-any.whl (from https://pypi.org/simple/adafruit-blinka/) (requires-python:>=3.7.0), version: 8.61.1
2026-04-17T16:15:31,428   Found link https://files.pythonhosted.org/packages/76/30/ffdb3d90fd5fa1dd9d0abf862cb20a9474633495052925d4131a44c47723/adafruit_blinka-8.61.1.tar.gz (from https://pypi.org/simple/adafruit-blinka/) (requires-python:>=3.7.0), version: 8.61.1
2026-04-17T16:15:31,428   Found link https://files.pythonhosted.org/packages/8b/08/53ac18a25da01665babcd498a01dcd8284527d4876ab93b1e64eacdc1af1/adafruit_blinka-8.61.2-py3-none-any.whl (from https://pypi.org/simple/adafruit-blinka/) (requires-python:>=3.7.0), version: 8.61.2
2026-04-17T16:15:31,428   Found link https://files.pythonhosted.org/packages/0c/de/cb01668d4e06f27f3715f820ff8b555259ebda7d652a1d9170e3e6c791c6/adafruit_blinka-8.61.2.tar.gz (from https://pypi.org/simple/adafruit-blinka/) (requires-python:>=3.7.0), version: 8.61.2
2026-04-17T16:15:31,428   Found link https://files.pythonhosted.org/packages/89/a8/fa70af6c9d6bfb9d2688f4610a33719f56a3419e9a1f69aa2dae299007f8/adafruit_blinka-8.62.0-py3-none-any.whl (from https://pypi.org/simple/adafruit-blinka/) (requires-python:>=3.7.0), version: 8.62.0
2026-04-17T16:15:31,428   Found link https://files.pythonhosted.org/packages/f6/f1/f6a049f72bb22027547991bdd6c3ad3906e3478b3892461c5259ebfcfbf0/adafruit_blinka-8.62.0.tar.gz (from https://pypi.org/simple/adafruit-blinka/) (requires-python:>=3.7.0), version: 8.62.0
2026-04-17T16:15:31,428   Found link https://files.pythonhosted.org/packages/88/47/2ae3f2d21155a4d03a9865eda49d931fd8e86325164d1d9f80559a31113f/adafruit_blinka-8.63.0-py3-none-any.whl (from https://pypi.org/simple/adafruit-blinka/) (requires-python:>=3.7.0), version: 8.63.0
2026-04-17T16:15:31,428   Found link https://files.pythonhosted.org/packages/eb/7b/8d78afacf9cade7149c57fd8f120e822b37897fbb47455db87b86098982e/adafruit_blinka-8.63.0.tar.gz (from https://pypi.org/simple/adafruit-blinka/) (requires-python:>=3.7.0), version: 8.63.0
2026-04-17T16:15:31,428   Found link https://files.pythonhosted.org/packages/84/a9/717228a8c9f913dc3a273f2611cf5aa26f442da1df6421695c07dfa96875/adafruit_blinka-8.64.0-py3-none-any.whl (from https://pypi.org/simple/adafruit-blinka/) (requires-python:>=3.7.0), version: 8.64.0
2026-04-17T16:15:31,429   Found link https://files.pythonhosted.org/packages/fd/59/786ca2acecaccf3a71d0e467d734c2726dc104de82d6e45d5c6400efc3a2/adafruit_blinka-8.64.0.tar.gz (from https://pypi.org/simple/adafruit-blinka/) (requires-python:>=3.7.0), version: 8.64.0
2026-04-17T16:15:31,429   Found link https://files.pythonhosted.org/packages/f6/ab/0b28c31b09716958eee49e92f4d6b59a7394493aa9b4445f7d924ee35c67/adafruit_blinka-8.65.0-py3-none-any.whl (from https://pypi.org/simple/adafruit-blinka/) (requires-python:>=3.7.0), version: 8.65.0
2026-04-17T16:15:31,429   Found link https://files.pythonhosted.org/packages/d2/f8/5e67ba9a96e58db0b9d80c24d098a645ee446e406cbedaebf4320b2de9f4/adafruit_blinka-8.65.0.tar.gz (from https://pypi.org/simple/adafruit-blinka/) (requires-python:>=3.7.0), version: 8.65.0
2026-04-17T16:15:31,429   Found link https://files.pythonhosted.org/packages/7f/89/8e99b0120485e8bab223777b0aa885e10536be31ce684190fdedf08e802c/adafruit_blinka-8.66.0-py3-none-any.whl (from https://pypi.org/simple/adafruit-blinka/) (requires-python:>=3.7.0), version: 8.66.0
2026-04-17T16:15:31,429   Found link https://files.pythonhosted.org/packages/3f/5c/3ef359af3bedd992b1d6f8863d9a95802124c7f77fe17cc1c949d807d829/adafruit_blinka-8.66.0.tar.gz (from https://pypi.org/simple/adafruit-blinka/) (requires-python:>=3.7.0), version: 8.66.0
2026-04-17T16:15:31,429   Found link https://files.pythonhosted.org/packages/fc/62/ee7ce8db8a044220dade9430f705532378859cbfaddd94adecb22501b1f3/adafruit_blinka-8.66.1-py3-none-any.whl (from https://pypi.org/simple/adafruit-blinka/) (requires-python:>=3.7.0), version: 8.66.1
2026-04-17T16:15:31,429   Found link https://files.pythonhosted.org/packages/72/63/5d7f64c01ab4eb3d27415da055c81efab3e929c3f5548803352d9cff57ec/adafruit_blinka-8.66.1.tar.gz (from https://pypi.org/simple/adafruit-blinka/) (requires-python:>=3.7.0), version: 8.66.1
2026-04-17T16:15:31,429   Found link https://files.pythonhosted.org/packages/70/c8/49ab498e87d04977a0c706af25825c5051daf2553b41c5b10eb7e9e8b19e/adafruit_blinka-8.66.2-py3-none-any.whl (from https://pypi.org/simple/adafruit-blinka/) (requires-python:>=3.7.0), version: 8.66.2
2026-04-17T16:15:31,429   Found link https://files.pythonhosted.org/packages/35/2d/7469c26dbeade72709096922db34a75fecb47c6953dba0cd4c14ee2b3b45/adafruit_blinka-8.66.2.tar.gz (from https://pypi.org/simple/adafruit-blinka/) (requires-python:>=3.7.0), version: 8.66.2
2026-04-17T16:15:31,429   Found link https://files.pythonhosted.org/packages/7b/48/899738a7ba312d3d85249961985fa650086b3e0776adf170438a9fca809d/adafruit_blinka-8.67.0-py3-none-any.whl (from https://pypi.org/simple/adafruit-blinka/) (requires-python:>=3.7.0), version: 8.67.0
2026-04-17T16:15:31,429   Found link https://files.pythonhosted.org/packages/3b/c6/9aa66a92b39296c0ed8aed9c5bc43a526e160ddbd8989bb5bf840eac7a99/adafruit_blinka-8.67.0.tar.gz (from https://pypi.org/simple/adafruit-blinka/) (requires-python:>=3.7.0), version: 8.67.0
2026-04-17T16:15:31,429   Found link https://files.pythonhosted.org/packages/ce/88/f82fc7dbfe6dc4d1bb6e6dd99b48b5ad4df2acee56bb5e560203108a60a3/adafruit_blinka-8.68.0-py3-none-any.whl (from https://pypi.org/simple/adafruit-blinka/) (requires-python:>=3.7.0), version: 8.68.0
2026-04-17T16:15:31,429   Found link https://files.pythonhosted.org/packages/38/ca/362177fd0830201fd2a9ae34cecdd5593c9fa9d9d3bc81a6941a54cbe221/adafruit_blinka-8.68.0.tar.gz (from https://pypi.org/simple/adafruit-blinka/) (requires-python:>=3.7.0), version: 8.68.0
2026-04-17T16:15:31,429   Found link https://files.pythonhosted.org/packages/20/18/c63c058b747df9b47393f30d368c67dd433b1ea4e240715515981591c17f/adafruit_blinka-8.68.1-py3-none-any.whl (from https://pypi.org/simple/adafruit-blinka/) (requires-python:>=3.7.0), version: 8.68.1
2026-04-17T16:15:31,429   Found link https://files.pythonhosted.org/packages/dd/15/e452ca7e9f8c25e42d97c32b5a548324d978397648c674b7f7f2ad1ea0ce/adafruit_blinka-8.68.1.tar.gz (from https://pypi.org/simple/adafruit-blinka/) (requires-python:>=3.7.0), version: 8.68.1
2026-04-17T16:15:31,429   Found link https://files.pythonhosted.org/packages/43/74/053afa705397c473aaf92111fc6add99b0c9603663cd9c874d303bcb7c53/adafruit_blinka-8.69.0-py3-none-any.whl (from https://pypi.org/simple/adafruit-blinka/) (requires-python:>=3.7.0), version: 8.69.0
2026-04-17T16:15:31,429   Found link https://files.pythonhosted.org/packages/a5/72/3d9c217874691b1a1008b47158e0f33d704d131a30289a31d5f65c71fe21/adafruit_blinka-8.69.0.tar.gz (from https://pypi.org/simple/adafruit-blinka/) (requires-python:>=3.7.0), version: 8.69.0
2026-04-17T16:15:31,429   Found link https://files.pythonhosted.org/packages/e8/4b/1d6ba1bba5b50acdd3ad05a6e222cd8c3db700e181aace8b13c7ddbb8296/adafruit_blinka-8.70.0-py3-none-any.whl (from https://pypi.org/simple/adafruit-blinka/) (requires-python:>=3.7.0), version: 8.70.0
2026-04-17T16:15:31,429   Found link https://files.pythonhosted.org/packages/8c/a1/2ceb360f54e2f414f355177816bdf8ca2810e4d6ee4b7b25c4199a963904/adafruit_blinka-8.70.0.tar.gz (from https://pypi.org/simple/adafruit-blinka/) (requires-python:>=3.7.0), version: 8.70.0
2026-04-17T16:15:31,429   Found link https://files.pythonhosted.org/packages/fd/54/d8baabe9c64c2576daac4aa0230baae08bec8ab38022d141109d10e291b4/adafruit_blinka-9.0.0-py3-none-any.whl (from https://pypi.org/simple/adafruit-blinka/) (requires-python:>=3.7.0), version: 9.0.0
2026-04-17T16:15:31,429   Found link https://files.pythonhosted.org/packages/00/d0/e38ce1668e4de4b9b5960b818b615f0f3a95c63209bd6aca89bfa78cc49f/adafruit_blinka-9.0.0.tar.gz (from https://pypi.org/simple/adafruit-blinka/) (requires-python:>=3.7.0), version: 9.0.0
2026-04-17T16:15:31,430   Found link https://files.pythonhosted.org/packages/20/7a/6a83eb3a643e5619cce706ef140ccd3432a27753a0a5c08de3c166593168/adafruit_blinka-9.0.1-py3-none-any.whl (from https://pypi.org/simple/adafruit-blinka/) (requires-python:>=3.7.0), version: 9.0.1
2026-04-17T16:15:31,430   Found link https://files.pythonhosted.org/packages/0f/ed/68a4d98961abc8ab94546484e1a2a8335da73777c162c64fd65e5b9372f9/adafruit_blinka-9.0.1.tar.gz (from https://pypi.org/simple/adafruit-blinka/) (requires-python:>=3.7.0), version: 9.0.1
2026-04-17T16:15:31,430   Found link https://files.pythonhosted.org/packages/fb/b7/925a5a3f4e8f6031f573787da40ce4d568c14a2280cbdb50be3ddc30381f/adafruit_blinka-9.0.2-py3-none-any.whl (from https://pypi.org/simple/adafruit-blinka/) (requires-python:>=3.7.0), version: 9.0.2
2026-04-17T16:15:31,430   Found link https://files.pythonhosted.org/packages/43/1b/51e5f513be0097e8bdaedef9a8ee655a1ad0fc5b30a7c77cbf802a3347dc/adafruit_blinka-9.0.2.tar.gz (from https://pypi.org/simple/adafruit-blinka/) (requires-python:>=3.7.0), version: 9.0.2
2026-04-17T16:15:31,430   Found link https://files.pythonhosted.org/packages/ce/37/bdb09b478b73494e7ef910c4551ba319f819befe49ac347645e2fb7ff454/adafruit_blinka-9.0.3-py3-none-any.whl (from https://pypi.org/simple/adafruit-blinka/) (requires-python:>=3.7.0), version: 9.0.3
2026-04-17T16:15:31,430   Found link https://files.pythonhosted.org/packages/d7/ba/7fedc9bcb5d8ad77d8f5e17a44cfe90ac3a170dd35fa1c18fc26d0981c4b/adafruit_blinka-9.0.3.tar.gz (from https://pypi.org/simple/adafruit-blinka/) (requires-python:>=3.7.0), version: 9.0.3
2026-04-17T16:15:31,430   Found link https://files.pythonhosted.org/packages/91/d0/b8b8761a34174a71bf6659fb7d9cb24a9526a7741ba6d8ba52123b155eb7/adafruit_blinka-9.0.4-py3-none-any.whl (from https://pypi.org/simple/adafruit-blinka/) (requires-python:>=3.7.0), version: 9.0.4
2026-04-17T16:15:31,430   Found link https://files.pythonhosted.org/packages/b5/ff/a6be4040131fcae271a6b10900093b48b9e5332726ed95bab28191455d2b/adafruit_blinka-9.0.4.tar.gz (from https://pypi.org/simple/adafruit-blinka/) (requires-python:>=3.7.0), version: 9.0.4
2026-04-17T16:15:31,430 Fetching project page and analyzing links: https://www.piwheels.org/simple/adafruit-blinka/
2026-04-17T16:15:31,430 Getting page https://www.piwheels.org/simple/adafruit-blinka/
2026-04-17T16:15:31,430 Found index url https://www.piwheels.org/simple/
2026-04-17T16:15:31,431 Looking up "https://www.piwheels.org/simple/adafruit-blinka/" in the cache
2026-04-17T16:15:31,431 Request header has "max_age" as 0, cache bypassed
2026-04-17T16:15:31,431 Starting new HTTPS connection (1): www.piwheels.org:443
2026-04-17T16:15:32,532 https://www.piwheels.org:443 "GET /simple/adafruit-blinka/ HTTP/1.1" 200 15735
2026-04-17T16:15:32,725 Updating cache with response from "https://www.piwheels.org/simple/adafruit-blinka/"
2026-04-17T16:15:32,725 etag object cached for 1209600 seconds
2026-04-17T16:15:32,725 Caching due to etag
2026-04-17T16:15:32,735 Fetched page https://www.piwheels.org/simple/adafruit-blinka/ as text/html
2026-04-17T16:15:32,749   Found link https://www.piwheels.org/simple/adafruit-blinka/adafruit_blinka-9.0.4-py3-none-any.whl#sha256=e024e3a9ed05322970522a964a6a74513e44e1b89837638e4f72c066864c0204 (from https://www.piwheels.org/simple/adafruit-blinka/) (requires-python:>=3.7.0), version: 9.0.4
2026-04-17T16:15:32,749   Found link https://www.piwheels.org/simple/adafruit-blinka/adafruit_blinka-9.0.3-py3-none-any.whl#sha256=cff35dcf86793aa455a83589e3fa4d5d8ac900b82c5ff203dbd5d8af3a7bbb6c (from https://www.piwheels.org/simple/adafruit-blinka/) (requires-python:>=3.7.0), version: 9.0.3
2026-04-17T16:15:32,749   Found link https://www.piwheels.org/simple/adafruit-blinka/adafruit_blinka-9.0.2-py3-none-any.whl#sha256=6ab363a4f600b10f81a139bec4b3472aea17b45b399629ae4fe1042b83973eb4 (from https://www.piwheels.org/simple/adafruit-blinka/) (requires-python:>=3.7.0), version: 9.0.2
2026-04-17T16:15:32,749   Found link https://www.piwheels.org/simple/adafruit-blinka/adafruit_blinka-9.0.1-py3-none-any.whl#sha256=138f1f347f86771efe1811e905b40ff1007ebd4492153a442432f42d46fd04ba (from https://www.piwheels.org/simple/adafruit-blinka/) (requires-python:>=3.7.0), version: 9.0.1
2026-04-17T16:15:32,749   Found link https://www.piwheels.org/simple/adafruit-blinka/adafruit_blinka-9.0.0-py3-none-any.whl#sha256=d78fca9b25d50d511f63891707a6fba7fe6f62410a95a369ceca051c2695d287 (from https://www.piwheels.org/simple/adafruit-blinka/) (requires-python:>=3.7.0), version: 9.0.0
2026-04-17T16:15:32,749   Found link https://www.piwheels.org/simple/adafruit-blinka/adafruit_blinka-8.70.0-py3-none-any.whl#sha256=f14d77da6bf408f87db5b48e3995c6b98d87404ad7331e5cea0c7cb9921ff2c6 (from https://www.piwheels.org/simple/adafruit-blinka/) (requires-python:>=3.7.0), version: 8.70.0
2026-04-17T16:15:32,749   Found link https://www.piwheels.org/simple/adafruit-blinka/adafruit_blinka-8.69.0-py3-none-any.whl#sha256=9ecbfd60b043ae5855c11da397cfaaa3c0e11131c299371c5a0f06b573aaa321 (from https://www.piwheels.org/simple/adafruit-blinka/) (requires-python:>=3.7.0), version: 8.69.0
2026-04-17T16:15:32,749   Found link https://www.piwheels.org/simple/adafruit-blinka/adafruit_blinka-8.68.1-py3-none-any.whl#sha256=9f88041b041abe7c5805a4adf703ee3e557ed68d01e45502df18d2a4071390f5 (from https://www.piwheels.org/simple/adafruit-blinka/) (requires-python:>=3.7.0), version: 8.68.1
2026-04-17T16:15:32,749   Found link https://www.piwheels.org/simple/adafruit-blinka/adafruit_blinka-8.68.0-py3-none-any.whl#sha256=f291e92936dbefb034e1c59aab9875461448eafabdb210bb4ef2a83e462ce7af (from https://www.piwheels.org/simple/adafruit-blinka/) (requires-python:>=3.7.0), version: 8.68.0
2026-04-17T16:15:32,749   Found link https://www.piwheels.org/simple/adafruit-blinka/adafruit_blinka-8.67.0-py3-none-any.whl#sha256=573f5117275231a4ce31130832e148301a88a3f44bebda56b607a8a6ef078b11 (from https://www.piwheels.org/simple/adafruit-blinka/) (requires-python:>=3.7.0), version: 8.67.0
2026-04-17T16:15:32,749   Found link https://www.piwheels.org/simple/adafruit-blinka/adafruit_blinka-8.66.2-py3-none-any.whl#sha256=2ac7be2c4dc8067b24665550eec820359e54595330c6c26aa6a626dd4dde7453 (from https://www.piwheels.org/simple/adafruit-blinka/) (requires-python:>=3.7.0), version: 8.66.2
2026-04-17T16:15:32,750   Found link https://www.piwheels.org/simple/adafruit-blinka/adafruit_blinka-8.66.1-py3-none-any.whl#sha256=3885319955692e6bc1582b0e01e8aad95a56045900fe46ea3c416864d9a93398 (from https://www.piwheels.org/simple/adafruit-blinka/) (requires-python:>=3.7.0), version: 8.66.1
2026-04-17T16:15:32,750   Found link https://www.piwheels.org/simple/adafruit-blinka/adafruit_blinka-8.66.0-py3-none-any.whl#sha256=187c5509c938cfb18329d45a9d4a6aff0ba01600da04c3eeaa3a7493fab27026 (from https://www.piwheels.org/simple/adafruit-blinka/) (requires-python:>=3.7.0), version: 8.66.0
2026-04-17T16:15:32,750   Found link https://www.piwheels.org/simple/adafruit-blinka/adafruit_blinka-8.65.0-py3-none-any.whl#sha256=da39c7d7543ef447c04bdefc0277de295593f58972d6de138bf86661d3581033 (from https://www.piwheels.org/simple/adafruit-blinka/) (requires-python:>=3.7.0), version: 8.65.0
2026-04-17T16:15:32,750   Found link https://www.piwheels.org/simple/adafruit-blinka/adafruit_blinka-8.64.0-py3-none-any.whl#sha256=f57dfa46ba19b2e6599911e8aabfa6fdc3468fe614e1f93c428c8f1b9c65bcb7 (from https://www.piwheels.org/simple/adafruit-blinka/) (requires-python:>=3.7.0), version: 8.64.0
2026-04-17T16:15:32,750   Found link https://archive1.piwheels.org/simple/adafruit-blinka/adafruit_blinka-8.63.0-py3-none-any.whl#sha256=d829fc4c795b84c1a10f0c0b276bd1912a35e33dbf0a8ce3e74f1f4f42c5df74 (from https://www.piwheels.org/simple/adafruit-blinka/) (requires-python:>=3.7.0), version: 8.63.0
2026-04-17T16:15:32,750   Found link https://www.piwheels.org/simple/adafruit-blinka/adafruit_blinka-8.62.0-py3-none-any.whl#sha256=879a40e24e4bb83c7801ce0adedb51ea07bf71fe5b7081f3ee0b8e66985f4ffd (from https://www.piwheels.org/simple/adafruit-blinka/) (requires-python:>=3.7.0), version: 8.62.0
2026-04-17T16:15:32,750   Found link https://archive1.piwheels.org/simple/adafruit-blinka/adafruit_blinka-8.61.2-py3-none-any.whl#sha256=c5d65697dbec1754a04a30f2869ca1f44255e63fadb6b7bbb17de814ddde6a84 (from https://www.piwheels.org/simple/adafruit-blinka/) (requires-python:>=3.7.0), version: 8.61.2
2026-04-17T16:15:32,750   Found link https://archive1.piwheels.org/simple/adafruit-blinka/adafruit_blinka-8.61.1-py3-none-any.whl#sha256=38434fbe387313ff8421d233de627c0b530fe3384b5806d9364f9556106f5409 (from https://www.piwheels.org/simple/adafruit-blinka/) (requires-python:>=3.7.0), version: 8.61.1
2026-04-17T16:15:32,750   Found link https://archive1.piwheels.org/simple/adafruit-blinka/adafruit_blinka-8.61.0-py3-none-any.whl#sha256=61c2bb9954ab7a4e9c8b5c56324f760e96485e8d30b9884770f62460a9eec0c1 (from https://www.piwheels.org/simple/adafruit-blinka/) (requires-python:>=3.7.0), version: 8.61.0
2026-04-17T16:15:32,750   Found link https://archive1.piwheels.org/simple/adafruit-blinka/adafruit_blinka-8.60.4-py3-none-any.whl#sha256=5394adc078949d871490bb22751da911dd2c7e8aac1af8eb69160b9bd9cf8f39 (from https://www.piwheels.org/simple/adafruit-blinka/), version: 8.60.4
2026-04-17T16:15:32,750   Found link https://archive1.piwheels.org/simple/adafruit-blinka/adafruit_blinka-8.60.3-py3-none-any.whl#sha256=d3f12d37e60c20e67a7e6e5096a84dec12d96ebf45623c82d251365ee1245918 (from https://www.piwheels.org/simple/adafruit-blinka/), version: 8.60.3
2026-04-17T16:15:32,750   Found link https://archive1.piwheels.org/simple/adafruit-blinka/adafruit_blinka-8.60.2-py3-none-any.whl#sha256=1b3decc210cf63ef7c603635d7f525d05da42e2419a5ccbf6e2d4fad4ccbbad1 (from https://www.piwheels.org/simple/adafruit-blinka/), version: 8.60.2
2026-04-17T16:15:32,750   Found link https://archive1.piwheels.org/simple/adafruit-blinka/adafruit_blinka-8.60.1-py3-none-any.whl#sha256=bcca4d961a486e8bcbe0ea926e1deb1e93f7ef04379bf872df6e8ab0b7ede89f (from https://www.piwheels.org/simple/adafruit-blinka/), version: 8.60.1
2026-04-17T16:15:32,750   Found link https://archive1.piwheels.org/simple/adafruit-blinka/adafruit_blinka-8.60.0-py3-none-any.whl#sha256=1ebe18a3d37e484f565232f63d0dfd2b151f6bfea3868cf5a45e61db89122ca3 (from https://www.piwheels.org/simple/adafruit-blinka/), version: 8.60.0
2026-04-17T16:15:32,750   Found link https://www.piwheels.org/simple/adafruit-blinka/adafruit_blinka-8.59.0-py3-none-any.whl#sha256=3d4042693d0b0c59e7e5d15b9863c9f6de225a4e4df190828f11fd88c4e7f8b9 (from https://www.piwheels.org/simple/adafruit-blinka/) (requires-python:>=3.7.0), version: 8.59.0
2026-04-17T16:15:32,750   Found link https://www.piwheels.org/simple/adafruit-blinka/adafruit_blinka-8.58.1-py3-none-any.whl#sha256=ed20f9e6786e8e9be232322ca3d952a069f09c74147127a550b5c22eb35147e0 (from https://www.piwheels.org/simple/adafruit-blinka/) (requires-python:>=3.7.0), version: 8.58.1
2026-04-17T16:15:32,750   Found link https://archive1.piwheels.org/simple/adafruit-blinka/adafruit_blinka-8.58.0-py3-none-any.whl#sha256=3a124936dd72e328a599069619475075b38c242c4a5fa7f21effadef64df6711 (from https://www.piwheels.org/simple/adafruit-blinka/) (requires-python:>=3.7.0), version: 8.58.0
2026-04-17T16:15:32,750   Found link https://archive1.piwheels.org/simple/adafruit-blinka/adafruit_blinka-8.57.0-py3-none-any.whl#sha256=1ee1da20cc4d450d112f4912b789976df9c9b1d9ea2d180eae8ef4f46a1b08ac (from https://www.piwheels.org/simple/adafruit-blinka/) (requires-python:>=3.7.0), version: 8.57.0
2026-04-17T16:15:32,751   Found link https://www.piwheels.org/simple/adafruit-blinka/Adafruit_Blinka-8.56.0-py3-none-any.whl#sha256=482e8e4f508c46d2e3472982dd9635e71e182ddc69ef8a1324dbbfb7db3bc584 (from https://www.piwheels.org/simple/adafruit-blinka/) (requires-python:>=3.7.0), version: 8.56.0
2026-04-17T16:15:32,751   Found link https://www.piwheels.org/simple/adafruit-blinka/Adafruit_Blinka-8.55.0-py3-none-any.whl#sha256=1760ed28bd73edc8e17e4be8d9309e607985c3126331047ba2f8ad5798b34def (from https://www.piwheels.org/simple/adafruit-blinka/) (requires-python:>=3.7.0), version: 8.55.0
2026-04-17T16:15:32,751   Found link https://www.piwheels.org/simple/adafruit-blinka/Adafruit_Blinka-8.54.0-py3-none-any.whl#sha256=26ef336812254757a5bb8f58f01b053cbb8f78a5345a577898b8f8e5cbf99e92 (from https://www.piwheels.org/simple/adafruit-blinka/) (requires-python:>=3.7.0), version: 8.54.0
2026-04-17T16:15:32,751   Found link https://www.piwheels.org/simple/adafruit-blinka/Adafruit_Blinka-8.53.0-py3-none-any.whl#sha256=9e075a9fbceff5c6a75ff05ef5a6e547ca61b2209f95513ca56878eff1d4ccdc (from https://www.piwheels.org/simple/adafruit-blinka/) (requires-python:>=3.7.0), version: 8.53.0
2026-04-17T16:15:32,751   Found link https://www.piwheels.org/simple/adafruit-blinka/Adafruit_Blinka-8.52.0-py3-none-any.whl#sha256=9928155647fa69dd2ebe9c34dc6955da934e84bb4af59eb6088ab28e3c1ec419 (from https://www.piwheels.org/simple/adafruit-blinka/) (requires-python:>=3.7.0), version: 8.52.0
2026-04-17T16:15:32,751   Found link https://www.piwheels.org/simple/adafruit-blinka/Adafruit_Blinka-8.51.0-py3-none-any.whl#sha256=b5a0c8c40c75c9a768f16cfd6bd8d9ee9a32c054aeb0617e8c70cf26c65a39fc (from https://www.piwheels.org/simple/adafruit-blinka/) (requires-python:>=3.7.0), version: 8.51.0
2026-04-17T16:15:32,751   Found link https://www.piwheels.org/simple/adafruit-blinka/Adafruit_Blinka-8.50.0-py3-none-any.whl#sha256=25b406325760745f2dda70da86847aa2c838735a487d879d91c43ba5b3e1fd56 (from https://www.piwheels.org/simple/adafruit-blinka/) (requires-python:>=3.7.0), version: 8.50.0
2026-04-17T16:15:32,751   Found link https://www.piwheels.org/simple/adafruit-blinka/Adafruit_Blinka-8.49.0-py3-none-any.whl#sha256=2bf940ffeda304f7c09f83535ddb15d88347a6d23247b08333f99781bcb08ff4 (from https://www.piwheels.org/simple/adafruit-blinka/) (requires-python:>=3.7.0), version: 8.49.0
2026-04-17T16:15:32,751   Found link https://www.piwheels.org/simple/adafruit-blinka/Adafruit_Blinka-8.48.0-py3-none-any.whl#sha256=ad3c9313791180a3f8df2d6b8305e4edc4deb5dd7d31c17eed4f639b7c08a23e (from https://www.piwheels.org/simple/adafruit-blinka/) (requires-python:>=3.7.0), version: 8.48.0
2026-04-17T16:15:32,751   Found link https://www.piwheels.org/simple/adafruit-blinka/Adafruit_Blinka-8.47.0-py3-none-any.whl#sha256=5146bf198c36fb98b566d3cfe5e14a9b28f0c3512471d934b99f40d58e316d66 (from https://www.piwheels.org/simple/adafruit-blinka/) (requires-python:>=3.7.0), version: 8.47.0
2026-04-17T16:15:32,751   Found link https://www.piwheels.org/simple/adafruit-blinka/Adafruit_Blinka-8.46.1-py3-none-any.whl#sha256=47a7c32f1cb3f1dc88df813d19d3e29e826058e43d04e180294df5f2cf762893 (from https://www.piwheels.org/simple/adafruit-blinka/) (requires-python:>=3.7.0), version: 8.46.1
2026-04-17T16:15:32,751   Found link https://www.piwheels.org/simple/adafruit-blinka/Adafruit_Blinka-8.46.0-py3-none-any.whl#sha256=6f6e34adbcce05b7e7f03cee9a2bb40006a2bc9d5fe634501f143a4d901759d3 (from https://www.piwheels.org/simple/adafruit-blinka/) (requires-python:>=3.7.0), version: 8.46.0
2026-04-17T16:15:32,751   Found link https://www.piwheels.org/simple/adafruit-blinka/Adafruit_Blinka-8.45.2-py3-none-any.whl#sha256=7c190c7db80965100ed5594f93b028c3dac1b723948cccc9bba3207a3715716a (from https://www.piwheels.org/simple/adafruit-blinka/) (requires-python:>=3.7.0), version: 8.45.2
2026-04-17T16:15:32,751   Found link https://www.piwheels.org/simple/adafruit-blinka/Adafruit_Blinka-8.45.1-py3-none-any.whl#sha256=3a282b90e7b61c042323f75540f65404cc06383ef9bf888c77b2f39897e4cb72 (from https://www.piwheels.org/simple/adafruit-blinka/) (requires-python:>=3.7.0), version: 8.45.1
2026-04-17T16:15:32,751   Found link https://www.piwheels.org/simple/adafruit-blinka/Adafruit_Blinka-8.45.0-py3-none-any.whl#sha256=0504e4e323dbc1b0a77a88d9b0abf4111cb18cb858e3cc02eddaec89783fd490 (from https://www.piwheels.org/simple/adafruit-blinka/) (requires-python:>=3.7.0), version: 8.45.0
2026-04-17T16:15:32,751   Found link https://www.piwheels.org/simple/adafruit-blinka/Adafruit_Blinka-8.44.4-py3-none-any.whl#sha256=4d0ba9c0306a1469337c1bcd8da58ec33bb8bfea26ac9e8af4abc8f2aac01228 (from https://www.piwheels.org/simple/adafruit-blinka/) (requires-python:>=3.7.0), version: 8.44.4
2026-04-17T16:15:32,751   Found link https://www.piwheels.org/simple/adafruit-blinka/Adafruit_Blinka-8.44.3-py3-none-any.whl#sha256=724550d153c4a34a57091a72f138fbf35340efc223d7f1b3e777b1f842bd1241 (from https://www.piwheels.org/simple/adafruit-blinka/) (requires-python:>=3.7.0), version: 8.44.3
2026-04-17T16:15:32,751   Found link https://www.piwheels.org/simple/adafruit-blinka/Adafruit_Blinka-8.44.2-py3-none-any.whl#sha256=80e81791797f7b279c856eeda2a9be8fa7b335a0a04a021f0f30dffe01d41d0e (from https://www.piwheels.org/simple/adafruit-blinka/) (requires-python:>=3.7.0), version: 8.44.2
2026-04-17T16:15:32,751   Found link https://www.piwheels.org/simple/adafruit-blinka/Adafruit_Blinka-8.44.1-py3-none-any.whl#sha256=abbcc79d1020b5be7bb06ae426ff0978e1824cb2847cda36239911a86c503f54 (from https://www.piwheels.org/simple/adafruit-blinka/) (requires-python:>=3.7.0), version: 8.44.1
2026-04-17T16:15:32,752   Found link https://www.piwheels.org/simple/adafruit-blinka/Adafruit_Blinka-8.44.0-py3-none-any.whl#sha256=f4deccfacce3fcb59b94e40fd85fd5203e4129efc882f1592c9a1b597a68cd25 (from https://www.piwheels.org/simple/adafruit-blinka/) (requires-python:>=3.7.0), version: 8.44.0
2026-04-17T16:15:32,752   Found link https://www.piwheels.org/simple/adafruit-blinka/Adafruit_Blinka-8.43.0-py3-none-any.whl#sha256=00c6d85b31814bbe1c5d034889428d7cc00b93693483dd9993ad06918e61681c (from https://www.piwheels.org/simple/adafruit-blinka/) (requires-python:>=3.7.0), version: 8.43.0
2026-04-17T16:15:32,752   Found link https://www.piwheels.org/simple/adafruit-blinka/Adafruit_Blinka-8.42.1-py3-none-any.whl#sha256=6211310b74474efee99f8ce10f0ce3d49d296bb6aa34d51d8f69866719e61cfc (from https://www.piwheels.org/simple/adafruit-blinka/) (requires-python:>=3.7.0), version: 8.42.1
2026-04-17T16:15:32,752   Found link https://www.piwheels.org/simple/adafruit-blinka/Adafruit_Blinka-8.42.0-py3-none-any.whl#sha256=efce81a332ad18cd300904e18a74efbd1957f96fee6cc60b67239500276592ba (from https://www.piwheels.org/simple/adafruit-blinka/) (requires-python:>=3.7.0), version: 8.42.0
2026-04-17T16:15:32,752   Found link https://www.piwheels.org/simple/adafruit-blinka/Adafruit_Blinka-8.41.2-py3-none-any.whl#sha256=236be511ab198f536ea907dab5ffd443a050340726fc67247a06ed1a79e1d582 (from https://www.piwheels.org/simple/adafruit-blinka/) (requires-python:>=3.7.0), version: 8.41.2
2026-04-17T16:15:32,752   Found link https://www.piwheels.org/simple/adafruit-blinka/Adafruit_Blinka-8.41.1-py3-none-any.whl#sha256=624a51f52f55516ad544c89ab3410b8708fdb7ab0b2b4bc1d08c6cd57f8708fb (from https://www.piwheels.org/simple/adafruit-blinka/) (requires-python:>=3.7.0), version: 8.41.1
2026-04-17T16:15:32,752   Found link https://www.piwheels.org/simple/adafruit-blinka/Adafruit_Blinka-8.41.0-py3-none-any.whl#sha256=2e0591f67a92a8d6022f6d8c1bcf30e57240ce1f9ac990b18c88e2b80d3630da (from https://www.piwheels.org/simple/adafruit-blinka/) (requires-python:>=3.7.0), version: 8.41.0
2026-04-17T16:15:32,752   Found link https://www.piwheels.org/simple/adafruit-blinka/Adafruit_Blinka-8.40.1-py3-none-any.whl#sha256=771402767298619ac75d18c06216f9bac57ec505932b102ec2b0ccb1ffe0af95 (from https://www.piwheels.org/simple/adafruit-blinka/) (requires-python:>=3.7.0), version: 8.40.1
2026-04-17T16:15:32,752   Found link https://www.piwheels.org/simple/adafruit-blinka/Adafruit_Blinka-8.40.0-py3-none-any.whl#sha256=8c1f0250439e4e20ff167504662b9b1156f84edd72f3b0f1c43047a0bd1ef96d (from https://www.piwheels.org/simple/adafruit-blinka/) (requires-python:>=3.7.0), version: 8.40.0
2026-04-17T16:15:32,752   Found link https://www.piwheels.org/simple/adafruit-blinka/Adafruit_Blinka-8.39.2-py3-none-any.whl#sha256=9dc56297c519e8ca86711c8cea84cb113fe973eb78798c3915198120b453da94 (from https://www.piwheels.org/simple/adafruit-blinka/) (requires-python:>=3.7.0), version: 8.39.2
2026-04-17T16:15:32,752   Found link https://www.piwheels.org/simple/adafruit-blinka/Adafruit_Blinka-8.39.1-py3-none-any.whl#sha256=5129d8536a6614ca95c6e9b4b2b06739fe0535689152d6bb0e455b3e8a58f732 (from https://www.piwheels.org/simple/adafruit-blinka/) (requires-python:>=3.7.0), version: 8.39.1
2026-04-17T16:15:32,752   Found link https://www.piwheels.org/simple/adafruit-blinka/Adafruit_Blinka-8.39.0-py3-none-any.whl#sha256=507b8563a89afa6c113a0be4e365a8240f6903402b059b1c3e072a9b803f791b (from https://www.piwheels.org/simple/adafruit-blinka/) (requires-python:>=3.7.0), version: 8.39.0
2026-04-17T16:15:32,752   Found link https://www.piwheels.org/simple/adafruit-blinka/Adafruit_Blinka-8.38.0-py3-none-any.whl#sha256=683206d6703970704fbd78a447e2c5a31e29beb802d1675b3e0d065fc171617d (from https://www.piwheels.org/simple/adafruit-blinka/) (requires-python:>=3.7.0), version: 8.38.0
2026-04-17T16:15:32,752   Found link https://www.piwheels.org/simple/adafruit-blinka/Adafruit_Blinka-8.37.0-py3-none-any.whl#sha256=475eed4a60591d9ffd0d453c757edea26e05566990b20438addb806729b3b2ac (from https://www.piwheels.org/simple/adafruit-blinka/) (requires-python:>=3.7.0), version: 8.37.0
2026-04-17T16:15:32,752   Found link https://www.piwheels.org/simple/adafruit-blinka/Adafruit_Blinka-8.36.0-py3-none-any.whl#sha256=3c251918d4f2e0e6363941d2237b55d963fdedfed2cb0c53bf45268f1d670e98 (from https://www.piwheels.org/simple/adafruit-blinka/) (requires-python:>=3.7.0), version: 8.36.0
2026-04-17T16:15:32,752   Found link https://www.piwheels.org/simple/adafruit-blinka/Adafruit_Blinka-8.35.0-py3-none-any.whl#sha256=f5262730e420ac5405ef958e46a6e7d51da63f53b0de1aea3580002590caecae (from https://www.piwheels.org/simple/adafruit-blinka/) (requires-python:>=3.7.0), version: 8.35.0
2026-04-17T16:15:32,752   Found link https://www.piwheels.org/simple/adafruit-blinka/Adafruit_Blinka-8.34.0-py3-none-any.whl#sha256=a02093c32bf0f915c1c7464a6ef307143c5cd72a9a6ac2f2040356e937c7902c (from https://www.piwheels.org/simple/adafruit-blinka/) (requires-python:>=3.7.0), version: 8.34.0
2026-04-17T16:15:32,752   Found link https://www.piwheels.org/simple/adafruit-blinka/Adafruit_Blinka-8.33.0-py3-none-any.whl#sha256=9c8ab570fac2cbfcaa9d6db419cc8c536b1648722ee65c4343f50ecef86ef16f (from https://www.piwheels.org/simple/adafruit-blinka/) (requires-python:>=3.7.0), version: 8.33.0
2026-04-17T16:15:32,753   Found link https://www.piwheels.org/simple/adafruit-blinka/Adafruit_Blinka-8.32.0-py3-none-any.whl#sha256=3aceebdfcd6620c7c82f2d6992fb9376460931779e3a45eec256846c6a91d852 (from https://www.piwheels.org/simple/adafruit-blinka/) (requires-python:>=3.7.0), version: 8.32.0
2026-04-17T16:15:32,753   Found link https://www.piwheels.org/simple/adafruit-blinka/Adafruit_Blinka-8.31.0-py3-none-any.whl#sha256=8c8259934f67157819df6af84ee27b4cddb50729b081925c52ee018ce1774d3a (from https://www.piwheels.org/simple/adafruit-blinka/) (requires-python:>=3.7.0), version: 8.31.0
2026-04-17T16:15:32,753   Found link https://www.piwheels.org/simple/adafruit-blinka/Adafruit_Blinka-8.30.0-py3-none-any.whl#sha256=e0a1b4db2d15067eb849fcb6257a330db0a1053b0d9736539dd7f36078eaff30 (from https://www.piwheels.org/simple/adafruit-blinka/) (requires-python:>=3.7.0), version: 8.30.0
2026-04-17T16:15:32,753   Found link https://www.piwheels.org/simple/adafruit-blinka/Adafruit_Blinka-8.29.0-py3-none-any.whl#sha256=1f58c0b64dd537cdd1b45f445915e81090567cefc514663a05d5562ecd5d4d94 (from https://www.piwheels.org/simple/adafruit-blinka/) (requires-python:>=3.7.0), version: 8.29.0
2026-04-17T16:15:32,753   Found link https://www.piwheels.org/simple/adafruit-blinka/Adafruit_Blinka-8.28.1-py3-none-any.whl#sha256=c4376aca39de891b7aeaad28e4ffa5af7190de5de1a6f5e1be6e58c48a8824d0 (from https://www.piwheels.org/simple/adafruit-blinka/) (requires-python:>=3.7.0), version: 8.28.1
2026-04-17T16:15:32,753   Found link https://www.piwheels.org/simple/adafruit-blinka/Adafruit_Blinka-8.28.0-py3-none-any.whl#sha256=2e1fd139bfd50e2718bfe524f67ebda2b2296b6b7de258b3ebe1ef2287b09796 (from https://www.piwheels.org/simple/adafruit-blinka/) (requires-python:>=3.7.0), version: 8.28.0
2026-04-17T16:15:32,753   Found link https://www.piwheels.org/simple/adafruit-blinka/Adafruit_Blinka-8.27.0-py3-none-any.whl#sha256=515de069ad4e15214e48e78c15cdfa3c05072dd0299394dabae9dc048a47f902 (from https://www.piwheels.org/simple/adafruit-blinka/) (requires-python:>=3.7.0), version: 8.27.0
2026-04-17T16:15:32,753   Found link https://www.piwheels.org/simple/adafruit-blinka/Adafruit_Blinka-8.26.0-py3-none-any.whl#sha256=6c71eb41cb4343286f61ac5e5bf9c245c45d91e319896efc94a21b8c9f973881 (from https://www.piwheels.org/simple/adafruit-blinka/) (requires-python:>=3.7.0), version: 8.26.0
2026-04-17T16:15:32,753   Found link https://www.piwheels.org/simple/adafruit-blinka/Adafruit_Blinka-8.25.0-py3-none-any.whl#sha256=9af0f97a7d09cc097c528d278add5f0ec814f1f2f75e0e1a3758468d715790c6 (from https://www.piwheels.org/simple/adafruit-blinka/) (requires-python:>=3.7.0), version: 8.25.0
2026-04-17T16:15:32,753   Found link https://www.piwheels.org/simple/adafruit-blinka/Adafruit_Blinka-8.24.0-py3-none-any.whl#sha256=9aff60442085102d4af963a37292761ca19f187de858b2836d9b0a545b2159a4 (from https://www.piwheels.org/simple/adafruit-blinka/) (requires-python:>=3.7.0), version: 8.24.0
2026-04-17T16:15:32,753   Found link https://www.piwheels.org/simple/adafruit-blinka/Adafruit_Blinka-8.23.0-py3-none-any.whl#sha256=3ec61091b6fafa61b286a7dd2c1761b63e40483d6bdf863cbc796fd174f78dbd (from https://www.piwheels.org/simple/adafruit-blinka/) (requires-python:>=3.7.0), version: 8.23.0
2026-04-17T16:15:32,753   Found link https://www.piwheels.org/simple/adafruit-blinka/Adafruit_Blinka-8.22.4-py3-none-any.whl#sha256=ba3d71258b6aecdc8584c49c81fa569b7e6c2cf4c860a386a34420d8c22f32b9 (from https://www.piwheels.org/simple/adafruit-blinka/) (requires-python:>=3.7.0), version: 8.22.4
2026-04-17T16:15:32,753   Found link https://www.piwheels.org/simple/adafruit-blinka/Adafruit_Blinka-8.22.3-py3-none-any.whl#sha256=4f257b01938e7b9be017cee22b4943922da3789aba1e271544344b5c00a1e782 (from https://www.piwheels.org/simple/adafruit-blinka/) (requires-python:>=3.7.0), version: 8.22.3
2026-04-17T16:15:32,753   Found link https://www.piwheels.org/simple/adafruit-blinka/Adafruit_Blinka-8.22.2-py3-none-any.whl#sha256=1b0c98e02aab9b187a545f55cd20b17f96ff9c0d54b8c76e0dde133ba8b4305e (from https://www.piwheels.org/simple/adafruit-blinka/) (requires-python:>=3.7.0), version: 8.22.2
2026-04-17T16:15:32,753   Found link https://www.piwheels.org/simple/adafruit-blinka/Adafruit_Blinka-8.22.1-py3-none-any.whl#sha256=9884942d46aa250e1882f48803100e7b1a30ffccac9e63304e3dd0b767f55fae (from https://www.piwheels.org/simple/adafruit-blinka/) (requires-python:>=3.7.0), version: 8.22.1
2026-04-17T16:15:32,753   Found link https://www.piwheels.org/simple/adafruit-blinka/Adafruit_Blinka-8.22.0-py3-none-any.whl#sha256=f7d7aa007adb8a17a9b7bbe2b8092615ebbe8952d4707e208f1109ea3026d8f5 (from https://www.piwheels.org/simple/adafruit-blinka/) (requires-python:>=3.7.0), version: 8.22.0
2026-04-17T16:15:32,753   Found link https://www.piwheels.org/simple/adafruit-blinka/Adafruit_Blinka-8.21.0-py3-none-any.whl#sha256=be73065fed12d6630cb0844f744927bae8d10d71b15c01322fd3da461cf281ba (from https://www.piwheels.org/simple/adafruit-blinka/) (requires-python:>=3.7.0), version: 8.21.0
2026-04-17T16:15:32,753   Found link https://www.piwheels.org/simple/adafruit-blinka/Adafruit_Blinka-8.20.1-py3-none-any.whl#sha256=d42a2ef057af554bd9815e6ea756699178f0ce0734ae29d1946cc329b78ebd1c (from https://www.piwheels.org/simple/adafruit-blinka/) (requires-python:>=3.7.0), version: 8.20.1
2026-04-17T16:15:32,754   Found link https://www.piwheels.org/simple/adafruit-blinka/Adafruit_Blinka-8.20.0-py3-none-any.whl#sha256=936f1c2ea946ad6cb2a0991fec09d541a12311bed22315ef9e6b6e0a4ab8864b (from https://www.piwheels.org/simple/adafruit-blinka/) (requires-python:>=3.7.0), version: 8.20.0
2026-04-17T16:15:32,754   Found link https://www.piwheels.org/simple/adafruit-blinka/Adafruit_Blinka-8.19.0-py3-none-any.whl#sha256=41dfc5988d9897841db5969f93e33f02834c32e1923446d93a30f034e0723f77 (from https://www.piwheels.org/simple/adafruit-blinka/) (requires-python:>=3.7.0), version: 8.19.0
2026-04-17T16:15:32,754   Found link https://www.piwheels.org/simple/adafruit-blinka/Adafruit_Blinka-8.18.1-py3-none-any.whl#sha256=8da71e6568fc54c1f1af727232a24130231f80e68b44d2b6a3d46695ae0865cd (from https://www.piwheels.org/simple/adafruit-blinka/) (requires-python:>=3.7.0), version: 8.18.1
2026-04-17T16:15:32,754   Found link https://www.piwheels.org/simple/adafruit-blinka/Adafruit_Blinka-8.18.0-py3-none-any.whl#sha256=fe972aeb90b1c4a0fe72b7979ee62cd2bce7dce3f8d14dad94c1c06e23fe563a (from https://www.piwheels.org/simple/adafruit-blinka/) (requires-python:>=3.7.0), version: 8.18.0
2026-04-17T16:15:32,754   Found link https://www.piwheels.org/simple/adafruit-blinka/Adafruit_Blinka-8.17.0-py3-none-any.whl#sha256=40ef6d31610cd1aca65c34503b2477a8cc94e19f6e96b2a36350a1d244fbc25f (from https://www.piwheels.org/simple/adafruit-blinka/) (requires-python:>=3.7.0), version: 8.17.0
2026-04-17T16:15:32,754   Found link https://www.piwheels.org/simple/adafruit-blinka/Adafruit_Blinka-8.16.1-py3-none-any.whl#sha256=a24af30f71a1106bf5db04b8fb925a736430fce2cfc8133f60b65f4bb57afadc (from https://www.piwheels.org/simple/adafruit-blinka/) (requires-python:>=3.7.0), version: 8.16.1
2026-04-17T16:15:32,754   Found link https://www.piwheels.org/simple/adafruit-blinka/Adafruit_Blinka-8.16.0-py3-none-any.whl#sha256=7a40cb2dd2a261e03bb390e69dc67aa76d830a05ff903c6eb4d423465b5f85bd (from https://www.piwheels.org/simple/adafruit-blinka/) (requires-python:>=3.7.0), version: 8.16.0
2026-04-17T16:15:32,754   Found link https://www.piwheels.org/simple/adafruit-blinka/Adafruit_Blinka-8.15.2-py3-none-any.whl#sha256=381abce4d5fa751cdf537a1152d1edd233f1d28015d8a466c2b50abc174d95d9 (from https://www.piwheels.org/simple/adafruit-blinka/) (requires-python:>=3.7.0), version: 8.15.2
2026-04-17T16:15:32,754   Found link https://www.piwheels.org/simple/adafruit-blinka/Adafruit_Blinka-8.15.1-py3-none-any.whl#sha256=8781333bb93da92e7cad38d113b037050b375c58d10163491e3a97cb7458570d (from https://www.piwheels.org/simple/adafruit-blinka/) (requires-python:>=3.7.0), version: 8.15.1
2026-04-17T16:15:32,754   Found link https://www.piwheels.org/simple/adafruit-blinka/Adafruit_Blinka-8.15.0-py3-none-any.whl#sha256=320ad9906f8e6914b3a40b5c820d4804e69d80432b09938554f527395899b8d0 (from https://www.piwheels.org/simple/adafruit-blinka/) (requires-python:>=3.7.0), version: 8.15.0
2026-04-17T16:15:32,754   Found link https://www.piwheels.org/simple/adafruit-blinka/Adafruit_Blinka-8.14.0-py3-none-any.whl#sha256=f46382f450415b109a3964c9d0a51d683ab74c7c6827f5e7921766dd1b5039fd (from https://www.piwheels.org/simple/adafruit-blinka/) (requires-python:>=3.7.0), version: 8.14.0
2026-04-17T16:15:32,754   Found link https://www.piwheels.org/simple/adafruit-blinka/Adafruit_Blinka-8.13.0-py3-none-any.whl#sha256=a4002c6017c423e45084e939765bb478fe9d1dc47aa2311176e876d4befe58d3 (from https://www.piwheels.org/simple/adafruit-blinka/) (requires-python:>=3.7.0), version: 8.13.0
2026-04-17T16:15:32,754   Found link https://www.piwheels.org/simple/adafruit-blinka/Adafruit_Blinka-8.12.1-py3-none-any.whl#sha256=b6d4dad073584e6abd37beb34e8ebfeab0fa76a9cd9087da006a4291f766e9f4 (from https://www.piwheels.org/simple/adafruit-blinka/) (requires-python:>=3.7.0), version: 8.12.1
2026-04-17T16:15:32,754   Found link https://www.piwheels.org/simple/adafruit-blinka/Adafruit_Blinka-8.12.0-py3-none-any.whl#sha256=f588706af9e27d9e529896caedd554e9dd118d485200fd3aedf3547357a349e3 (from https://www.piwheels.org/simple/adafruit-blinka/) (requires-python:>=3.7.0), version: 8.12.0
2026-04-17T16:15:32,754   Found link https://www.piwheels.org/simple/adafruit-blinka/Adafruit_Blinka-8.11.0-py3-none-any.whl#sha256=63737502ad3f52b01660104962faca1c36e1fcc69b55f5f995f49fb494c4268d (from https://www.piwheels.org/simple/adafruit-blinka/) (requires-python:>=3.7.0), version: 8.11.0
2026-04-17T16:15:32,754   Found link https://www.piwheels.org/simple/adafruit-blinka/Adafruit_Blinka-8.10.0-py3-none-any.whl#sha256=42fcc4abd517994642dcb62eef43900b663bec6bd9c300aa75853e5f62c37a34 (from https://www.piwheels.org/simple/adafruit-blinka/) (requires-python:>=3.7.0), version: 8.10.0
2026-04-17T16:15:32,755   Found link https://www.piwheels.org/simple/adafruit-blinka/Adafruit_Blinka-8.9.0-py3-none-any.whl#sha256=c66588b264c0a0ad2d5ee0e662a0e86d13af9968ae341c555a8f031b08b2d142 (from https://www.piwheels.org/simple/adafruit-blinka/) (requires-python:>=3.7.0), version: 8.9.0
2026-04-17T16:15:32,755   Found link https://www.piwheels.org/simple/adafruit-blinka/Adafruit_Blinka-8.8.0-py3-none-any.whl#sha256=3633bac0ab95ca05428a27e745e186bef11773703a4b4e29522a9cf905194035 (from https://www.piwheels.org/simple/adafruit-blinka/) (requires-python:>=3.7.0), version: 8.8.0
2026-04-17T16:15:32,755   Found link https://www.piwheels.org/simple/adafruit-blinka/Adafruit_Blinka-8.7.0-py3-none-any.whl#sha256=09a8841da933f54b43231728dea0c5237a21eb68e2cca6031bc02ca666a13ffd (from https://www.piwheels.org/simple/adafruit-blinka/) (requires-python:>=3.7.0), version: 8.7.0
2026-04-17T16:15:32,755   Found link https://www.piwheels.org/simple/adafruit-blinka/Adafruit_Blinka-8.6.1-py3-none-any.whl#sha256=e4e69456b5c57c26cb08a5a54c1ca700541b2bb17be06e909131a5eadb9d78f2 (from https://www.piwheels.org/simple/adafruit-blinka/) (requires-python:>=3.7.0), version: 8.6.1
2026-04-17T16:15:32,755   Found link https://www.piwheels.org/simple/adafruit-blinka/Adafruit_Blinka-8.6.0-py3-none-any.whl#sha256=9f791fdea1e88a9bcd88f99cd02d0048eeeb698dd916e7489f8141f0827e9a6c (from https://www.piwheels.org/simple/adafruit-blinka/) (requires-python:>=3.7.0), version: 8.6.0
2026-04-17T16:15:32,755   Found link https://www.piwheels.org/simple/adafruit-blinka/Adafruit_Blinka-8.5.0-py3-none-any.whl#sha256=811bb85e7923abfbf3e35dbe26835b4f6ca1549627c3a02713db53bf8a82c4cf (from https://www.piwheels.org/simple/adafruit-blinka/) (requires-python:>=3.7.0), version: 8.5.0
2026-04-17T16:15:32,755   Found link https://www.piwheels.org/simple/adafruit-blinka/Adafruit_Blinka-8.4.2-py3-none-any.whl#sha256=2466bccbe6874f4c839a30413bbefb2aa47c140fc7155638a9b5ba599c7232ec (from https://www.piwheels.org/simple/adafruit-blinka/) (requires-python:>=3.7.0), version: 8.4.2
2026-04-17T16:15:32,755   Found link https://www.piwheels.org/simple/adafruit-blinka/Adafruit_Blinka-8.4.0-py3-none-any.whl#sha256=61ce03051d52cd01d23de1731ad6f6129facabc608ce3ce5ab662e2a904c285d (from https://www.piwheels.org/simple/adafruit-blinka/) (requires-python:>=3.7.0), version: 8.4.0
2026-04-17T16:15:32,755   Found link https://www.piwheels.org/simple/adafruit-blinka/Adafruit_Blinka-8.3.0-py3-none-any.whl#sha256=89f247b34d0ce91b349884df4a47eb3df6ef49ac25814997d356178dd7f79b93 (from https://www.piwheels.org/simple/adafruit-blinka/) (requires-python:>=3.7.0), version: 8.3.0
2026-04-17T16:15:32,755   Found link https://www.piwheels.org/simple/adafruit-blinka/Adafruit_Blinka-8.2.2-py3-none-any.whl#sha256=9471a69d8b24595db11cce77eb66075b33badfcda5d609f6562b9a7088272e09 (from https://www.piwheels.org/simple/adafruit-blinka/) (requires-python:>=3.7.0), version: 8.2.2
2026-04-17T16:15:32,755   Found link https://www.piwheels.org/simple/adafruit-blinka/Adafruit_Blinka-8.2.1-py3-none-any.whl#sha256=bf2f3ab309c68bed950e7fc4e39ae49b6f9e9813a19710728f9cf48f166430cf (from https://www.piwheels.org/simple/adafruit-blinka/) (requires-python:>=3.7.0), version: 8.2.1
2026-04-17T16:15:32,755   Found link https://www.piwheels.org/simple/adafruit-blinka/Adafruit_Blinka-8.2.0-py3-none-any.whl#sha256=1f963e2a438c415e09b2ba11e184b0c0d244d362dd37b6bf9af603fd814863b2 (from https://www.piwheels.org/simple/adafruit-blinka/) (requires-python:>=3.7.0), version: 8.2.0
2026-04-17T16:15:32,755   Found link https://www.piwheels.org/simple/adafruit-blinka/Adafruit_Blinka-8.1.0-py3-none-any.whl#sha256=ac0f20067f50cab99b693ae1ae9eb7d642e64e736c44bee96f71e7fd0172552a (from https://www.piwheels.org/simple/adafruit-blinka/) (requires-python:>=3.7.0), version: 8.1.0
2026-04-17T16:15:32,755   Found link https://www.piwheels.org/simple/adafruit-blinka/Adafruit_Blinka-8.0.2-py3-none-any.whl#sha256=ac481b54dbd30b35a0418929a3e24dee49c6c94d86fba134d52ef7ce17cd90bb (from https://www.piwheels.org/simple/adafruit-blinka/) (requires-python:>=3.7.0), version: 8.0.2
2026-04-17T16:15:32,755   Found link https://www.piwheels.org/simple/adafruit-blinka/Adafruit_Blinka-8.0.1-py3-none-any.whl#sha256=d5b4bc12eed1314bdd882ef0ba8320b9e7c46de4868d7a228f467df49fd65f80 (from https://www.piwheels.org/simple/adafruit-blinka/) (requires-python:>=3.7.0), version: 8.0.1
2026-04-17T16:15:32,755   Found link https://www.piwheels.org/simple/adafruit-blinka/Adafruit_Blinka-8.0.0-py3-none-any.whl#sha256=5888e2237a83ae9dc1e4b26150aaf5dc7166e60b9ba43163a4faf15eeef121cf (from https://www.piwheels.org/simple/adafruit-blinka/) (requires-python:>=3.7.0), version: 8.0.0
2026-04-17T16:15:32,755   Found link https://www.piwheels.org/simple/adafruit-blinka/Adafruit_Blinka-7.4.0-py3-none-any.whl#sha256=56cc45ad001a4e35ddebe63cc07f2a8462eb5c604a0fe5e701bdefa32cf98efa (from https://www.piwheels.org/simple/adafruit-blinka/) (requires-python:>=3.7.0), version: 7.4.0
2026-04-17T16:15:32,755   Found link https://www.piwheels.org/simple/adafruit-blinka/Adafruit_Blinka-7.3.0-py3-none-any.whl#sha256=0bdf5d9d794fdea5d9c1d8c75f42cb9677ea217ee870d569abcb0b48d5c3af15 (from https://www.piwheels.org/simple/adafruit-blinka/) (requires-python:>=3.7.0), version: 7.3.0
2026-04-17T16:15:32,756   Found link https://www.piwheels.org/simple/adafruit-blinka/Adafruit_Blinka-7.2.3-py3-none-any.whl#sha256=ee0de0782c98cb84d770ec0f1297c741748295c9ec39bc1f40986067eee96e06 (from https://www.piwheels.org/simple/adafruit-blinka/) (requires-python:>=3.7.0), version: 7.2.3
2026-04-17T16:15:32,756   Found link https://www.piwheels.org/simple/adafruit-blinka/Adafruit_Blinka-7.2.2-py3-none-any.whl#sha256=6fbf24d360b7bae8b83bbf8bd74db618a2500cb58176326110c8a5d4b335641b (from https://www.piwheels.org/simple/adafruit-blinka/) (requires-python:>=3.7.0), version: 7.2.2
2026-04-17T16:15:32,756   Found link https://www.piwheels.org/simple/adafruit-blinka/Adafruit_Blinka-7.2.1-py3-none-any.whl#sha256=0069cb4a018e9e652272d76ce659fc3b9e8cd156fe3c37af830edf5fc3ce0113 (from https://www.piwheels.org/simple/adafruit-blinka/) (requires-python:>=3.7.0), version: 7.2.1
2026-04-17T16:15:32,756   Found link https://www.piwheels.org/simple/adafruit-blinka/Adafruit_Blinka-7.2.0-py3-none-any.whl#sha256=cfad5735c24b1dee23b606bd6345ca094928cbceca26a4f5ccae14ddb83b7719 (from https://www.piwheels.org/simple/adafruit-blinka/) (requires-python:>=3.7.0), version: 7.2.0
2026-04-17T16:15:32,756   Found link https://www.piwheels.org/simple/adafruit-blinka/Adafruit_Blinka-7.1.2-py3-none-any.whl#sha256=0e692c0af1fc3f5e589df1a3109dbf416a162254ae282a1beeb511f25d48b10f (from https://www.piwheels.org/simple/adafruit-blinka/) (requires-python:>=3.7.0), version: 7.1.2
2026-04-17T16:15:32,756   Found link https://www.piwheels.org/simple/adafruit-blinka/Adafruit_Blinka-7.1.1-py3-none-any.whl#sha256=e6df6698dfceba85bd57826d33acbf33b69159fc51457ed5e1574ad815da457d (from https://www.piwheels.org/simple/adafruit-blinka/) (requires-python:>=3.7.0), version: 7.1.1
2026-04-17T16:15:32,756   Found link https://www.piwheels.org/simple/adafruit-blinka/Adafruit_Blinka-7.1.0-py3-none-any.whl#sha256=29a8b8dec0ff47e1f63b80c753e884ed25c892623d72107202fa22c37b87660a (from https://www.piwheels.org/simple/adafruit-blinka/) (requires-python:>=3.7.0), version: 7.1.0
2026-04-17T16:15:32,756   Found link https://www.piwheels.org/simple/adafruit-blinka/Adafruit_Blinka-7.0.2-py3-none-any.whl#sha256=0581cd40a772d52491d678b40be397f860933d1ab73b8f3999d2f7c98c1724d7 (from https://www.piwheels.org/simple/adafruit-blinka/) (requires-python:>=3.7.0), version: 7.0.2
2026-04-17T16:15:32,756   Found link https://www.piwheels.org/simple/adafruit-blinka/Adafruit_Blinka-7.0.1-py3-none-any.whl#sha256=dbcc8095824220a87cebe5e20f04e18ad4523fa442a79c57e047ea424f4e59dd (from https://www.piwheels.org/simple/adafruit-blinka/) (requires-python:>=3.7.0), version: 7.0.1
2026-04-17T16:15:32,756   Found link https://www.piwheels.org/simple/adafruit-blinka/Adafruit_Blinka-7.0.0-py3-none-any.whl#sha256=e56cbf897399394d9a58c80c0727b3904a85945fd4a0a7cc65272ba6dcf19268 (from https://www.piwheels.org/simple/adafruit-blinka/) (requires-python:>=3.7.0), version: 7.0.0
2026-04-17T16:15:32,756   Found link https://www.piwheels.org/simple/adafruit-blinka/Adafruit_Blinka-6.20.4-py3-none-any.whl#sha256=678721892239cc8178f840ce5b6b8edc0ed1262516920c7432d95234aad9203b (from https://www.piwheels.org/simple/adafruit-blinka/) (requires-python:>=3.7.0), version: 6.20.4
2026-04-17T16:15:32,756   Found link https://www.piwheels.org/simple/adafruit-blinka/Adafruit_Blinka-6.20.3-py3-none-any.whl#sha256=2b8873734971dcb39112304236de3fdb6763ffbf8cda183617accfcf3ff15a0e (from https://www.piwheels.org/simple/adafruit-blinka/) (requires-python:>=3.7.0), version: 6.20.3
2026-04-17T16:15:32,756   Found link https://www.piwheels.org/simple/adafruit-blinka/Adafruit_Blinka-6.20.2-py3-none-any.whl#sha256=786b86f6075a8baeb7c33d2513280e2784c4322586afbac59466b0bf25f7eab4 (from https://www.piwheels.org/simple/adafruit-blinka/) (requires-python:>=3.7.0), version: 6.20.2
2026-04-17T16:15:32,756   Found link https://www.piwheels.org/simple/adafruit-blinka/Adafruit_Blinka-6.20.1-py3-none-any.whl#sha256=283e0abb2c11fbfc7db3e70178acfd3a38f914b98d2f85962cce8622e5dc79c0 (from https://www.piwheels.org/simple/adafruit-blinka/) (requires-python:>=3.7.0), version: 6.20.1
2026-04-17T16:15:32,756   Found link https://www.piwheels.org/simple/adafruit-blinka/Adafruit_Blinka-6.20.0-py3-none-any.whl#sha256=1fa1580b512709ed69d4a9caa03f8a1a8affec4a90a9db87fc2bffafbf468ca2 (from https://www.piwheels.org/simple/adafruit-blinka/) (requires-python:>=3.7.0), version: 6.20.0
2026-04-17T16:15:32,756   Found link https://www.piwheels.org/simple/adafruit-blinka/Adafruit_Blinka-6.19.0-py3-none-any.whl#sha256=bdea4aa2fff4873ef6fdfc7633c9282ffde616025f91f620e0cdb3979150db6f (from https://www.piwheels.org/simple/adafruit-blinka/) (requires-python:>=3.7.0), version: 6.19.0
2026-04-17T16:15:32,756   Found link https://www.piwheels.org/simple/adafruit-blinka/Adafruit_Blinka-6.18.0-py3-none-any.whl#sha256=71c19ba6cca57517bf7cd402c1554c97051037b7899153b981eea3b6af42b740 (from https://www.piwheels.org/simple/adafruit-blinka/) (requires-python:>=3.7.0), version: 6.18.0
2026-04-17T16:15:32,756   Found link https://www.piwheels.org/simple/adafruit-blinka/Adafruit_Blinka-6.17.0-py3-none-any.whl#sha256=a67c7e358b130648137cab7f74e43b86adff9283083ff315dd8b163ae8a22962 (from https://www.piwheels.org/simple/adafruit-blinka/) (requires-python:>=3.7.0), version: 6.17.0
2026-04-17T16:15:32,756   Found link https://www.piwheels.org/simple/adafruit-blinka/Adafruit_Blinka-6.16.0-py3-none-any.whl#sha256=4802bed9a9444acdfc1aca6f3653b6666c639c8c0f071503c37f517e3a43c4ee (from https://www.piwheels.org/simple/adafruit-blinka/) (requires-python:>=3.7.0), version: 6.16.0
2026-04-17T16:15:32,757   Found link https://www.piwheels.org/simple/adafruit-blinka/Adafruit_Blinka-6.15.0-py3-none-any.whl#sha256=aa3255bd6a163e023824ce707aba45cff398e112079f57fd5de69aa61ac3b772 (from https://www.piwheels.org/simple/adafruit-blinka/) (requires-python:>=3.6.0), version: 6.15.0
2026-04-17T16:15:32,757   Found link https://www.piwheels.org/simple/adafruit-blinka/Adafruit_Blinka-6.14.1-py3-none-any.whl#sha256=31be4f76bb996e6bbdb9836cde31396978b3ac3c31fabeb44d2046f43cc32f50 (from https://www.piwheels.org/simple/adafruit-blinka/) (requires-python:>=3.6.0), version: 6.14.1
2026-04-17T16:15:32,757   Found link https://www.piwheels.org/simple/adafruit-blinka/Adafruit_Blinka-6.14.0-py3-none-any.whl#sha256=a5c59344ff90238871120ea32284387f902b2a22c1a6cbd0898657455a180c79 (from https://www.piwheels.org/simple/adafruit-blinka/) (requires-python:>=3.6.0), version: 6.14.0
2026-04-17T16:15:32,757   Found link https://www.piwheels.org/simple/adafruit-blinka/Adafruit_Blinka-6.13.1-py3-none-any.whl#sha256=a5d8e2372748d19fd8ec82707459770e29cbcec815aa91434de82f58a037c0b7 (from https://www.piwheels.org/simple/adafruit-blinka/) (requires-python:>=3.6.0), version: 6.13.1
2026-04-17T16:15:32,757   Found link https://www.piwheels.org/simple/adafruit-blinka/Adafruit_Blinka-6.13.0-py3-none-any.whl#sha256=4749873ee982f86d9fda03c1b81b01c042dfe8eda026b14dc98375e1866d3f0a (from https://www.piwheels.org/simple/adafruit-blinka/) (requires-python:>=3.6.0), version: 6.13.0
2026-04-17T16:15:32,757   Found link https://www.piwheels.org/simple/adafruit-blinka/Adafruit_Blinka-6.12.0-py3-none-any.whl#sha256=b0972df60416cbcc91656dfcc48f345c3257be27e5008e5bb9b2f3462af0f94e (from https://www.piwheels.org/simple/adafruit-blinka/) (requires-python:>=3.6.0), version: 6.12.0
2026-04-17T16:15:32,757   Found link https://www.piwheels.org/simple/adafruit-blinka/Adafruit_Blinka-6.11.1-py3-none-any.whl#sha256=31112a0e6d126b230511e2e3cc7770629e170eaf43f21158891f868ead712258 (from https://www.piwheels.org/simple/adafruit-blinka/) (requires-python:>=3.6.0), version: 6.11.1
2026-04-17T16:15:32,757   Found link https://www.piwheels.org/simple/adafruit-blinka/Adafruit_Blinka-6.11.0-py3-none-any.whl#sha256=359feca915c81a022e4db0d102e79e34260685ba3ae40ab451dfa537b26e37df (from https://www.piwheels.org/simple/adafruit-blinka/) (requires-python:>=3.6.0), version: 6.11.0
2026-04-17T16:15:32,757   Found link https://www.piwheels.org/simple/adafruit-blinka/Adafruit_Blinka-6.10.3-py3-none-any.whl#sha256=e943525e9abb4ee0ecd3826a0bb9588ef20447c384de334f294ec4cff35c7db5 (from https://www.piwheels.org/simple/adafruit-blinka/) (requires-python:>=3.6.0), version: 6.10.3
2026-04-17T16:15:32,757   Found link https://www.piwheels.org/simple/adafruit-blinka/Adafruit_Blinka-6.10.2-py3-none-any.whl#sha256=bc88c0bde8d3a3be47683b61be97ecd910d493db8ae8f721c93d8bb5b25ddcc8 (from https://www.piwheels.org/simple/adafruit-blinka/) (requires-python:>=3.6.0), version: 6.10.2
2026-04-17T16:15:32,757   Found link https://www.piwheels.org/simple/adafruit-blinka/Adafruit_Blinka-6.10.1-py3-none-any.whl#sha256=75b820c823f9a1706eb48ebfb9f9c9a2962f3a8da20139d6c1f7067b00f00789 (from https://www.piwheels.org/simple/adafruit-blinka/) (requires-python:>=3.6.0), version: 6.10.1
2026-04-17T16:15:32,757   Found link https://www.piwheels.org/simple/adafruit-blinka/Adafruit_Blinka-6.10.0-py3-none-any.whl#sha256=dac92f0070e3c83ca9a7051d54f3b34ffb20357e13dc662e8b66a984128293a9 (from https://www.piwheels.org/simple/adafruit-blinka/) (requires-python:>=3.6.0), version: 6.10.0
2026-04-17T16:15:32,757   Found link https://www.piwheels.org/simple/adafruit-blinka/Adafruit_Blinka-6.9.2-py3-none-any.whl#sha256=fd221e8b70eec613059396f01f4196c34fcded9ce96ff0179cd27380d686d61e (from https://www.piwheels.org/simple/adafruit-blinka/) (requires-python:>=3.6.0), version: 6.9.2
2026-04-17T16:15:32,757   Found link https://www.piwheels.org/simple/adafruit-blinka/Adafruit_Blinka-6.9.1-py3-none-any.whl#sha256=0b61318512b0f976a6baa4d924e659add243d6dba9d428f988931585850101f2 (from https://www.piwheels.org/simple/adafruit-blinka/) (requires-python:>=3.6.0), version: 6.9.1
2026-04-17T16:15:32,757   Found link https://www.piwheels.org/simple/adafruit-blinka/Adafruit_Blinka-6.9.0-py3-none-any.whl#sha256=64e1858d83c052990a77c41b9636e0a69fb548b509a15443eb2878c4284afb96 (from https://www.piwheels.org/simple/adafruit-blinka/) (requires-python:>=3.6.0), version: 6.9.0
2026-04-17T16:15:32,757   Found link https://www.piwheels.org/simple/adafruit-blinka/Adafruit_Blinka-6.8.3-py3-none-any.whl#sha256=1b8ba83dd3f302a03539b29167fe94321b0d0aa5fb8611fc8a88206a185d4441 (from https://www.piwheels.org/simple/adafruit-blinka/) (requires-python:>=3.6.0), version: 6.8.3
2026-04-17T16:15:32,757   Found link https://www.piwheels.org/simple/adafruit-blinka/Adafruit_Blinka-6.8.2-py3-none-any.whl#sha256=ef78bbdbca6643ffc0035a9aacde0299deaec20183697761039c096119ac5a65 (from https://www.piwheels.org/simple/adafruit-blinka/) (requires-python:>=3.6.0), version: 6.8.2
2026-04-17T16:15:32,757   Found link https://www.piwheels.org/simple/adafruit-blinka/Adafruit_Blinka-6.8.1-py3-none-any.whl#sha256=939f9f09e1d2fa31e84579afcb0d21e0a296ffa44c379f1fb5d1207323bc3c32 (from https://www.piwheels.org/simple/adafruit-blinka/) (requires-python:>=3.6.0), version: 6.8.1
2026-04-17T16:15:32,757   Found link https://www.piwheels.org/simple/adafruit-blinka/Adafruit_Blinka-6.8.0-py3-none-any.whl#sha256=87f07a39c7a2dcfa05a4573b64883897fcef1270bc1dadc84c52753d16723a23 (from https://www.piwheels.org/simple/adafruit-blinka/) (requires-python:>=3.6.0), version: 6.8.0
2026-04-17T16:15:32,758   Found link https://www.piwheels.org/simple/adafruit-blinka/Adafruit_Blinka-6.7.0-py3-none-any.whl#sha256=f1f916da8ecff2f5c3f8d6465e65b42ebe82690ed7a11f4956b03cb7a63a0d07 (from https://www.piwheels.org/simple/adafruit-blinka/) (requires-python:>=3.6.0), version: 6.7.0
2026-04-17T16:15:32,758   Found link https://www.piwheels.org/simple/adafruit-blinka/Adafruit_Blinka-6.6.2-py3-none-any.whl#sha256=87ac725961623a21152fee392b027d9979db62a86db2dcbecbcab1474933d571 (from https://www.piwheels.org/simple/adafruit-blinka/) (requires-python:>=3.6.0), version: 6.6.2
2026-04-17T16:15:32,758   Found link https://www.piwheels.org/simple/adafruit-blinka/Adafruit_Blinka-6.6.1-py3-none-any.whl#sha256=48d3fbe561d5c8d297e6afc6a5870bddd3afe1a8576bd6f658313a6ea8df70ed (from https://www.piwheels.org/simple/adafruit-blinka/) (requires-python:>=3.6.0), version: 6.6.1
2026-04-17T16:15:32,758   Found link https://www.piwheels.org/simple/adafruit-blinka/Adafruit_Blinka-6.6.0-py3-none-any.whl#sha256=9491341ce63dac211db25062f3541a57bc078dfa2cba642bf993ca8a00be5581 (from https://www.piwheels.org/simple/adafruit-blinka/) (requires-python:>=3.6.0), version: 6.6.0
2026-04-17T16:15:32,758   Found link https://www.piwheels.org/simple/adafruit-blinka/Adafruit_Blinka-6.5.0-py3-none-any.whl#sha256=52b538272b9f395265b0586717e89a381dfaf07e67ccf1216d9b510a92cef838 (from https://www.piwheels.org/simple/adafruit-blinka/) (requires-python:>=3.6.0), version: 6.5.0
2026-04-17T16:15:32,758   Found link https://www.piwheels.org/simple/adafruit-blinka/Adafruit_Blinka-6.4.2-py3-none-any.whl#sha256=f174fdaf650eef2b64cb6c0dacf2a17e772217b71174a4875c77dbd31bbeab81 (from https://www.piwheels.org/simple/adafruit-blinka/) (requires-python:>=3.6.0), version: 6.4.2
2026-04-17T16:15:32,758   Found link https://www.piwheels.org/simple/adafruit-blinka/Adafruit_Blinka-6.4.1-py3-none-any.whl#sha256=885882c1a90f9143d4b392309632c88d8662398ed7bf1f1c9f34ab607b48029e (from https://www.piwheels.org/simple/adafruit-blinka/) (requires-python:>=3.6.0), version: 6.4.1
2026-04-17T16:15:32,758   Found link https://www.piwheels.org/simple/adafruit-blinka/Adafruit_Blinka-6.4.0-py3-none-any.whl#sha256=a0a27b94e9c359217f5ccfbeec50ea75ff38df38b7f0aa14fb8feb69f681a006 (from https://www.piwheels.org/simple/adafruit-blinka/) (requires-python:>=3.6.0), version: 6.4.0
2026-04-17T16:15:32,758   Found link https://www.piwheels.org/simple/adafruit-blinka/Adafruit_Blinka-6.3.2-py3-none-any.whl#sha256=b2d0341c59d0d4fd6adc2fb26c6c051538e5974ce4317c480cee3ebef3452b2d (from https://www.piwheels.org/simple/adafruit-blinka/) (requires-python:>=3.6.0), version: 6.3.2
2026-04-17T16:15:32,758   Found link https://www.piwheels.org/simple/adafruit-blinka/Adafruit_Blinka-6.3.1-py3-none-any.whl#sha256=a0dabb15845a76a62adcccd9b59b517f054aace5a509db73cb0e922a19981eff (from https://www.piwheels.org/simple/adafruit-blinka/) (requires-python:>=3.6.0), version: 6.3.1
2026-04-17T16:15:32,758   Found link https://www.piwheels.org/simple/adafruit-blinka/Adafruit_Blinka-6.3.0-py3-none-any.whl#sha256=c049a0c490d65ad52d07cc6d4bc1038e3dbeeceefd0c3f41a366f537ef2841e6 (from https://www.piwheels.org/simple/adafruit-blinka/) (requires-python:>=3.6.0), version: 6.3.0
2026-04-17T16:15:32,758   Found link https://www.piwheels.org/simple/adafruit-blinka/Adafruit_Blinka-6.2.2-py3-none-any.whl#sha256=da10017649d268cd68077960e40acc4f54867f204f871bc02a1e24de81c34c24 (from https://www.piwheels.org/simple/adafruit-blinka/) (requires-python:>=3.6.0), version: 6.2.2
2026-04-17T16:15:32,758   Found link https://www.piwheels.org/simple/adafruit-blinka/Adafruit_Blinka-6.2.1-py3-none-any.whl#sha256=8b5d8b164eba3943c6410f795cb3f83f56741516c09252f2e92c169252129ff2 (from https://www.piwheels.org/simple/adafruit-blinka/) (requires-python:>=3.6.0), version: 6.2.1
2026-04-17T16:15:32,758   Found link https://archive1.piwheels.org/simple/adafruit-blinka/Adafruit_Blinka-6.2.0-py3-none-any.whl#sha256=592dc23f0f3554103ad661dde11d4ff683db2e642349d73940e3cf9fd33c27be (from https://www.piwheels.org/simple/adafruit-blinka/) (requires-python:>=3.6.0), version: 6.2.0
2026-04-17T16:15:32,758   Found link https://archive1.piwheels.org/simple/adafruit-blinka/Adafruit_Blinka-6.1.0-py3-none-any.whl#sha256=d15de2b847d36420859a5d8d46850a3b40c366fca2fe1dd9190cbc91a1fba476 (from https://www.piwheels.org/simple/adafruit-blinka/) (requires-python:>=3.6.0), version: 6.1.0
2026-04-17T16:15:32,758   Found link https://archive1.piwheels.org/simple/adafruit-blinka/Adafruit_Blinka-6.0.2-py3-none-any.whl#sha256=ac17680941575e32e4817d2b6ac23f3155eedf489fe412cbd08d7f38d1edd4f0 (from https://www.piwheels.org/simple/adafruit-blinka/) (requires-python:>=3.6.0), version: 6.0.2
2026-04-17T16:15:32,758   Found link https://archive1.piwheels.org/simple/adafruit-blinka/Adafruit_Blinka-6.0.1-py3-none-any.whl#sha256=192f1a8ac032a4181a63569653b7af64d12ac3f6cab779079a5f630c30c683c7 (from https://www.piwheels.org/simple/adafruit-blinka/) (requires-python:>=3.6.0), version: 6.0.1
2026-04-17T16:15:32,758   Found link https://archive1.piwheels.org/simple/adafruit-blinka/Adafruit_Blinka-6.0.0-py3-none-any.whl#sha256=d472af96ac0cce77dd713a261429ca14500978450780df71bf6355f49938d857 (from https://www.piwheels.org/simple/adafruit-blinka/) (requires-python:>=3.6.0), version: 6.0.0
2026-04-17T16:15:32,759   Found link https://archive1.piwheels.org/simple/adafruit-blinka/Adafruit_Blinka-5.13.1-py3-none-any.whl#sha256=2f76264d344c2b6c49a557408dfd586389246a54ddfe74ba6b0ac40ceaead143 (from https://www.piwheels.org/simple/adafruit-blinka/) (requires-python:>=3.5.0), version: 5.13.1
2026-04-17T16:15:32,759   Found link https://archive1.piwheels.org/simple/adafruit-blinka/Adafruit_Blinka-5.13.0-py3-none-any.whl#sha256=5a18ecee85ae7dfcb2c94afc918f4a86aa5943f96271fd513fe0321a833ccba4 (from https://www.piwheels.org/simple/adafruit-blinka/) (requires-python:>=3.5.0), version: 5.13.0
2026-04-17T16:15:32,759   Found link https://archive1.piwheels.org/simple/adafruit-blinka/Adafruit_Blinka-5.12.0-py3-none-any.whl#sha256=afcc4b8cdf81e6667c7d7ba54d6cc7efd45c8051387d91ef4a1b3931e3da4522 (from https://www.piwheels.org/simple/adafruit-blinka/) (requires-python:>=3.5.0), version: 5.12.0
2026-04-17T16:15:32,759   Found link https://archive1.piwheels.org/simple/adafruit-blinka/Adafruit_Blinka-5.11.0-py3-none-any.whl#sha256=2a373b43670606a1a80efc4a3b17234d47cc1954c716b9c014f27c61aaf568fa (from https://www.piwheels.org/simple/adafruit-blinka/) (requires-python:>=3.5.0), version: 5.11.0
2026-04-17T16:15:32,759   Found link https://archive1.piwheels.org/simple/adafruit-blinka/Adafruit_Blinka-5.10.0-py3-none-any.whl#sha256=a2b5993641e1f8162bd798d60a2ab2125b1580e6a4395aef186742f7fd0b1228 (from https://www.piwheels.org/simple/adafruit-blinka/) (requires-python:>=3.5.0), version: 5.10.0
2026-04-17T16:15:32,759   Found link https://archive1.piwheels.org/simple/adafruit-blinka/Adafruit_Blinka-5.9.2-py3-none-any.whl#sha256=2de3239e040d202ebe9a5564af444745b22b931411b9c9c4e5fef69efcbca208 (from https://www.piwheels.org/simple/adafruit-blinka/) (requires-python:>=3.5.0), version: 5.9.2
2026-04-17T16:15:32,759   Found link https://archive1.piwheels.org/simple/adafruit-blinka/Adafruit_Blinka-5.9.1-py3-none-any.whl#sha256=602644acbf7c027e7b65fb00f81b654f4a3806bb05673ced0f08365e5dfb86d7 (from https://www.piwheels.org/simple/adafruit-blinka/) (requires-python:>=3.5.0), version: 5.9.1
2026-04-17T16:15:32,759   Found link https://archive1.piwheels.org/simple/adafruit-blinka/Adafruit_Blinka-5.9.0-py3-none-any.whl#sha256=c0850febf7d911f6521a619b6eae97d43bed8b57fd3f3c32274fb6cc1b98ea5d (from https://www.piwheels.org/simple/adafruit-blinka/) (requires-python:>=3.5.0), version: 5.9.0
2026-04-17T16:15:32,759   Found link https://archive1.piwheels.org/simple/adafruit-blinka/Adafruit_Blinka-5.8.2-py3-none-any.whl#sha256=46d54058ea57625a516c7c02c86f0248485ac131792a5f864d2149b89e8d061f (from https://www.piwheels.org/simple/adafruit-blinka/) (requires-python:>=3.5.0), version: 5.8.2
2026-04-17T16:15:32,759   Found link https://archive1.piwheels.org/simple/adafruit-blinka/Adafruit_Blinka-5.8.1-py3-none-any.whl#sha256=249ac44c7628c66b45afda6b77ecd168ff4a10f60a2560f35418d9cdee8e1afd (from https://www.piwheels.org/simple/adafruit-blinka/) (requires-python:>=3.5.0), version: 5.8.1
2026-04-17T16:15:32,759   Found link https://archive1.piwheels.org/simple/adafruit-blinka/Adafruit_Blinka-5.8.0-py3-none-any.whl#sha256=faedff0c14e990f035e48ca9b30ae110c748569e22a41ab5065fcdf858bc5653 (from https://www.piwheels.org/simple/adafruit-blinka/) (requires-python:>=3.5.0), version: 5.8.0
2026-04-17T16:15:32,759   Found link https://archive1.piwheels.org/simple/adafruit-blinka/Adafruit_Blinka-5.7.0-py3-none-any.whl#sha256=b4fe50dac49c5784b327cbf9e3558df19b82f2bc7c665c4ee91eb944b4981039 (from https://www.piwheels.org/simple/adafruit-blinka/) (requires-python:>=3.5.0), version: 5.7.0
2026-04-17T16:15:32,759   Found link https://archive1.piwheels.org/simple/adafruit-blinka/Adafruit_Blinka-5.6.0-py3-none-any.whl#sha256=a1b53df4b81df938cd67db6f22937c8f4fa88fb25b969231ac974e102df554e7 (from https://www.piwheels.org/simple/adafruit-blinka/) (requires-python:>=3.5.0), version: 5.6.0
2026-04-17T16:15:32,759   Found link https://archive1.piwheels.org/simple/adafruit-blinka/Adafruit_Blinka-5.5.4-py3-none-any.whl#sha256=92af67ab77479e77f1a3039328d18c0ed14f0662195ee256537b891099328054 (from https://www.piwheels.org/simple/adafruit-blinka/) (requires-python:>=3.5.0), version: 5.5.4
2026-04-17T16:15:32,759   Found link https://archive1.piwheels.org/simple/adafruit-blinka/Adafruit_Blinka-5.5.3-py3-none-any.whl#sha256=587d367ef4f3c8c50061bc969623d7c70c6d8475e5d3f8f29befc8f8e8b190c9 (from https://www.piwheels.org/simple/adafruit-blinka/) (requires-python:>=3.5.0), version: 5.5.3
2026-04-17T16:15:32,759   Found link https://archive1.piwheels.org/simple/adafruit-blinka/Adafruit_Blinka-5.5.2-py3-none-any.whl#sha256=6e4206964a3e9d01229b30403c2d87daa3f9cf1065dc7fdb0555b27a29771eac (from https://www.piwheels.org/simple/adafruit-blinka/) (requires-python:>=3.5.0), version: 5.5.2
2026-04-17T16:15:32,759   Found link https://archive1.piwheels.org/simple/adafruit-blinka/Adafruit_Blinka-5.5.1-py3-none-any.whl#sha256=ecb0218a292ce86261988bea2b145453b4a5409cb9bc393c0978161da797100b (from https://www.piwheels.org/simple/adafruit-blinka/) (requires-python:>=3.5.0), version: 5.5.1
2026-04-17T16:15:32,759   Found link https://archive1.piwheels.org/simple/adafruit-blinka/Adafruit_Blinka-5.5.0-py3-none-any.whl#sha256=7b8cb25c81fb4dc4cc9b8af50380b1edb6e05491ce971370bf42a67144c91e81 (from https://www.piwheels.org/simple/adafruit-blinka/) (requires-python:>=3.5.0), version: 5.5.0
2026-04-17T16:15:32,759   Found link https://archive1.piwheels.org/simple/adafruit-blinka/Adafruit_Blinka-5.4.1-py3-none-any.whl#sha256=bead7e7a32ff420c115735d65fbe88b4db14646111fcb9c9755d61a9334bc9bc (from https://www.piwheels.org/simple/adafruit-blinka/) (requires-python:>=3.5.0), version: 5.4.1
2026-04-17T16:15:32,760   Found link https://archive1.piwheels.org/simple/adafruit-blinka/Adafruit_Blinka-5.4.0-py3-none-any.whl#sha256=0e11ccaf815d252ab5c56f59005453716bfd15f075b9f2ed51af21811a0a4264 (from https://www.piwheels.org/simple/adafruit-blinka/) (requires-python:>=3.5.0), version: 5.4.0
2026-04-17T16:15:32,760   Found link https://archive1.piwheels.org/simple/adafruit-blinka/Adafruit_Blinka-5.3.4-py3-none-any.whl#sha256=256a9763e789f29a6dbb5298eace594a11e4b21ded731201501380f55cc5ff56 (from https://www.piwheels.org/simple/adafruit-blinka/) (requires-python:>=3.5.0), version: 5.3.4
2026-04-17T16:15:32,760   Found link https://archive1.piwheels.org/simple/adafruit-blinka/Adafruit_Blinka-5.3.3-py3-none-any.whl#sha256=a5be14745451a7ac22750f66c5551fd6c98e6868d60940e481b435b0b663650a (from https://www.piwheels.org/simple/adafruit-blinka/) (requires-python:>=3.5.0), version: 5.3.3
2026-04-17T16:15:32,760   Found link https://archive1.piwheels.org/simple/adafruit-blinka/Adafruit_Blinka-5.3.2-py3-none-any.whl#sha256=ba98866cfada72fb04c22a1f14883321b0ad6fcc4d46391d1cd519e33e72e22a (from https://www.piwheels.org/simple/adafruit-blinka/) (requires-python:>=3.5.0), version: 5.3.2
2026-04-17T16:15:32,760   Found link https://archive1.piwheels.org/simple/adafruit-blinka/Adafruit_Blinka-5.3.1-py3-none-any.whl#sha256=016ff6124c796c2c0db88ab72262312c4375f4b9ff86fb9696f936482915ef14 (from https://www.piwheels.org/simple/adafruit-blinka/) (requires-python:>=3.5.0), version: 5.3.1
2026-04-17T16:15:32,760   Found link https://archive1.piwheels.org/simple/adafruit-blinka/Adafruit_Blinka-5.3.0-py3-none-any.whl#sha256=948fbcd9cafce803724086e0bb8df96ced6bad793a51ed79320d8e14e88ae92b (from https://www.piwheels.org/simple/adafruit-blinka/) (requires-python:>=3.5.0), version: 5.3.0
2026-04-17T16:15:32,760   Found link https://archive1.piwheels.org/simple/adafruit-blinka/Adafruit_Blinka-5.2.4-py3-none-any.whl#sha256=2a3e72b1075c3988f5fa21a313b86021f630ebbaef62e6a60c5f01f70336e9e8 (from https://www.piwheels.org/simple/adafruit-blinka/) (requires-python:>=3.5.0), version: 5.2.4
2026-04-17T16:15:32,760   Found link https://archive1.piwheels.org/simple/adafruit-blinka/Adafruit_Blinka-5.2.3-py3-none-any.whl#sha256=a6570b4bd831dd5679b200acd8b46988893e97bcc87a5e2554da8fccb4be5bd3 (from https://www.piwheels.org/simple/adafruit-blinka/) (requires-python:>=3.5.0), version: 5.2.3
2026-04-17T16:15:32,760   Found link https://archive1.piwheels.org/simple/adafruit-blinka/Adafruit_Blinka-5.2.2-py3-none-any.whl#sha256=18095c28eb3d928e33dbc0664e4bd890b685cd42efd8508381bc94ca54873108 (from https://www.piwheels.org/simple/adafruit-blinka/) (requires-python:>=3.5.0), version: 5.2.2
2026-04-17T16:15:32,760   Found link https://archive1.piwheels.org/simple/adafruit-blinka/Adafruit_Blinka-5.2.1-py3-none-any.whl#sha256=c973582cc4903432da0c8657d8d5de9d3b10c18b7d27f97357dd8efb7aeafd6d (from https://www.piwheels.org/simple/adafruit-blinka/) (requires-python:>=3.5.0), version: 5.2.1
2026-04-17T16:15:32,760   Found link https://archive1.piwheels.org/simple/adafruit-blinka/Adafruit_Blinka-5.2.0-py3-none-any.whl#sha256=77dabb87a94d577f6654eb55bdad0ea7071740e5adc84a9e7c520cde97e12b13 (from https://www.piwheels.org/simple/adafruit-blinka/) (requires-python:>=3.5.0), version: 5.2.0
2026-04-17T16:15:32,760   Found link https://archive1.piwheels.org/simple/adafruit-blinka/Adafruit_Blinka-5.1.0-py3-none-any.whl#sha256=ad4769fb7dccd45fccbd5abb088bedac0ef8a14447d15de91f156768fb670b47 (from https://www.piwheels.org/simple/adafruit-blinka/) (requires-python:>=3.5.0), version: 5.1.0
2026-04-17T16:15:32,760   Found link https://archive1.piwheels.org/simple/adafruit-blinka/Adafruit_Blinka-5.0.1-py3-none-any.whl#sha256=a5dbaf802d5bfba45608cda224cf7b9b38666385be770e9808ed38c057b25ce2 (from https://www.piwheels.org/simple/adafruit-blinka/) (requires-python:>=3.5.0), version: 5.0.1
2026-04-17T16:15:32,760   Found link https://archive1.piwheels.org/simple/adafruit-blinka/Adafruit_Blinka-5.0.0-py3-none-any.whl#sha256=a0abac78ee7d2cfae6312f6bcab3d26ac260e4027c72d561a912d6bb97dc3d92 (from https://www.piwheels.org/simple/adafruit-blinka/) (requires-python:>=3.5.0), version: 5.0.0
2026-04-17T16:15:32,760   Found link https://archive1.piwheels.org/simple/adafruit-blinka/Adafruit_Blinka-4.10.1-py3-none-any.whl#sha256=26752bf69df971b3e13a0bdcc419c8b4887c2d5fc909030e298b5e795728e198 (from https://www.piwheels.org/simple/adafruit-blinka/) (requires-python:>=3.5.0), version: 4.10.1
2026-04-17T16:15:32,760   Found link https://archive1.piwheels.org/simple/adafruit-blinka/Adafruit_Blinka-4.10.0-py3-none-any.whl#sha256=e32a793aa785902f01d6b26ae9f7e7e86a31cef32e62a651a305c0851f1775bf (from https://www.piwheels.org/simple/adafruit-blinka/) (requires-python:>=3.5.0), version: 4.10.0
2026-04-17T16:15:32,760   Found link https://archive1.piwheels.org/simple/adafruit-blinka/Adafruit_Blinka-4.9.0-py3-none-any.whl#sha256=c77a2dba31d102ea7e9a162c78338c81a2dea97c97ce40b2e2e88dbf3b769860 (from https://www.piwheels.org/simple/adafruit-blinka/) (requires-python:>=3.5.0), version: 4.9.0
2026-04-17T16:15:32,760   Found link https://archive1.piwheels.org/simple/adafruit-blinka/Adafruit_Blinka-4.8.1-py3-none-any.whl#sha256=53a0b172eb5e3dd5346d159b45acbf1ef8d4dbf509bd8de10cbdc08e4d469f0e (from https://www.piwheels.org/simple/adafruit-blinka/) (requires-python:>=3.5.0), version: 4.8.1
2026-04-17T16:15:32,761   Found link https://archive1.piwheels.org/simple/adafruit-blinka/Adafruit_Blinka-4.8.0-py3-none-any.whl#sha256=16f4a5fb0658f6b0fe40f6f909bfbeb4c6d0a3d276c31b0b03961565cc9663d3 (from https://www.piwheels.org/simple/adafruit-blinka/) (requires-python:>=3.5.0), version: 4.8.0
2026-04-17T16:15:32,761   Found link https://archive1.piwheels.org/simple/adafruit-blinka/Adafruit_Blinka-4.7.0-py3-none-any.whl#sha256=a37a6f2e60d6854911d47012e3f29b91047bcf02fcda049caf26073667f7bcca (from https://www.piwheels.org/simple/adafruit-blinka/) (requires-python:>=3.5.0), version: 4.7.0
2026-04-17T16:15:32,761   Found link https://archive1.piwheels.org/simple/adafruit-blinka/Adafruit_Blinka-4.6.0-py3-none-any.whl#sha256=03cda2a00d0695add7498c1c6c60423cab7dd321060f0369adace4ac4f9f561f (from https://www.piwheels.org/simple/adafruit-blinka/) (requires-python:>=3.5.0), version: 4.6.0
2026-04-17T16:15:32,761   Found link https://archive1.piwheels.org/simple/adafruit-blinka/Adafruit_Blinka-4.5.0-py3-none-any.whl#sha256=cdd3503a271c94a4ac696bb1ded2fcf1c812778f99d6f2c2e987e7851232368f (from https://www.piwheels.org/simple/adafruit-blinka/) (requires-python:>=3.4.0), version: 4.5.0
2026-04-17T16:15:32,761   Found link https://archive1.piwheels.org/simple/adafruit-blinka/Adafruit_Blinka-4.4.0-py3-none-any.whl#sha256=cb6ae69b4b2ff639ca5996931e9824c639ae5cd9d2a983708ddd5ebbe6399c43 (from https://www.piwheels.org/simple/adafruit-blinka/) (requires-python:>=3.4.0), version: 4.4.0
2026-04-17T16:15:32,761   Found link https://archive1.piwheels.org/simple/adafruit-blinka/Adafruit_Blinka-4.3.0-py3-none-any.whl#sha256=653f13420862c9874b8233f9766ce466be5799eb3fd48560f90529566e8a4afd (from https://www.piwheels.org/simple/adafruit-blinka/) (requires-python:>=3.4.0), version: 4.3.0
2026-04-17T16:15:32,761   Found link https://archive1.piwheels.org/simple/adafruit-blinka/Adafruit_Blinka-4.2.0-py3-none-any.whl#sha256=dbd25293944e118bec49ef0763b51cda8445b7a8cb49e8d39934f01551820cc5 (from https://www.piwheels.org/simple/adafruit-blinka/) (requires-python:>=3.4.0), version: 4.2.0
2026-04-17T16:15:32,761   Found link https://archive1.piwheels.org/simple/adafruit-blinka/Adafruit_Blinka-4.1.0-py3-none-any.whl#sha256=11f1b0e1caed87712a7508d759fea5f8d67977bd45ef30022845dbcbc9c69b3c (from https://www.piwheels.org/simple/adafruit-blinka/) (requires-python:>=3.4.0), version: 4.1.0
2026-04-17T16:15:32,761   Found link https://archive1.piwheels.org/simple/adafruit-blinka/Adafruit_Blinka-4.0.0-py3-none-any.whl#sha256=5a6cf49ceaac3fcfba98c03a4ec36bf84e873808b6639ab2e089ad6fd4d97399 (from https://www.piwheels.org/simple/adafruit-blinka/) (requires-python:>=3.4.0), version: 4.0.0
2026-04-17T16:15:32,761   Found link https://archive1.piwheels.org/simple/adafruit-blinka/Adafruit_Blinka-3.10.0-py3-none-any.whl#sha256=a4e652f3d1e52e67f627359361918d668d6c5a97bebbfad7668633d2da825a3c (from https://www.piwheels.org/simple/adafruit-blinka/) (requires-python:>=3.4.0), version: 3.10.0
2026-04-17T16:15:32,761   Found link https://archive1.piwheels.org/simple/adafruit-blinka/Adafruit_Blinka-3.9.0-py3-none-any.whl#sha256=d54f72e8456742048c8b1d25c036bf2304bdc147c4c439a054783c92d02d8b3d (from https://www.piwheels.org/simple/adafruit-blinka/) (requires-python:>=3.4.0), version: 3.9.0
2026-04-17T16:15:32,761   Found link https://archive1.piwheels.org/simple/adafruit-blinka/Adafruit_Blinka-3.8.0-py3-none-any.whl#sha256=9d5891b2e119fb0cb58f4c9cedeebe448b682a4aff34c83a72cac418230f5004 (from https://www.piwheels.org/simple/adafruit-blinka/) (requires-python:>=3.4.0), version: 3.8.0
2026-04-17T16:15:32,761   Found link https://archive1.piwheels.org/simple/adafruit-blinka/Adafruit_Blinka-3.7.1-py3-none-any.whl#sha256=fb192374725815ac5e1ad2609011aac797d39d314ed5fed2562cc2af9c252905 (from https://www.piwheels.org/simple/adafruit-blinka/) (requires-python:>=3.4.0), version: 3.7.1
2026-04-17T16:15:32,761   Found link https://archive1.piwheels.org/simple/adafruit-blinka/Adafruit_Blinka-3.7.0-py3-none-any.whl#sha256=9f6fa43b7cf5e3f46603b536b0547b1524c839ab41850b278c7638547a0f8fe0 (from https://www.piwheels.org/simple/adafruit-blinka/) (requires-python:>=3.4.0), version: 3.7.0
2026-04-17T16:15:32,761   Found link https://archive1.piwheels.org/simple/adafruit-blinka/Adafruit_Blinka-3.6.1-py3-none-any.whl#sha256=83a78a15551013612de80f80b5a69a86e05aa3a1173b2b19ef3fcca9d77bde81 (from https://www.piwheels.org/simple/adafruit-blinka/) (requires-python:>=3.4.0), version: 3.6.1
2026-04-17T16:15:32,761   Found link https://archive1.piwheels.org/simple/adafruit-blinka/Adafruit_Blinka-3.6.0-py3-none-any.whl#sha256=8121d4a704e6a36dad667cc9e1d216078d595429d1f59fd5db5b20a28d782143 (from https://www.piwheels.org/simple/adafruit-blinka/) (requires-python:>=3.4.0), version: 3.6.0
2026-04-17T16:15:32,761   Found link https://archive1.piwheels.org/simple/adafruit-blinka/Adafruit_Blinka-3.5.2-py3-none-any.whl#sha256=42dfb59865c37fe7c58a7da3d9dde1a2a87291064088df6183e6b2e9b92042c2 (from https://www.piwheels.org/simple/adafruit-blinka/) (requires-python:>=3.4.0), version: 3.5.2
2026-04-17T16:15:32,761   Found link https://archive1.piwheels.org/simple/adafruit-blinka/Adafruit_Blinka-3.5.1-py3-none-any.whl#sha256=b830f10fa5ef69ebc490d1d5feb20990b163a7c24851c988794c87bae523f699 (from https://www.piwheels.org/simple/adafruit-blinka/) (requires-python:>=3.4.0), version: 3.5.1
2026-04-17T16:15:32,762   Found link https://archive1.piwheels.org/simple/adafruit-blinka/Adafruit_Blinka-3.5.0-py3-none-any.whl#sha256=8b6b816c63764efc73d85663944f9b19eda11dd9e9d23744cec539fcbb9a42dd (from https://www.piwheels.org/simple/adafruit-blinka/) (requires-python:>=3.4.0), version: 3.5.0
2026-04-17T16:15:32,762   Found link https://archive1.piwheels.org/simple/adafruit-blinka/Adafruit_Blinka-3.4.1-py3-none-any.whl#sha256=60ce63e50097edf44cc0461e366bae876e6baa33d871f2715120bb6442f86855 (from https://www.piwheels.org/simple/adafruit-blinka/) (requires-python:>=3.4.0), version: 3.4.1
2026-04-17T16:15:32,762   Found link https://archive1.piwheels.org/simple/adafruit-blinka/Adafruit_Blinka-3.4.0-py3-none-any.whl#sha256=cc62394dfcb4685a0146fe09b0a7c3859c3cdd52fd02fbbcaf68dfa4bb2dd30f (from https://www.piwheels.org/simple/adafruit-blinka/) (requires-python:>=3.4.0), version: 3.4.0
2026-04-17T16:15:32,762   Found link https://archive1.piwheels.org/simple/adafruit-blinka/Adafruit_Blinka-3.3.10-py3-none-any.whl#sha256=91670e1544e617c15073e831dc9daa6be12723de0d67e824a8ebd37340a2a0c7 (from https://www.piwheels.org/simple/adafruit-blinka/) (requires-python:>=3.4.0), version: 3.3.10
2026-04-17T16:15:32,762   Found link https://archive1.piwheels.org/simple/adafruit-blinka/Adafruit_Blinka-3.3.9-py3-none-any.whl#sha256=e7ede9a95646d6b13bae0b4088a20f2e13b7ff56a21d852c52212f1ae8b059fb (from https://www.piwheels.org/simple/adafruit-blinka/) (requires-python:>=3.4.0), version: 3.3.9
2026-04-17T16:15:32,762   Found link https://archive1.piwheels.org/simple/adafruit-blinka/Adafruit_Blinka-3.3.8-py3-none-any.whl#sha256=ec42478d0fd8baa48e9c85116c61679b16006e5e98f0f7b9ba8a3fd861973b77 (from https://www.piwheels.org/simple/adafruit-blinka/) (requires-python:>=3.4.0), version: 3.3.8
2026-04-17T16:15:32,762   Found link https://archive1.piwheels.org/simple/adafruit-blinka/Adafruit_Blinka-3.3.7-py3-none-any.whl#sha256=d301fbf20a74446b7f6d75a7c29a2fd6ef6072ee40d87b98e4b47073692a3623 (from https://www.piwheels.org/simple/adafruit-blinka/) (requires-python:>=3.4.0), version: 3.3.7
2026-04-17T16:15:32,762   Found link https://archive1.piwheels.org/simple/adafruit-blinka/Adafruit_Blinka-3.3.6-py3-none-any.whl#sha256=20c9af90b3affd4414f10ac1da607118a606bb8773351d9b720752e07b462d69 (from https://www.piwheels.org/simple/adafruit-blinka/) (requires-python:>=3.4.0), version: 3.3.6
2026-04-17T16:15:32,762   Found link https://archive1.piwheels.org/simple/adafruit-blinka/Adafruit_Blinka-3.3.5-py3-none-any.whl#sha256=b4bb451eee553dc7d4cd363143f5f12e348ce8c588a638fa569ee1772024d5c0 (from https://www.piwheels.org/simple/adafruit-blinka/) (requires-python:>=3.4.0), version: 3.3.5
2026-04-17T16:15:32,762   Found link https://archive1.piwheels.org/simple/adafruit-blinka/Adafruit_Blinka-3.3.4-py3-none-any.whl#sha256=0252ba491c242247394c6b2e38ec9c5db60a1bb90d58dda1084ff41061b841ba (from https://www.piwheels.org/simple/adafruit-blinka/) (requires-python:>=3.4.0), version: 3.3.4
2026-04-17T16:15:32,762   Found link https://archive1.piwheels.org/simple/adafruit-blinka/Adafruit_Blinka-3.3.3-py3-none-any.whl#sha256=5f3b3211511358e9ecf412174e14518341bd6cd09a7df472a208baaa77fc644b (from https://www.piwheels.org/simple/adafruit-blinka/) (requires-python:>=3.4.0), version: 3.3.3
2026-04-17T16:15:32,762   Found link https://archive1.piwheels.org/simple/adafruit-blinka/Adafruit_Blinka-3.3.2-py3-none-any.whl#sha256=53c009e860c42b9ebb3a7349c42224de46c71649e0b8c7116f24c26492e1f5aa (from https://www.piwheels.org/simple/adafruit-blinka/) (requires-python:>=3.4.0), version: 3.3.2
2026-04-17T16:15:32,762   Found link https://archive1.piwheels.org/simple/adafruit-blinka/Adafruit_Blinka-3.3.1-py3-none-any.whl#sha256=79b4a3db3994d5a8518f4de1e8ef06ecaa8372b74018e7a844c369edeca350eb (from https://www.piwheels.org/simple/adafruit-blinka/) (requires-python:>=3.4.0), version: 3.3.1
2026-04-17T16:15:32,762   Found link https://archive1.piwheels.org/simple/adafruit-blinka/Adafruit_Blinka-3.3.0-py3-none-any.whl#sha256=cbb3fc88f0bd5a36fb676ae10c9ff704d68c3a0c3a8878cd6e10651cc75c9de0 (from https://www.piwheels.org/simple/adafruit-blinka/) (requires-python:>=3.4.0), version: 3.3.0
2026-04-17T16:15:32,762   Found link https://archive1.piwheels.org/simple/adafruit-blinka/Adafruit_Blinka-3.2.0-py3-none-any.whl#sha256=8803b5c1830a94cf8d670b63a4b63864faef3ce6d0b22000e2d7bb2d0c015be2 (from https://www.piwheels.org/simple/adafruit-blinka/) (requires-python:>=3.4.0), version: 3.2.0
2026-04-17T16:15:32,762   Found link https://archive1.piwheels.org/simple/adafruit-blinka/Adafruit_Blinka-3.1.2-py3-none-any.whl#sha256=0b56ddfe163c0e6b8b91ef31c658e5846e0746ada1df279005887a5f2ee96e64 (from https://www.piwheels.org/simple/adafruit-blinka/) (requires-python:>=3.4.0), version: 3.1.2
2026-04-17T16:15:32,762   Found link https://archive1.piwheels.org/simple/adafruit-blinka/Adafruit_Blinka-3.1.1-py3-none-any.whl#sha256=111943f6cccc66aec9b1ca55fad592e3509f9a712d6f6ab998b7bca4836349db (from https://www.piwheels.org/simple/adafruit-blinka/) (requires-python:>=3.4.0), version: 3.1.1
2026-04-17T16:15:32,762   Found link https://archive1.piwheels.org/simple/adafruit-blinka/Adafruit_Blinka-3.1.0-py3-none-any.whl#sha256=8ae79782180f4693ec15f0729adb0789a0081329f6f9fa8ca243ff7380952582 (from https://www.piwheels.org/simple/adafruit-blinka/) (requires-python:>=3.4.0), version: 3.1.0
2026-04-17T16:15:32,762   Found link https://archive1.piwheels.org/simple/adafruit-blinka/Adafruit_Blinka-3.0.8-py3-none-any.whl#sha256=895eef9b9682a323a32744071317a0189a39e1dbbd2adb66652ab7b5895198a2 (from https://www.piwheels.org/simple/adafruit-blinka/) (requires-python:>=3.4.0), version: 3.0.8
2026-04-17T16:15:32,763   Found link https://archive1.piwheels.org/simple/adafruit-blinka/Adafruit_Blinka-3.0.7-py3-none-any.whl#sha256=f1ab2c7efb2604c3499a2ed370bd7e92a891612c04ecefa854ed381bb91ea3f9 (from https://www.piwheels.org/simple/adafruit-blinka/) (requires-python:>=3.4.0), version: 3.0.7
2026-04-17T16:15:32,763   Found link https://archive1.piwheels.org/simple/adafruit-blinka/Adafruit_Blinka-3.0.6-py3-none-any.whl#sha256=97ac4df7a5e2d4768d6160eba44fd2869f53458df45eb9695e6766bf6ac54d08 (from https://www.piwheels.org/simple/adafruit-blinka/) (requires-python:>=3.4.0), version: 3.0.6
2026-04-17T16:15:32,763   Found link https://archive1.piwheels.org/simple/adafruit-blinka/Adafruit_Blinka-3.0.5-py3-none-any.whl#sha256=d16fd5cb0f01e80858dda858867861f1d9f58276760a9afda30fef9749c05d9f (from https://www.piwheels.org/simple/adafruit-blinka/) (requires-python:>=3.4.0), version: 3.0.5
2026-04-17T16:15:32,763   Found link https://archive1.piwheels.org/simple/adafruit-blinka/Adafruit_Blinka-3.0.4-py3-none-any.whl#sha256=ab77f6a7c17bd42288c76a4973e18d56de7409354cdbcae01e8367441c420950 (from https://www.piwheels.org/simple/adafruit-blinka/) (requires-python:>=3.4.0), version: 3.0.4
2026-04-17T16:15:32,763   Found link https://archive1.piwheels.org/simple/adafruit-blinka/Adafruit_Blinka-3.0.3-py3-none-any.whl#sha256=15f74be51d19787db11b5b4c65f5a34accd8ff746b2c5461906ac0c8d2a8fefc (from https://www.piwheels.org/simple/adafruit-blinka/) (requires-python:>=3.4.0), version: 3.0.3
2026-04-17T16:15:32,763   Found link https://archive1.piwheels.org/simple/adafruit-blinka/Adafruit_Blinka-3.0.2-py3-none-any.whl#sha256=e569fc8dfd3447e4ea15d31d620b50b58353f8f9bb42dc582065ec9fea13a60b (from https://www.piwheels.org/simple/adafruit-blinka/) (requires-python:>=3.4.0), version: 3.0.2
2026-04-17T16:15:32,763   Found link https://archive1.piwheels.org/simple/adafruit-blinka/Adafruit_Blinka-3.0.1-py3-none-any.whl#sha256=193fc024a17bcbcb5370f4120aaa0e77c9a707c212460417845ef4aa7bdf4723 (from https://www.piwheels.org/simple/adafruit-blinka/) (requires-python:>=3.4.0), version: 3.0.1
2026-04-17T16:15:32,763   Found link https://archive1.piwheels.org/simple/adafruit-blinka/Adafruit_Blinka-3.0.0-py3-none-any.whl#sha256=d4d3dff0dd9e7fa66bef87af6ed6b1401b8bac408e845c2c082dcdd4fc754d31 (from https://www.piwheels.org/simple/adafruit-blinka/) (requires-python:>=3.4.0), version: 3.0.0
2026-04-17T16:15:32,763   Found link https://archive1.piwheels.org/simple/adafruit-blinka/Adafruit_Blinka-2.6.1-py3-none-any.whl#sha256=955bd3aa9398c73b59f17ece8d32ebd22f3ad8e90c405d58edf4cbe99723d9a7 (from https://www.piwheels.org/simple/adafruit-blinka/) (requires-python:>=3.4.0), version: 2.6.1
2026-04-17T16:15:32,763   Found link https://archive1.piwheels.org/simple/adafruit-blinka/Adafruit_Blinka-2.6.0-py3-none-any.whl#sha256=239dbae89a8231896ab8c820f6f64f61024df4930b0c87520e725dbbcf5de445 (from https://www.piwheels.org/simple/adafruit-blinka/) (requires-python:>=3.4.0), version: 2.6.0
2026-04-17T16:15:32,763   Found link https://archive1.piwheels.org/simple/adafruit-blinka/Adafruit_Blinka-2.5.3-py3-none-any.whl#sha256=8c315842179103700962960c57e06ed62de50feafb508a3251ce2463b2273e30 (from https://www.piwheels.org/simple/adafruit-blinka/) (requires-python:>=3.4.0), version: 2.5.3
2026-04-17T16:15:32,763   Found link https://archive1.piwheels.org/simple/adafruit-blinka/Adafruit_Blinka-2.5.2-py3-none-any.whl#sha256=804c50b74f133344b8f0bdddd6a1c5f3ea3df522d9dad3635fcf4840d580d35f (from https://www.piwheels.org/simple/adafruit-blinka/) (requires-python:>=3.4.0), version: 2.5.2
2026-04-17T16:15:32,763   Found link https://archive1.piwheels.org/simple/adafruit-blinka/Adafruit_Blinka-2.5.1-py3-none-any.whl#sha256=599b5c6b4362bab78e349d0188757594ba1e27bab3f56c9dff5d687177808294 (from https://www.piwheels.org/simple/adafruit-blinka/) (requires-python:>=3.4.0), version: 2.5.1
2026-04-17T16:15:32,763   Found link https://archive1.piwheels.org/simple/adafruit-blinka/Adafruit_Blinka-2.5.0-py3-none-any.whl#sha256=68f32f03fc3976f963765405f854136fabe917b24f19c7817736ade24cbd18de (from https://www.piwheels.org/simple/adafruit-blinka/) (requires-python:>=3.4.0), version: 2.5.0
2026-04-17T16:15:32,763   Found link https://archive1.piwheels.org/simple/adafruit-blinka/Adafruit_Blinka-2.4.1-py3-none-any.whl#sha256=fed71023ed8b0da2897c06f1c093f127057c6acd5b4a288e84d6773a63da6693 (from https://www.piwheels.org/simple/adafruit-blinka/) (requires-python:>=3.4.0), version: 2.4.1
2026-04-17T16:15:32,763   Found link https://archive1.piwheels.org/simple/adafruit-blinka/Adafruit_Blinka-2.4.0-py3-none-any.whl#sha256=bd39ab83594cec67c7d0f67c3c81eae78284d9d462fed493612f9234cca12fb6 (from https://www.piwheels.org/simple/adafruit-blinka/) (requires-python:>=3.4.0), version: 2.4.0
2026-04-17T16:15:32,763   Found link https://archive1.piwheels.org/simple/adafruit-blinka/Adafruit_Blinka-2.3.3-py3-none-any.whl#sha256=121642ae3230f5a11066c768e943c863b0573f48c732cdb8adc32371d761a970 (from https://www.piwheels.org/simple/adafruit-blinka/) (requires-python:>=3.4.0), version: 2.3.3
2026-04-17T16:15:32,763   Found link https://archive1.piwheels.org/simple/adafruit-blinka/Adafruit_Blinka-2.3.2-py3-none-any.whl#sha256=857e1e42ffb05259c156632234f2f1674d14dfa6408c497f5a564817b2a203d8 (from https://www.piwheels.org/simple/adafruit-blinka/) (requires-python:>=3.4.0), version: 2.3.2
2026-04-17T16:15:32,763   Found link https://archive1.piwheels.org/simple/adafruit-blinka/Adafruit_Blinka-2.3.1-py3-none-any.whl#sha256=96ee05b82405a069b691b57a3dda7cd418fd94fd4e0d0dd40ee8d63fd6b56446 (from https://www.piwheels.org/simple/adafruit-blinka/) (requires-python:>=3.4.0), version: 2.3.1
2026-04-17T16:15:32,764   Found link https://archive1.piwheels.org/simple/adafruit-blinka/Adafruit_Blinka-2.3.0-py3-none-any.whl#sha256=630bd271f955df11138344608ff56003f2f7d11a1b3fbb7178f21c4ebad24e85 (from https://www.piwheels.org/simple/adafruit-blinka/) (requires-python:>=3.4.0), version: 2.3.0
2026-04-17T16:15:32,764   Found link https://archive1.piwheels.org/simple/adafruit-blinka/Adafruit_Blinka-2.2.1-py3-none-any.whl#sha256=7fd3b07deac2f47a4f597b82d4c004f4ba4779f93e68a9387d9960d7e074bb54 (from https://www.piwheels.org/simple/adafruit-blinka/) (requires-python:>=3.4.0), version: 2.2.1
2026-04-17T16:15:32,764   Found link https://archive1.piwheels.org/simple/adafruit-blinka/Adafruit_Blinka-2.2.0-py3-none-any.whl#sha256=d382b3783217ae33e9c5f10223a4d8af145162970abdf69c6e21a5819a844f12 (from https://www.piwheels.org/simple/adafruit-blinka/) (requires-python:>=3.4.0), version: 2.2.0
2026-04-17T16:15:32,764   Found link https://archive1.piwheels.org/simple/adafruit-blinka/Adafruit_Blinka-2.1.6-py3-none-any.whl#sha256=be782c7e14cc5271f24649acb37944b1eba82caf0f1233fdaaaf3ef72a1e93f7 (from https://www.piwheels.org/simple/adafruit-blinka/) (requires-python:>=3.4.0), version: 2.1.6
2026-04-17T16:15:32,764   Found link https://archive1.piwheels.org/simple/adafruit-blinka/Adafruit_Blinka-2.1.5-py3-none-any.whl#sha256=65ef90c709d9f7e86451a4bb2bef1ab3b5327325ba896557ef0d77d937d2fbe8 (from https://www.piwheels.org/simple/adafruit-blinka/) (requires-python:>=3.4.0), version: 2.1.5
2026-04-17T16:15:32,764   Found link https://archive1.piwheels.org/simple/adafruit-blinka/Adafruit_Blinka-2.1.4-py3-none-any.whl#sha256=dfd884e8f6590ed49034262b80089a9de9243a1e004ccc2942d81636c7b96644 (from https://www.piwheels.org/simple/adafruit-blinka/) (requires-python:>=3.4.0), version: 2.1.4
2026-04-17T16:15:32,764   Found link https://archive1.piwheels.org/simple/adafruit-blinka/Adafruit_Blinka-2.1.3-py3-none-any.whl#sha256=8b048ad67af06d57d713329441b90d24e2c91d2630985e895467b9271583a242 (from https://www.piwheels.org/simple/adafruit-blinka/) (requires-python:>=3.4.0), version: 2.1.3
2026-04-17T16:15:32,764   Found link https://archive1.piwheels.org/simple/adafruit-blinka/Adafruit_Blinka-2.1.2-py3-none-any.whl#sha256=1fe31717809963b65a1c6c9227e282015029d1b486a6dba58f5acbb82a597525 (from https://www.piwheels.org/simple/adafruit-blinka/) (requires-python:>=3.4.0), version: 2.1.2
2026-04-17T16:15:32,764   Found link https://archive1.piwheels.org/simple/adafruit-blinka/Adafruit_Blinka-2.1.1-py3-none-any.whl#sha256=3fe2f92e981b4eb2d5d39b8d4fd5d7bc3f1e2b2630b0f46a28435a94af1c4785 (from https://www.piwheels.org/simple/adafruit-blinka/) (requires-python:>=3.4.0), version: 2.1.1
2026-04-17T16:15:32,764   Found link https://archive1.piwheels.org/simple/adafruit-blinka/Adafruit_Blinka-2.1.0-py3-none-any.whl#sha256=297b169206e7d9c2dc42a4b3728885af1e32efe7a8dd12ff968618e8c6f7bee8 (from https://www.piwheels.org/simple/adafruit-blinka/) (requires-python:>=3.4.0), version: 2.1.0
2026-04-17T16:15:32,764   Found link https://archive1.piwheels.org/simple/adafruit-blinka/Adafruit_Blinka-2.0.2-py3-none-any.whl#sha256=39c08245caac2f7dc419564820ea85ff7d492efbb35c2cfa24230139b3eafee0 (from https://www.piwheels.org/simple/adafruit-blinka/) (requires-python:>=3.4.0), version: 2.0.2
2026-04-17T16:15:32,764   Found link https://archive1.piwheels.org/simple/adafruit-blinka/Adafruit_Blinka-2.0.1-py3-none-any.whl#sha256=81836eeda88dbdd436cd233a6c2e5adc392489476b3604aacb2af7edf48e9e2a (from https://www.piwheels.org/simple/adafruit-blinka/) (requires-python:>=3.4.0), version: 2.0.1
2026-04-17T16:15:32,764   Found link https://archive1.piwheels.org/simple/adafruit-blinka/Adafruit_Blinka-2.0.0-py3-none-any.whl#sha256=86d3e5b58251d6125a5c7c005e71db31291ae42d9ffe98740235914f251bae5f (from https://www.piwheels.org/simple/adafruit-blinka/) (requires-python:>=3.4.0), version: 2.0.0
2026-04-17T16:15:32,764   Found link https://archive1.piwheels.org/simple/adafruit-blinka/Adafruit_Blinka-1.3.4-py3-none-any.whl#sha256=dc2917ba2d56e5bce66c83924cf25d3f81ce096bf4783a19ba9bba18419ad48e (from https://www.piwheels.org/simple/adafruit-blinka/) (requires-python:>=3.4.0), version: 1.3.4
2026-04-17T16:15:32,764   Found link https://archive1.piwheels.org/simple/adafruit-blinka/Adafruit_Blinka-1.3.3-py3-none-any.whl#sha256=d8791ece89619c1e623a8b8290bf40f6cfa05d5e7b1e8de2be0090edb776c118 (from https://www.piwheels.org/simple/adafruit-blinka/) (requires-python:>=3.4.0), version: 1.3.3
2026-04-17T16:15:32,764   Found link https://archive1.piwheels.org/simple/adafruit-blinka/Adafruit_Blinka-1.3.2-py3-none-any.whl#sha256=a738a4d8166784404ff04c20e07e6c4a3235967f1fe170955f5a10fbabad6429 (from https://www.piwheels.org/simple/adafruit-blinka/) (requires-python:>=3.4.0), version: 1.3.2
2026-04-17T16:15:32,764   Found link https://archive1.piwheels.org/simple/adafruit-blinka/Adafruit_Blinka-1.3.1-py3-none-any.whl#sha256=5feb890a72cb7c27ad4238e342c369949b82d7adcb2c937fff5e431ba77bc016 (from https://www.piwheels.org/simple/adafruit-blinka/) (requires-python:>=3.4.0), version: 1.3.1
2026-04-17T16:15:32,764   Found link https://archive1.piwheels.org/simple/adafruit-blinka/Adafruit_Blinka-1.3.0-py3-none-any.whl#sha256=6b688d9be867bf1aa39482e341786a5b35b0b70829e37e10124c38da63e09396 (from https://www.piwheels.org/simple/adafruit-blinka/) (requires-python:>=3.4.0), version: 1.3.0
2026-04-17T16:15:32,764   Found link https://archive1.piwheels.org/simple/adafruit-blinka/Adafruit_Blinka-1.2.8-py3-none-any.whl#sha256=ff337fa4e2ca8766d73f4183303069f9368446ba5b0590e88d21c97e9d8b3881 (from https://www.piwheels.org/simple/adafruit-blinka/) (requires-python:>=3.4.0), version: 1.2.8
2026-04-17T16:15:32,765   Found link https://archive1.piwheels.org/simple/adafruit-blinka/Adafruit_Blinka-1.2.7-py3-none-any.whl#sha256=61a5efd78a3fb4c1988694a76c9e70b2ccbf89251364514ed9709cbfffe975a6 (from https://www.piwheels.org/simple/adafruit-blinka/) (requires-python:>=3.4.0), version: 1.2.7
2026-04-17T16:15:32,765   Found link https://archive1.piwheels.org/simple/adafruit-blinka/Adafruit_Blinka-1.2.6-py3-none-any.whl#sha256=fa473261c0207875119d3d5f2eb71da00716e6601f45157c42538822d915e101 (from https://www.piwheels.org/simple/adafruit-blinka/) (requires-python:>=3.4.0), version: 1.2.6
2026-04-17T16:15:32,765   Found link https://archive1.piwheels.org/simple/adafruit-blinka/Adafruit_Blinka-1.2.5-py3-none-any.whl#sha256=de14683e76e72611ffaed0250730d7ca9ffa7c89f2c0f5dab340d5a03174b1f4 (from https://www.piwheels.org/simple/adafruit-blinka/) (requires-python:>=3.4.0), version: 1.2.5
2026-04-17T16:15:32,765   Found link https://archive1.piwheels.org/simple/adafruit-blinka/Adafruit_Blinka-1.2.4-py3-none-any.whl#sha256=31c825db65cfa8a9f17bad5dd6405795b3e94a856b5eb5097a34ab06e7209f7e (from https://www.piwheels.org/simple/adafruit-blinka/) (requires-python:>=3.4.0), version: 1.2.4
2026-04-17T16:15:32,765   Found link https://archive1.piwheels.org/simple/adafruit-blinka/Adafruit_Blinka-1.2.3-py3-none-any.whl#sha256=7e77c3b32a0ab3204dba0350f687ed7b7605197453b5725dfc9df873feb07443 (from https://www.piwheels.org/simple/adafruit-blinka/) (requires-python:>=3.4.0), version: 1.2.3
2026-04-17T16:15:32,765   Found link https://archive1.piwheels.org/simple/adafruit-blinka/Adafruit_Blinka-1.2.1-py3-none-any.whl#sha256=294e546f1e4ba5c1fbd4fa0692a3f785b86dd94205e6ac1abd4d1eee92a3bf88 (from https://www.piwheels.org/simple/adafruit-blinka/) (requires-python:>=3.4.0), version: 1.2.1
2026-04-17T16:15:32,765   Found link https://archive1.piwheels.org/simple/adafruit-blinka/Adafruit_Blinka-1.2.0-py3-none-any.whl#sha256=96c30a85b5819d49b2ff1f131d0d723a58d68b304d8191197bdd5cc5cba2fe26 (from https://www.piwheels.org/simple/adafruit-blinka/) (requires-python:>=3.4.0), version: 1.2.0
2026-04-17T16:15:32,765   Found link https://archive1.piwheels.org/simple/adafruit-blinka/Adafruit_Blinka-1.1.1-py3-none-any.whl#sha256=c413c782103e63199b634f3670d98ff28a3052607dff161b4a94ed8a6228d064 (from https://www.piwheels.org/simple/adafruit-blinka/) (requires-python:>=3.4.0), version: 1.1.1
2026-04-17T16:15:32,765   Found link https://archive1.piwheels.org/simple/adafruit-blinka/Adafruit_Blinka-1.1.0-py3-none-any.whl#sha256=8b99766f380a4a99e1b6950c457a3f0b36f81e910b68b5b021241772447aa4fe (from https://www.piwheels.org/simple/adafruit-blinka/) (requires-python:>=3.4.0), version: 1.1.0
2026-04-17T16:15:32,765   Found link https://archive1.piwheels.org/simple/adafruit-blinka/Adafruit_Blinka-1.0.2-py3-none-any.whl#sha256=e70d8d500578fcdcb129954234ad55653a03f5bc69d1bf3b890e62c9ab958c34 (from https://www.piwheels.org/simple/adafruit-blinka/) (requires-python:>=3.4.0), version: 1.0.2
2026-04-17T16:15:32,765   Found link https://archive1.piwheels.org/simple/adafruit-blinka/Adafruit_Blinka-0.4.0-py3-none-any.whl#sha256=f2c9050787661402896f6ee63bdf17d988e3f4a20d3e3ee1a5520a2b2b6780bd (from https://www.piwheels.org/simple/adafruit-blinka/) (requires-python:>=3.4.0), version: 0.4.0
2026-04-17T16:15:32,765   Found link https://archive1.piwheels.org/simple/adafruit-blinka/Adafruit_Blinka-0.3.2-py3-none-any.whl#sha256=05f9d22e6facb8c56559d765c82ed774ab44deb1ee285b28daa9c3d1f906a98d (from https://www.piwheels.org/simple/adafruit-blinka/) (requires-python:>=3.4.0), version: 0.3.2
2026-04-17T16:15:32,765   Found link https://archive1.piwheels.org/simple/adafruit-blinka/Adafruit_Blinka-0.3.1-py3-none-any.whl#sha256=1e2ca6e4e903a706a3b8d90bdc1e9d1512716e60e080678df89c88f5d935c828 (from https://www.piwheels.org/simple/adafruit-blinka/) (requires-python:>=3.4.0), version: 0.3.1
2026-04-17T16:15:32,765   Found link https://archive1.piwheels.org/simple/adafruit-blinka/Adafruit_Blinka-0.3.0-py3-none-any.whl#sha256=f6e7da8b20c7eef3c26f84da0d380af126ede61bfede50d7ec5aaf6aea0f74e7 (from https://www.piwheels.org/simple/adafruit-blinka/) (requires-python:>=3.4.0), version: 0.3.0
2026-04-17T16:15:32,765   Found link https://archive1.piwheels.org/simple/adafruit-blinka/Adafruit_Blinka-0.2.7-py3-none-any.whl#sha256=406aaaca42f79d6bfed50c94c54a9952d887804b9bea0a0bac6354ff4b9f0f99 (from https://www.piwheels.org/simple/adafruit-blinka/) (requires-python:>=3.4.0), version: 0.2.7
2026-04-17T16:15:32,765   Found link https://archive1.piwheels.org/simple/adafruit-blinka/Adafruit_Blinka-0.2.6-py3-none-any.whl#sha256=dec712d37b4e06b7864e4d47729d3e1d37d727c56330c1c1c76566ae998dab43 (from https://www.piwheels.org/simple/adafruit-blinka/) (requires-python:>=3.4.0), version: 0.2.6
2026-04-17T16:15:32,765   Found link https://archive1.piwheels.org/simple/adafruit-blinka/Adafruit_Blinka-0.2.5-py3-none-any.whl#sha256=73bb7c0c6e42e7fb85378b97d0dce4598a1662f824ace8e6277f2efec6f76f36 (from https://www.piwheels.org/simple/adafruit-blinka/) (requires-python:>=3.4.0), version: 0.2.5
2026-04-17T16:15:32,765   Found link https://archive1.piwheels.org/simple/adafruit-blinka/Adafruit_Blinka-0.2.4-py3-none-any.whl#sha256=9d3b1f081a847938fef9ea052e0b0f88d3bd8f9cd5576d964a76616972515a38 (from https://www.piwheels.org/simple/adafruit-blinka/) (requires-python:>=3.4.0), version: 0.2.4
2026-04-17T16:15:32,765   Found link https://archive1.piwheels.org/simple/adafruit-blinka/Adafruit_Blinka-0.2.3-py3-none-any.whl#sha256=88b75452c17335a28f2e5e63d77d491a294e2e0921bb52319033b9cb12b73050 (from https://www.piwheels.org/simple/adafruit-blinka/) (requires-python:>=3.4.0), version: 0.2.3
2026-04-17T16:15:32,766   Found link https://archive1.piwheels.org/simple/adafruit-blinka/Adafruit_Blinka-0.2.2-py3-none-any.whl#sha256=7d321b989f7c154d3b7e393e8034505570ff643541507edbb567eacb2823b6a5 (from https://www.piwheels.org/simple/adafruit-blinka/) (requires-python:>=3.4.0), version: 0.2.2
2026-04-17T16:15:32,766   Found link https://archive1.piwheels.org/simple/adafruit-blinka/Adafruit_Blinka-0.2.1-py3-none-any.whl#sha256=4df4b64ca7a24cf71880a8ba33d7c27a0431bf56db50f0273f21716e6e3268d7 (from https://www.piwheels.org/simple/adafruit-blinka/) (requires-python:>=3.4.0), version: 0.2.1
2026-04-17T16:15:32,766   Found link https://archive1.piwheels.org/simple/adafruit-blinka/Adafruit_Blinka-0.2-py3-none-any.whl#sha256=3dd726382191ad9c579cbce10c0e74e9448740ac12148677895e2f731ef9acec (from https://www.piwheels.org/simple/adafruit-blinka/) (requires-python:>=3.4.0), version: 0.2
2026-04-17T16:15:32,766   Found link https://archive1.piwheels.org/simple/adafruit-blinka/Adafruit_Blinka-0.1.10-py3-none-any.whl#sha256=a2f751e164a66957c77ba3943b7a1f870ea4362f63379a9d2e8e1bce19989bda (from https://www.piwheels.org/simple/adafruit-blinka/) (requires-python:>=3.4.0), version: 0.1.10
2026-04-17T16:15:32,766   Found link https://archive1.piwheels.org/simple/adafruit-blinka/Adafruit_Blinka-0.1.9-py3-none-any.whl#sha256=cd7a1be53cfd875a62a4450d89db14b6f27d5ab41b1e882049bdf1a733db148d (from https://www.piwheels.org/simple/adafruit-blinka/) (requires-python:>=3.4.0), version: 0.1.9
2026-04-17T16:15:32,766   Found link https://archive1.piwheels.org/simple/adafruit-blinka/Adafruit_Blinka-0.1.8-py3-none-any.whl#sha256=26abe123456e07f3ce9938e7045da4a255e589f1da1ba47aaf6bb229e0c7e71a (from https://www.piwheels.org/simple/adafruit-blinka/) (requires-python:>=3.4.0), version: 0.1.8
2026-04-17T16:15:32,766   Found link https://archive1.piwheels.org/simple/adafruit-blinka/Adafruit_Blinka-0.1.7-py3-none-any.whl#sha256=6e8173ce8453827e5f232ec2360e13bad44a062ff932b59edd7cbc622cd61194 (from https://www.piwheels.org/simple/adafruit-blinka/) (requires-python:>=3.4.0), version: 0.1.7
2026-04-17T16:15:32,766   Found link https://archive1.piwheels.org/simple/adafruit-blinka/Adafruit_Blinka-0.1.6-py3-none-any.whl#sha256=b0cbe72226a32632f66a4973519184cb7a822c8d82c881a0f96c681ae252b2f3 (from https://www.piwheels.org/simple/adafruit-blinka/) (requires-python:>=3.4.0), version: 0.1.6
2026-04-17T16:15:32,766   Found link https://archive1.piwheels.org/simple/adafruit-blinka/Adafruit_Blinka-0.1.5-py3-none-any.whl#sha256=5b91ce795e92f07804c7d4eeb370efa4850352aa33e03058aa8c64a275c87df1 (from https://www.piwheels.org/simple/adafruit-blinka/) (requires-python:>=3.4.0), version: 0.1.5
2026-04-17T16:15:32,766   Found link https://archive1.piwheels.org/simple/adafruit-blinka/Adafruit_Blinka-0.1.4-py3-none-any.whl#sha256=44535e19422d8a9b04976b7cf574a906d15177f9113ed7e808dbee2383e00b73 (from https://www.piwheels.org/simple/adafruit-blinka/) (requires-python:>=3.4.0), version: 0.1.4
2026-04-17T16:15:32,766   Found link https://archive1.piwheels.org/simple/adafruit-blinka/Adafruit_Blinka-0.1.3-py3-none-any.whl#sha256=11d84fbb71b9d9f6f6ef7e350b4aa8fa7a49eb49328e8fae968a774447f986a8 (from https://www.piwheels.org/simple/adafruit-blinka/) (requires-python:>=3.6.0), version: 0.1.3
2026-04-17T16:15:32,766 Skipping link: not a file: https://www.piwheels.org/simple/adafruit-blinka/
2026-04-17T16:15:32,766 Skipping link: not a file: https://pypi.org/simple/adafruit-blinka/
2026-04-17T16:15:32,769 Given no hashes to check 738 links for project 'adafruit-blinka': discarding no candidates
2026-04-17T16:15:32,787 Collecting adafruit-blinka
2026-04-17T16:15:32,787   Created temporary directory: /tmp/pip-unpack-vp8nflhj
2026-04-17T16:15:32,787   Found index url https://www.piwheels.org/simple/
2026-04-17T16:15:32,788   Looking up "https://www.piwheels.org/simple/adafruit-blinka/adafruit_blinka-9.0.4-py3-none-any.whl" in the cache
2026-04-17T16:15:32,788   Current age based on date: 79
2026-04-17T16:15:32,999   https://www.piwheels.org:443 "GET /simple/adafruit-blinka/adafruit_blinka-9.0.4-py3-none-any.whl HTTP/1.1" 304 0
2026-04-17T16:15:33,005   Using cached https://www.piwheels.org/simple/adafruit-blinka/adafruit_blinka-9.0.4-py3-none-any.whl (1.1 MB)
2026-04-17T16:15:33,015 2 location(s) to search for versions of adafruit-platformdetect:
2026-04-17T16:15:33,015 * https://pypi.org/simple/adafruit-platformdetect/
2026-04-17T16:15:33,015 * https://www.piwheels.org/simple/adafruit-platformdetect/
2026-04-17T16:15:33,015 Fetching project page and analyzing links: https://pypi.org/simple/adafruit-platformdetect/
2026-04-17T16:15:33,015 Getting page https://pypi.org/simple/adafruit-platformdetect/
2026-04-17T16:15:33,016 Found index url https://pypi.org/simple/
2026-04-17T16:15:33,016 Looking up "https://pypi.org/simple/adafruit-platformdetect/" in the cache
2026-04-17T16:15:33,016 Request header has "max_age" as 0, cache bypassed
2026-04-17T16:15:33,064 https://pypi.org:443 "GET /simple/adafruit-platformdetect/ HTTP/1.1" 304 0
2026-04-17T16:15:33,070 Fetched page https://pypi.org/simple/adafruit-platformdetect/ as application/vnd.pypi.simple.v1+json
2026-04-17T16:15:33,077   Found link https://files.pythonhosted.org/packages/81/b1/5fa0865e8d8ae78ca646f1548ac33e995f031ffd3e5a34a54251c46b0a04/Adafruit-PlatformDetect-0.0.2.tar.gz (from https://pypi.org/simple/adafruit-platformdetect/) (requires-python:>=3.4.0), version: 0.0.2
2026-04-17T16:15:33,077   Found link https://files.pythonhosted.org/packages/f7/d9/a1e533c2b3221090f2c9d190c444b1af40bda9d0575354253c0ca063e7bc/Adafruit_PlatformDetect-0.0.2-py3-none-any.whl (from https://pypi.org/simple/adafruit-platformdetect/) (requires-python:>=3.4.0), version: 0.0.2
2026-04-17T16:15:33,077   Found link https://files.pythonhosted.org/packages/75/f2/2fffad919493a48c83d51bbc34a76f5dd922713d2761ca6ad9d1da864597/Adafruit-PlatformDetect-0.0.3.tar.gz (from https://pypi.org/simple/adafruit-platformdetect/) (requires-python:>=3.4.0), version: 0.0.3
2026-04-17T16:15:33,077   Found link https://files.pythonhosted.org/packages/1a/5a/543531669051e585dc5f2495ade7cce2f6c5e43df0e3b4a99e62a1f46ab7/Adafruit_PlatformDetect-0.0.3-py3-none-any.whl (from https://pypi.org/simple/adafruit-platformdetect/) (requires-python:>=3.4.0), version: 0.0.3
2026-04-17T16:15:33,077   Found link https://files.pythonhosted.org/packages/9f/65/529b91d205074def82114e3e46ac97304dee9ea2b2851c2bdd29aba7bcbf/Adafruit-PlatformDetect-0.0.4.tar.gz (from https://pypi.org/simple/adafruit-platformdetect/) (requires-python:>=3.4.0), version: 0.0.4
2026-04-17T16:15:33,077   Found link https://files.pythonhosted.org/packages/c0/b0/764b91c1a5ef753f3897eb869532afb225d773207b0c2de6cd599e004eb3/Adafruit_PlatformDetect-0.0.4-py3-none-any.whl (from https://pypi.org/simple/adafruit-platformdetect/) (requires-python:>=3.4.0), version: 0.0.4
2026-04-17T16:15:33,078   Found link https://files.pythonhosted.org/packages/10/60/df46bb5cec6cfaa10ef4235b15539f804f52a5b16b632915fc98724a29e4/Adafruit-PlatformDetect-0.0.6.tar.gz (from https://pypi.org/simple/adafruit-platformdetect/) (requires-python:>=3.4.0), version: 0.0.6
2026-04-17T16:15:33,078   Found link https://files.pythonhosted.org/packages/d0/78/2919cd73a5a00a9e71d65bb91488c181dbbf7590b4d74589b4d2c8de9622/Adafruit-PlatformDetect-0.0.7.tar.gz (from https://pypi.org/simple/adafruit-platformdetect/) (requires-python:>=3.4.0), version: 0.0.7
2026-04-17T16:15:33,078   Found link https://files.pythonhosted.org/packages/68/ed/1da10a137d5e14c802d4aefda7d478ca66668553537fd8b3b82e14096818/Adafruit-PlatformDetect-0.0.8.tar.gz (from https://pypi.org/simple/adafruit-platformdetect/) (requires-python:>=3.4.0), version: 0.0.8
2026-04-17T16:15:33,078   Found link https://files.pythonhosted.org/packages/d7/90/8cb25f5d88531dc820eb6d89dabb63a223194a32d1217ac7f5c85567950c/Adafruit-PlatformDetect-0.0.9.tar.gz (from https://pypi.org/simple/adafruit-platformdetect/) (requires-python:>=3.4.0), version: 0.0.9
2026-04-17T16:15:33,078   Found link https://files.pythonhosted.org/packages/28/f0/52aff221a1e34a2103ce02af87beeef83efdd6c416227d3e603eb0aa06a3/Adafruit-PlatformDetect-0.0.10.tar.gz (from https://pypi.org/simple/adafruit-platformdetect/) (requires-python:>=3.4.0), version: 0.0.10
2026-04-17T16:15:33,078   Found link https://files.pythonhosted.org/packages/df/ed/79e48b8af819355151e483fc2bee57058070978a065c596f72618c83e99b/Adafruit-PlatformDetect-0.0.11.tar.gz (from https://pypi.org/simple/adafruit-platformdetect/) (requires-python:>=3.4.0), version: 0.0.11
2026-04-17T16:15:33,078   Found link https://files.pythonhosted.org/packages/55/31/77bc54ca0aa8b237737210692bbb5bb909c91e30ff4c316a6ee2a88b0b0f/Adafruit-PlatformDetect-0.0.12.tar.gz (from https://pypi.org/simple/adafruit-platformdetect/) (requires-python:>=3.4.0), version: 0.0.12
2026-04-17T16:15:33,078   Found link https://files.pythonhosted.org/packages/bd/75/85bdf3cebfb74d54c125ccfd0ea116098be8dec40086f912cb111034382d/Adafruit-PlatformDetect-0.0.13.tar.gz (from https://pypi.org/simple/adafruit-platformdetect/) (requires-python:>=3.4.0), version: 0.0.13
2026-04-17T16:15:33,078   Found link https://files.pythonhosted.org/packages/da/7d/00b71111708078e4a7a8a3dd98de45303680180f83dc8a2fd1219d365e74/Adafruit-PlatformDetect-0.14.tar.gz (from https://pypi.org/simple/adafruit-platformdetect/) (requires-python:>=3.4.0), version: 0.14
2026-04-17T16:15:33,078   Found link https://files.pythonhosted.org/packages/d3/44/2c8b99e98c3dae0e73caeb774f4474e8f8f1a749fd89bf9f2ff843e47844/Adafruit-PlatformDetect-1.0.0.tar.gz (from https://pypi.org/simple/adafruit-platformdetect/) (requires-python:>=3.4.0), version: 1.0.0
2026-04-17T16:15:33,078   Found link https://files.pythonhosted.org/packages/98/60/b89e85659fc1f4ea94ff79545577881f9b2d08937e3ecd2dfb7ecdf334e9/Adafruit-PlatformDetect-1.0.1.tar.gz (from https://pypi.org/simple/adafruit-platformdetect/) (requires-python:>=3.4.0), version: 1.0.1
2026-04-17T16:15:33,078   Found link https://files.pythonhosted.org/packages/f2/e2/f911e689172fc5cdbccad32504bc5d02b824776a6b1b2d698e4b0897740c/Adafruit-PlatformDetect-1.0.2.tar.gz (from https://pypi.org/simple/adafruit-platformdetect/) (requires-python:>=3.4.0), version: 1.0.2
2026-04-17T16:15:33,078   Found link https://files.pythonhosted.org/packages/37/ec/b904a2cc9c09fe8c256a54102d3398bf0b92edd50c6a0956626bb4046cd8/Adafruit-PlatformDetect-1.0.3.tar.gz (from https://pypi.org/simple/adafruit-platformdetect/) (requires-python:>=3.4.0), version: 1.0.3
2026-04-17T16:15:33,078   Found link https://files.pythonhosted.org/packages/b3/10/38ad70e947e65b9291d6a0f8c1014fc9ddc45fd6a56d32ae418c16f858e4/Adafruit-PlatformDetect-1.0.4.tar.gz (from https://pypi.org/simple/adafruit-platformdetect/) (requires-python:>=3.4.0), version: 1.0.4
2026-04-17T16:15:33,078   Found link https://files.pythonhosted.org/packages/1d/1b/7fa3e2deffc6479a868e522b1d0a416e8011d9203adb630bc26e2e4c3058/Adafruit-PlatformDetect-1.0.5.tar.gz (from https://pypi.org/simple/adafruit-platformdetect/) (requires-python:>=3.4.0), version: 1.0.5
2026-04-17T16:15:33,078   Found link https://files.pythonhosted.org/packages/60/d5/bc1cfe4789788cb06e3413906843c3c73c7a770c11bd471fa16fd31ffdbf/Adafruit-PlatformDetect-1.0.6.tar.gz (from https://pypi.org/simple/adafruit-platformdetect/) (requires-python:>=3.4.0), version: 1.0.6
2026-04-17T16:15:33,078   Found link https://files.pythonhosted.org/packages/cb/55/b798e0087740fe14cbe4fbc587fa86e46bb7a0418a90ea679a96ef16f624/Adafruit-PlatformDetect-1.0.7.tar.gz (from https://pypi.org/simple/adafruit-platformdetect/) (requires-python:>=3.4.0), version: 1.0.7
2026-04-17T16:15:33,078   Found link https://files.pythonhosted.org/packages/68/7f/7b422194bdf0fc81d1deb245e3ad38e0f373bab46aa14624c95aa57b7b4a/Adafruit-PlatformDetect-1.0.8.tar.gz (from https://pypi.org/simple/adafruit-platformdetect/) (requires-python:>=3.4.0), version: 1.0.8
2026-04-17T16:15:33,078   Found link https://files.pythonhosted.org/packages/d4/87/9fd157b391108f1c52801384ce81a83a18cdef13780bb5be664177c9cc4c/Adafruit-PlatformDetect-1.0.9.tar.gz (from https://pypi.org/simple/adafruit-platformdetect/) (requires-python:>=3.4.0), version: 1.0.9
2026-04-17T16:15:33,078   Found link https://files.pythonhosted.org/packages/c3/ed/6a490ebf585f149ce1fc29476ecc6b8f13b5ed6585181141ed01d9932a43/Adafruit-PlatformDetect-1.1.0.tar.gz (from https://pypi.org/simple/adafruit-platformdetect/) (requires-python:>=3.4.0), version: 1.1.0
2026-04-17T16:15:33,078   Found link https://files.pythonhosted.org/packages/23/10/2078cbce61506e2006c094e3aec07530fbe38e18f936539f5eaade6984e2/Adafruit-PlatformDetect-1.2.0.tar.gz (from https://pypi.org/simple/adafruit-platformdetect/) (requires-python:>=3.4.0), version: 1.2.0
2026-04-17T16:15:33,078   Found link https://files.pythonhosted.org/packages/2d/fa/2ae8b1aa90a28c1de845b6d82bdc1e881ffb2b53eca988f36a8214114c8e/Adafruit-PlatformDetect-1.2.1.tar.gz (from https://pypi.org/simple/adafruit-platformdetect/) (requires-python:>=3.4.0), version: 1.2.1
2026-04-17T16:15:33,078   Found link https://files.pythonhosted.org/packages/1d/79/f25a105dab98f619d7cf50d4e041776ca1083768aeb861db7806b2b05311/Adafruit-PlatformDetect-1.2.2.tar.gz (from https://pypi.org/simple/adafruit-platformdetect/) (requires-python:>=3.4.0), version: 1.2.2
2026-04-17T16:15:33,079   Found link https://files.pythonhosted.org/packages/78/e1/e527fe2bd483afc55e3f1c802b5f651da8d1a14287f5e8a15865cb351c58/Adafruit-PlatformDetect-1.3.0.tar.gz (from https://pypi.org/simple/adafruit-platformdetect/) (requires-python:>=3.4.0), version: 1.3.0
2026-04-17T16:15:33,079   Found link https://files.pythonhosted.org/packages/20/bc/20c72c5df14b331b1a7ee2c48b75a4389dd99891919071b166bedfc3074e/Adafruit-PlatformDetect-1.3.1.tar.gz (from https://pypi.org/simple/adafruit-platformdetect/) (requires-python:>=3.4.0), version: 1.3.1
2026-04-17T16:15:33,079   Found link https://files.pythonhosted.org/packages/20/1b/36d6ee75027932daf205ba152cf1666b83f5ac5ba0eb414de281087ae91f/Adafruit-PlatformDetect-1.3.2.tar.gz (from https://pypi.org/simple/adafruit-platformdetect/) (requires-python:>=3.4.0), version: 1.3.2
2026-04-17T16:15:33,079   Found link https://files.pythonhosted.org/packages/02/dd/3c7c32522b9e0adf4f23948dee537538bb7e757b29a1a188b51138540790/Adafruit-PlatformDetect-1.3.3.tar.gz (from https://pypi.org/simple/adafruit-platformdetect/) (requires-python:>=3.4.0), version: 1.3.3
2026-04-17T16:15:33,079   Found link https://files.pythonhosted.org/packages/34/74/b82d4cbbf61c6620fb0412467e00d00510e146a648fbe20eddd92d7018f6/Adafruit-PlatformDetect-1.3.4.tar.gz (from https://pypi.org/simple/adafruit-platformdetect/) (requires-python:>=3.4.0), version: 1.3.4
2026-04-17T16:15:33,079   Found link https://files.pythonhosted.org/packages/18/db/f1fbe0c1b45e67262e01b68d265555699c5aad2b5de4a7db1b1b95eefc5d/Adafruit-PlatformDetect-1.3.5.tar.gz (from https://pypi.org/simple/adafruit-platformdetect/) (requires-python:>=3.4.0), version: 1.3.5
2026-04-17T16:15:33,079   Found link https://files.pythonhosted.org/packages/a5/ed/acb3cd2dd060f577c247b288b52e2494a9dd912e6d08c6ca6d22ad7ed313/Adafruit-PlatformDetect-1.3.6.tar.gz (from https://pypi.org/simple/adafruit-platformdetect/) (requires-python:>=3.4.0), version: 1.3.6
2026-04-17T16:15:33,079   Found link https://files.pythonhosted.org/packages/83/8d/cb25cbd2677147424cc170a54e0dc0af598fd162c35ecd3da3f1cf468443/Adafruit-PlatformDetect-1.3.8.tar.gz (from https://pypi.org/simple/adafruit-platformdetect/) (requires-python:>=3.4.0), version: 1.3.8
2026-04-17T16:15:33,079   Found link https://files.pythonhosted.org/packages/b8/a7/11e93801a08506f297945a7e497fbd7c16cb03fd28f615bea5d9dd242d9b/Adafruit-PlatformDetect-1.4.0.tar.gz (from https://pypi.org/simple/adafruit-platformdetect/) (requires-python:>=3.4.0), version: 1.4.0
2026-04-17T16:15:33,079   Found link https://files.pythonhosted.org/packages/32/57/a070d8c5421bf87eb63a61c2fa8b5743654b4a782d58065fd271d5600122/Adafruit-PlatformDetect-1.4.1.tar.gz (from https://pypi.org/simple/adafruit-platformdetect/) (requires-python:>=3.4.0), version: 1.4.1
2026-04-17T16:15:33,079   Found link https://files.pythonhosted.org/packages/da/4d/98fba91df5f2a7d7ad3c97259b3ac5dba02d8afdd4e2bf005c486ca45ca2/Adafruit-PlatformDetect-1.4.2.tar.gz (from https://pypi.org/simple/adafruit-platformdetect/) (requires-python:>=3.4.0), version: 1.4.2
2026-04-17T16:15:33,079   Found link https://files.pythonhosted.org/packages/3b/16/5cb1834e05b40db0c30b8869e2b8ee3a24561487ef38d27ce04d609d4b10/Adafruit-PlatformDetect-1.4.3.tar.gz (from https://pypi.org/simple/adafruit-platformdetect/) (requires-python:>=3.4.0), version: 1.4.3
2026-04-17T16:15:33,079   Found link https://files.pythonhosted.org/packages/06/d8/00b46cdf3a682140f420646caa1964005cf8f0c35d86bd177e9897c74328/Adafruit-PlatformDetect-1.4.4.tar.gz (from https://pypi.org/simple/adafruit-platformdetect/) (requires-python:>=3.4.0), version: 1.4.4
2026-04-17T16:15:33,079   Found link https://files.pythonhosted.org/packages/49/8c/894e9715437384597e91038bc961cab88acc5e5fb4d30f46378e1adca01d/Adafruit-PlatformDetect-1.4.5.tar.gz (from https://pypi.org/simple/adafruit-platformdetect/) (requires-python:>=3.4.0), version: 1.4.5
2026-04-17T16:15:33,079   Found link https://files.pythonhosted.org/packages/49/be/acc8eb66f9526c3bc1bbb91baba8063f6b6b27a065328360dc716d98fc96/Adafruit-PlatformDetect-2.0.0.tar.gz (from https://pypi.org/simple/adafruit-platformdetect/) (requires-python:>=3.4.0), version: 2.0.0
2026-04-17T16:15:33,079   Found link https://files.pythonhosted.org/packages/1e/96/b81fb1840ddc25731b4f669aa4dda9386673b81cd22a8defeda25f1d7aa9/Adafruit-PlatformDetect-2.0.1.tar.gz (from https://pypi.org/simple/adafruit-platformdetect/) (requires-python:>=3.4.0), version: 2.0.1
2026-04-17T16:15:33,079   Found link https://files.pythonhosted.org/packages/9d/f7/e5ba59b5c95e922b981e746eaf717a8b1778b53baccee27ebb9769987a31/Adafruit-PlatformDetect-2.1.0.tar.gz (from https://pypi.org/simple/adafruit-platformdetect/) (requires-python:>=3.4.0), version: 2.1.0
2026-04-17T16:15:33,079   Found link https://files.pythonhosted.org/packages/e0/1b/376540656270161cb02123871c15f7f2ee693130f4a6a748e4ec4de0b8a2/Adafruit-PlatformDetect-2.2.0.tar.gz (from https://pypi.org/simple/adafruit-platformdetect/) (requires-python:>=3.4.0), version: 2.2.0
2026-04-17T16:15:33,079   Found link https://files.pythonhosted.org/packages/50/24/968873e4c631b355cad4141f8506ec2a6856512e3b849f2fa6a5caa211ae/Adafruit-PlatformDetect-2.3.0.tar.gz (from https://pypi.org/simple/adafruit-platformdetect/) (requires-python:>=3.4.0), version: 2.3.0
2026-04-17T16:15:33,079   Found link https://files.pythonhosted.org/packages/c6/33/401de91e8b98947cef186d47aea93f73de3ce9be45380c4823b0f2df4458/Adafruit-PlatformDetect-2.4.0.tar.gz (from https://pypi.org/simple/adafruit-platformdetect/) (requires-python:>=3.4.0), version: 2.4.0
2026-04-17T16:15:33,079   Found link https://files.pythonhosted.org/packages/92/a4/6e40ea198c112d1d8998b0365e53c364844bb0305f8feddcb2329582d222/Adafruit-PlatformDetect-2.5.0.tar.gz (from https://pypi.org/simple/adafruit-platformdetect/) (requires-python:>=3.4.0), version: 2.5.0
2026-04-17T16:15:33,079   Found link https://files.pythonhosted.org/packages/17/a5/eccf181cfcfa3bc23029ad4f1f91f0473b26288c5491def4b69aa9d9c4f6/Adafruit-PlatformDetect-2.6.0.tar.gz (from https://pypi.org/simple/adafruit-platformdetect/) (requires-python:>=3.4.0), version: 2.6.0
2026-04-17T16:15:33,079   Found link https://files.pythonhosted.org/packages/40/fc/b4c2f068b79777ed110f171d6acb2ff2966cd239e0904dd1c168c7ea3c1d/Adafruit-PlatformDetect-2.6.1.tar.gz (from https://pypi.org/simple/adafruit-platformdetect/) (requires-python:>=3.4.0), version: 2.6.1
2026-04-17T16:15:33,079   Found link https://files.pythonhosted.org/packages/19/9a/3384ffb12f794ee0a1d07435bc89a255364cb6bf73fb3a3045a962b6b597/Adafruit-PlatformDetect-2.7.0.tar.gz (from https://pypi.org/simple/adafruit-platformdetect/) (requires-python:>=3.5.0), version: 2.7.0
2026-04-17T16:15:33,080   Found link https://files.pythonhosted.org/packages/7b/c5/084a8f68b95a88dd4e6d7c5cc0cac3978f454870991485fff497ad85dec5/Adafruit-PlatformDetect-2.8.0.tar.gz (from https://pypi.org/simple/adafruit-platformdetect/) (requires-python:>=3.5.0), version: 2.8.0
2026-04-17T16:15:33,080   Found link https://files.pythonhosted.org/packages/28/1e/c2d4bdf625db13b6d7a3edbfda57e27209a59d4351d8ba4bfb9996c6ece7/Adafruit-PlatformDetect-2.9.0.tar.gz (from https://pypi.org/simple/adafruit-platformdetect/) (requires-python:>=3.5.0), version: 2.9.0
2026-04-17T16:15:33,080   Found link https://files.pythonhosted.org/packages/7f/f0/866f38d3aa4eb763cdacf13aa0ea05d0eafe593f47819a582d95d2400dff/Adafruit-PlatformDetect-2.9.1.tar.gz (from https://pypi.org/simple/adafruit-platformdetect/) (requires-python:>=3.5.0), version: 2.9.1
2026-04-17T16:15:33,080   Found link https://files.pythonhosted.org/packages/f4/f7/9e27a6942ed592f63a724f6b661fbd2b01ad6e10e23d14087a2d542a9c7f/Adafruit-PlatformDetect-2.10.0.tar.gz (from https://pypi.org/simple/adafruit-platformdetect/) (requires-python:>=3.5.0), version: 2.10.0
2026-04-17T16:15:33,080   Found link https://files.pythonhosted.org/packages/65/97/4b690fd28434c8e30cde69e2623e47ff9c584ac96410f44ee4885b33ea89/Adafruit-PlatformDetect-2.11.0.tar.gz (from https://pypi.org/simple/adafruit-platformdetect/) (requires-python:>=3.5.0), version: 2.11.0
2026-04-17T16:15:33,080   Found link https://files.pythonhosted.org/packages/04/61/77e9323ec8b38c8cb10145374161f83d95ded7963488b163e2b2acb27b72/Adafruit-PlatformDetect-2.11.1.tar.gz (from https://pypi.org/simple/adafruit-platformdetect/) (requires-python:>=3.5.0), version: 2.11.1
2026-04-17T16:15:33,080   Found link https://files.pythonhosted.org/packages/b2/1a/64879375c68011a05e99bb3c7237bc4cb13c9fa75a17c6fa86c8a7e08398/Adafruit-PlatformDetect-2.12.0.tar.gz (from https://pypi.org/simple/adafruit-platformdetect/) (requires-python:>=3.5.0), version: 2.12.0
2026-04-17T16:15:33,080   Found link https://files.pythonhosted.org/packages/7d/7b/6f1a8269500fb6ef6c0b56ea52bdc009734a2fb02d9e1179851b1ee56d24/Adafruit-PlatformDetect-2.13.0.tar.gz (from https://pypi.org/simple/adafruit-platformdetect/) (requires-python:>=3.5.0), version: 2.13.0
2026-04-17T16:15:33,080   Found link https://files.pythonhosted.org/packages/13/b8/82630bae4b14dd108f4ae5f04f035b01ede541cae5bc711870fbc4bba8a8/Adafruit-PlatformDetect-2.13.1.tar.gz (from https://pypi.org/simple/adafruit-platformdetect/) (requires-python:>=3.5.0), version: 2.13.1
2026-04-17T16:15:33,080   Found link https://files.pythonhosted.org/packages/ac/9c/acc496eb394f6409793a682a71d03e92ea91ad1f4dd0439d2e4aec894600/Adafruit-PlatformDetect-2.13.2.tar.gz (from https://pypi.org/simple/adafruit-platformdetect/) (requires-python:>=3.5.0), version: 2.13.2
2026-04-17T16:15:33,080   Found link https://files.pythonhosted.org/packages/1c/2b/5e37e65407f22c7d665413a24d0ee4f7699f2a58ad4dad0dd710a2f6a5f7/Adafruit-PlatformDetect-2.13.3.tar.gz (from https://pypi.org/simple/adafruit-platformdetect/) (requires-python:>=3.5.0), version: 2.13.3
2026-04-17T16:15:33,080   Found link https://files.pythonhosted.org/packages/4f/a7/c1ef0f336c4d302e1d1888db30eb46f393515fe36696d48e89d8ff2b484d/Adafruit-PlatformDetect-2.14.0.tar.gz (from https://pypi.org/simple/adafruit-platformdetect/) (requires-python:>=3.5.0), version: 2.14.0
2026-04-17T16:15:33,080   Found link https://files.pythonhosted.org/packages/c5/75/a937f8b4c13ec3dd1dfb159f2a3919b47e02bf0b39f2fd842cc0790beb1f/Adafruit-PlatformDetect-2.14.1.tar.gz (from https://pypi.org/simple/adafruit-platformdetect/) (requires-python:>=3.5.0), version: 2.14.1
2026-04-17T16:15:33,080   Found link https://files.pythonhosted.org/packages/74/fe/a9d5a1eb6d4bc64bc854153f931bd95218a604ca3a16426e8bb528ec0cfe/Adafruit-PlatformDetect-2.14.2.tar.gz (from https://pypi.org/simple/adafruit-platformdetect/) (requires-python:>=3.5.0), version: 2.14.2
2026-04-17T16:15:33,080   Found link https://files.pythonhosted.org/packages/1c/33/c89c35c3e8ca66d24857d4d8b189d8a92c3efb008e266ab364791985a721/Adafruit-PlatformDetect-2.14.3.tar.gz (from https://pypi.org/simple/adafruit-platformdetect/) (requires-python:>=3.5.0), version: 2.14.3
2026-04-17T16:15:33,080   Found link https://files.pythonhosted.org/packages/d1/c0/fc6c31e6dc6911708c0a2063ce12d6caf52adb7fe9d92cbc680e0f7ad850/Adafruit-PlatformDetect-2.14.4.tar.gz (from https://pypi.org/simple/adafruit-platformdetect/) (requires-python:>=3.5.0), version: 2.14.4
2026-04-17T16:15:33,080   Found link https://files.pythonhosted.org/packages/33/d2/f13c7e0491ce9968346f04141df48767df8ee419d5085279b2e24684d02e/Adafruit-PlatformDetect-2.15.0.tar.gz (from https://pypi.org/simple/adafruit-platformdetect/) (requires-python:>=3.5.0), version: 2.15.0
2026-04-17T16:15:33,080   Found link https://files.pythonhosted.org/packages/a6/ec/f6f8f4f9bf3a40fd141ba13b536eea4e40acf425eb6388708e406e1f4f82/Adafruit-PlatformDetect-2.16.tar.gz (from https://pypi.org/simple/adafruit-platformdetect/) (requires-python:>=3.5.0), version: 2.16
2026-04-17T16:15:33,080   Found link https://files.pythonhosted.org/packages/00/ef/788c694334c094710d191e6f3043d554577b3ed40f6c87980e2a46e0d506/Adafruit-PlatformDetect-2.17.0.tar.gz (from https://pypi.org/simple/adafruit-platformdetect/) (requires-python:>=3.5.0), version: 2.17.0
2026-04-17T16:15:33,080   Found link https://files.pythonhosted.org/packages/04/fe/1608ba18fbc7133ccdacc255266cfe016890ab8c73845bd7e9bfd11a66ab/Adafruit-PlatformDetect-2.18.0.tar.gz (from https://pypi.org/simple/adafruit-platformdetect/) (requires-python:>=3.5.0), version: 2.18.0
2026-04-17T16:15:33,080   Found link https://files.pythonhosted.org/packages/cf/e0/8b92dda73bb7119fe01d9df276e81bc845a959018cd658a3b0d4a361777e/Adafruit-PlatformDetect-2.18.1.tar.gz (from https://pypi.org/simple/adafruit-platformdetect/) (requires-python:>=3.5.0), version: 2.18.1
2026-04-17T16:15:33,080   Found link https://files.pythonhosted.org/packages/a4/89/b771dc94c4127593d9d0bf102f6e6ecfa2c50bb8393b3a25e1bf685b042b/Adafruit-PlatformDetect-2.18.2.tar.gz (from https://pypi.org/simple/adafruit-platformdetect/) (requires-python:>=3.5.0), version: 2.18.2
2026-04-17T16:15:33,080   Found link https://files.pythonhosted.org/packages/52/14/46425235f017ad68203918b00b17f09a8f7e42d63313944cfc1644a15078/Adafruit-PlatformDetect-2.19.0.tar.gz (from https://pypi.org/simple/adafruit-platformdetect/) (requires-python:>=3.5.0), version: 2.19.0
2026-04-17T16:15:33,080   Found link https://files.pythonhosted.org/packages/40/0a/8d7f0d28f0990f31b4ef14588ced336b2ccbad26113ee97d2085c95ddc96/Adafruit-PlatformDetect-2.19.1.tar.gz (from https://pypi.org/simple/adafruit-platformdetect/) (requires-python:>=3.5.0), version: 2.19.1
2026-04-17T16:15:33,081   Found link https://files.pythonhosted.org/packages/8f/7e/77a0b02421bebc4053d135d9816fb3c1a98ca467c50093636b4d90587ede/Adafruit-PlatformDetect-2.19.2.tar.gz (from https://pypi.org/simple/adafruit-platformdetect/) (requires-python:>=3.5.0), version: 2.19.2
2026-04-17T16:15:33,081   Found link https://files.pythonhosted.org/packages/74/08/96b0780f91a25b3e649f43ec38842f84e10c9005e6207d09df28b1e89b57/Adafruit-PlatformDetect-2.20.0.tar.gz (from https://pypi.org/simple/adafruit-platformdetect/) (requires-python:>=3.5.0), version: 2.20.0
2026-04-17T16:15:33,081   Found link https://files.pythonhosted.org/packages/ac/87/11e899ebd0bfccab9f3a7946d495ab426ec9d4eec9ea80deaae2c79b7232/Adafruit-PlatformDetect-2.21.0.tar.gz (from https://pypi.org/simple/adafruit-platformdetect/) (requires-python:>=3.5.0), version: 2.21.0
2026-04-17T16:15:33,081   Found link https://files.pythonhosted.org/packages/ac/cc/20ebcd7920d48e6574e841140c4cf695d5f8661261ef77dc364f0a98bb2b/Adafruit-PlatformDetect-2.22.0.tar.gz (from https://pypi.org/simple/adafruit-platformdetect/) (requires-python:>=3.5.0), version: 2.22.0
2026-04-17T16:15:33,081   Found link https://files.pythonhosted.org/packages/66/e0/96f109275a29b4002010da0194d8badcfb6b0ecd71d6102e7d69c5be1a0d/Adafruit-PlatformDetect-2.22.1.tar.gz (from https://pypi.org/simple/adafruit-platformdetect/) (requires-python:>=3.5.0), version: 2.22.1
2026-04-17T16:15:33,081   Found link https://files.pythonhosted.org/packages/e5/97/dad3dc22102ff4383d7054defda8e87ce186933943bdaf412c40ba85f912/Adafruit-PlatformDetect-2.22.2.tar.gz (from https://pypi.org/simple/adafruit-platformdetect/) (requires-python:>=3.5.0), version: 2.22.2
2026-04-17T16:15:33,081   Found link https://files.pythonhosted.org/packages/da/6f/bc242dc7cf85b9005a4b3a35542d7e78e1d50f9105887d0564bd86d1d276/Adafruit-PlatformDetect-2.22.3.tar.gz (from https://pypi.org/simple/adafruit-platformdetect/) (requires-python:>=3.5.0), version: 2.22.3
2026-04-17T16:15:33,081   Found link https://files.pythonhosted.org/packages/e6/aa/755ef9f4708a22f1b8440a0540146d1df986faf59d552d767103840cd32b/Adafruit-PlatformDetect-2.23.0.tar.gz (from https://pypi.org/simple/adafruit-platformdetect/) (requires-python:>=3.5.0), version: 2.23.0
2026-04-17T16:15:33,081   Found link https://files.pythonhosted.org/packages/4f/5d/fcf7587a91b2ed97f9ffce08c7c3b3e66b111140611a9471c940fc4744e8/Adafruit-PlatformDetect-2.24.0.tar.gz (from https://pypi.org/simple/adafruit-platformdetect/) (requires-python:>=3.5.0), version: 2.24.0
2026-04-17T16:15:33,081   Found link https://files.pythonhosted.org/packages/e9/c9/4e0e2d1787a29a7fd1fdbfe61750a07390aa8f54d09b8553d09db9567857/Adafruit-PlatformDetect-2.25.0.tar.gz (from https://pypi.org/simple/adafruit-platformdetect/) (requires-python:>=3.5.0), version: 2.25.0
2026-04-17T16:15:33,081   Found link https://files.pythonhosted.org/packages/7f/39/cfbbc94e5939c5213c9cd534f461d2a80996428eeb15cd789b8f38db22a1/Adafruit-PlatformDetect-2.26.0.tar.gz (from https://pypi.org/simple/adafruit-platformdetect/) (requires-python:>=3.5.0), version: 2.26.0
2026-04-17T16:15:33,081   Found link https://files.pythonhosted.org/packages/48/1b/4e8d51fed46e11ee0859d0b0477842973731df088a792d79332c042ab349/Adafruit-PlatformDetect-2.27.0.tar.gz (from https://pypi.org/simple/adafruit-platformdetect/) (requires-python:>=3.5.0), version: 2.27.0
2026-04-17T16:15:33,081   Found link https://files.pythonhosted.org/packages/24/cc/59a77e56468c5f80844f871d7f5ac2d39a6e81f7deb56a1172f2751df18e/Adafruit-PlatformDetect-2.27.1.tar.gz (from https://pypi.org/simple/adafruit-platformdetect/) (requires-python:>=3.5.0), version: 2.27.1
2026-04-17T16:15:33,081   Found link https://files.pythonhosted.org/packages/a5/a9/3afd0390f7fc149f964a18099ed86a8ba23f5897ea1505209a06b953bfd9/Adafruit-PlatformDetect-2.28.0.tar.gz (from https://pypi.org/simple/adafruit-platformdetect/) (requires-python:>=3.5.0), version: 2.28.0
2026-04-17T16:15:33,081   Found link https://files.pythonhosted.org/packages/14/67/ff149c7f26d50c0ac199dedf2012f499c80135cd667f9d2d79df60b9cddc/Adafruit-PlatformDetect-3.0.0.tar.gz (from https://pypi.org/simple/adafruit-platformdetect/) (requires-python:>=3.6.0), version: 3.0.0
2026-04-17T16:15:33,081   Found link https://files.pythonhosted.org/packages/ac/76/75d6c8af136edc2e2a9960298b74a57e45a3b44cd31b222a57da900ce5ce/Adafruit-PlatformDetect-3.1.0.tar.gz (from https://pypi.org/simple/adafruit-platformdetect/) (requires-python:>=3.6.0), version: 3.1.0
2026-04-17T16:15:33,081   Found link https://files.pythonhosted.org/packages/b5/59/c77342f4769a39ce3a17b7933976534db3144f6ed7189c13445bae855191/Adafruit-PlatformDetect-3.1.1.tar.gz (from https://pypi.org/simple/adafruit-platformdetect/) (requires-python:>=3.6.0), version: 3.1.1
2026-04-17T16:15:33,081   Found link https://files.pythonhosted.org/packages/75/f2/708fbc3c2cd1aa3528e2bee7e3fef4f23333b927410b6ada374e433d408a/Adafruit-PlatformDetect-3.2.0.tar.gz (from https://pypi.org/simple/adafruit-platformdetect/) (requires-python:>=3.6.0), version: 3.2.0
2026-04-17T16:15:33,081   Found link https://files.pythonhosted.org/packages/eb/f0/abf3444d5d5f88585053f5432cea9f02e318fbfc2aa6c441336b919011c3/Adafruit-PlatformDetect-3.3.0.tar.gz (from https://pypi.org/simple/adafruit-platformdetect/) (requires-python:>=3.6.0), version: 3.3.0
2026-04-17T16:15:33,081   Found link https://files.pythonhosted.org/packages/23/55/8c735a94013a15c40ffacb4553fe63e91a866492a859bb0620e0f4cd4f25/Adafruit-PlatformDetect-3.4.0.tar.gz (from https://pypi.org/simple/adafruit-platformdetect/) (requires-python:>=3.6.0), version: 3.4.0
2026-04-17T16:15:33,081   Found link https://files.pythonhosted.org/packages/5c/78/f467a2909d4e06681da61eba984249fe0c75c2bce6bc7cca2260871678e4/Adafruit-PlatformDetect-3.4.1.tar.gz (from https://pypi.org/simple/adafruit-platformdetect/) (requires-python:>=3.6.0), version: 3.4.1
2026-04-17T16:15:33,081   Found link https://files.pythonhosted.org/packages/8d/4f/9c340e83d2db7aca4e153ad5d3b9dbafe4edae5822e1550abf320bd7f2b7/Adafruit-PlatformDetect-3.5.0.tar.gz (from https://pypi.org/simple/adafruit-platformdetect/) (requires-python:>=3.6.0), version: 3.5.0
2026-04-17T16:15:33,081   Found link https://files.pythonhosted.org/packages/26/d2/83c35cf1a871fd8ea0664f9435fdf886d770b7465c4216612bab65016c4d/Adafruit-PlatformDetect-3.6.0.tar.gz (from https://pypi.org/simple/adafruit-platformdetect/) (requires-python:>=3.6.0), version: 3.6.0
2026-04-17T16:15:33,082   Found link https://files.pythonhosted.org/packages/56/eb/9b864cdc0a55c2f67c048a68097044ac0d754d45ada398c9d1f02a314487/Adafruit-PlatformDetect-3.7.0.tar.gz (from https://pypi.org/simple/adafruit-platformdetect/) (requires-python:>=3.6.0), version: 3.7.0
2026-04-17T16:15:33,082   Found link https://files.pythonhosted.org/packages/f5/ca/8342f0487151623b7a76770af7b38ada4e3d7ace4fc35a67d968e283bdbc/Adafruit-PlatformDetect-3.8.0.tar.gz (from https://pypi.org/simple/adafruit-platformdetect/) (requires-python:>=3.6.0), version: 3.8.0
2026-04-17T16:15:33,082   Found link https://files.pythonhosted.org/packages/96/db/97037250481c2098cb390b79a72ef44039a4428bf3f22f6cffc84b4cd9ea/Adafruit-PlatformDetect-3.9.0.tar.gz (from https://pypi.org/simple/adafruit-platformdetect/) (requires-python:>=3.6.0), version: 3.9.0
2026-04-17T16:15:33,082   Found link https://files.pythonhosted.org/packages/bb/36/c4ad61813a14ab872db2fd9e936b116ced33589c9cff3d4a19b8e0265510/Adafruit-PlatformDetect-3.10.0.tar.gz (from https://pypi.org/simple/adafruit-platformdetect/) (requires-python:>=3.6.0), version: 3.10.0
2026-04-17T16:15:33,082   Found link https://files.pythonhosted.org/packages/f0/f2/aabb148eab65a4ea139d58fe064e07937b454d20259c7fa7aecb0ac64f3d/Adafruit-PlatformDetect-3.11.0.tar.gz (from https://pypi.org/simple/adafruit-platformdetect/) (requires-python:>=3.6.0), version: 3.11.0
2026-04-17T16:15:33,082   Found link https://files.pythonhosted.org/packages/57/a2/d3b8b713e935a1043c1f85b1083e8ae03ab0fc6a908381a8f0ae84dc30b5/Adafruit-PlatformDetect-3.12.0.tar.gz (from https://pypi.org/simple/adafruit-platformdetect/) (requires-python:>=3.6.0), version: 3.12.0
2026-04-17T16:15:33,082   Found link https://files.pythonhosted.org/packages/91/5e/3ff41c8351311e1dc8e0acc8e1848ab149c0fe57942b723ced1a50b10c46/Adafruit-PlatformDetect-3.13.0.tar.gz (from https://pypi.org/simple/adafruit-platformdetect/) (requires-python:>=3.6.0), version: 3.13.0
2026-04-17T16:15:33,082   Found link https://files.pythonhosted.org/packages/d7/fc/710e81d1cf5b8e8f8e19e024307e8e7bd3e91532253cd64ef0610befcbda/Adafruit-PlatformDetect-3.13.1.tar.gz (from https://pypi.org/simple/adafruit-platformdetect/) (requires-python:>=3.6.0), version: 3.13.1
2026-04-17T16:15:33,082   Found link https://files.pythonhosted.org/packages/27/05/2393f5e5501e5d4aafd0834df9eee91cb5e3ce564b2d5cf43cd1bd2e0cc1/Adafruit-PlatformDetect-3.13.2.tar.gz (from https://pypi.org/simple/adafruit-platformdetect/) (requires-python:>=3.6.0), version: 3.13.2
2026-04-17T16:15:33,082   Found link https://files.pythonhosted.org/packages/78/09/a3514bf5c03ca4ffeb63149ee1ad5e4b5570aadda12c25ef7b2f6a72bc69/Adafruit-PlatformDetect-3.13.3.tar.gz (from https://pypi.org/simple/adafruit-platformdetect/) (requires-python:>=3.6.0), version: 3.13.3
2026-04-17T16:15:33,082   Found link https://files.pythonhosted.org/packages/89/cd/92ad236cab277995195010d23092a48bcb2bd6c235da5fed2cc5f19606cd/Adafruit-PlatformDetect-3.13.4.tar.gz (from https://pypi.org/simple/adafruit-platformdetect/) (requires-python:>=3.6.0), version: 3.13.4
2026-04-17T16:15:33,082   Found link https://files.pythonhosted.org/packages/44/fa/6ee0fdaf63758c02e22bc834663fe4daf881f03dc5ec40ff613bc04a0c92/Adafruit-PlatformDetect-3.14.0.tar.gz (from https://pypi.org/simple/adafruit-platformdetect/) (requires-python:>=3.6.0), version: 3.14.0
2026-04-17T16:15:33,082   Found link https://files.pythonhosted.org/packages/e4/17/5857cdbe1f334bb21f06617f08ba28c9b8102bbbd1ec90069eb520c1d60c/Adafruit-PlatformDetect-3.14.1.tar.gz (from https://pypi.org/simple/adafruit-platformdetect/) (requires-python:>=3.6.0), version: 3.14.1
2026-04-17T16:15:33,082   Found link https://files.pythonhosted.org/packages/cb/e1/2eaf0cc24788ba810d04c9a9b5ef7c5569ca675d73d1d220616b12883115/Adafruit-PlatformDetect-3.14.2.tar.gz (from https://pypi.org/simple/adafruit-platformdetect/) (requires-python:>=3.6.0), version: 3.14.2
2026-04-17T16:15:33,082   Found link https://files.pythonhosted.org/packages/d0/54/286bd6bb3e4e67a0fb954f5686623e5345a0df450dc5d732c4e57976a671/Adafruit-PlatformDetect-3.15.0.tar.gz (from https://pypi.org/simple/adafruit-platformdetect/) (requires-python:>=3.6.0), version: 3.15.0
2026-04-17T16:15:33,082   Found link https://files.pythonhosted.org/packages/2f/9b/9efbf5cd6cfe3c0ef6c639ba0f2d80fd14d401c3ad1e894391c6c3f5d780/Adafruit-PlatformDetect-3.15.1.tar.gz (from https://pypi.org/simple/adafruit-platformdetect/) (requires-python:>=3.6.0), version: 3.15.1
2026-04-17T16:15:33,082   Found link https://files.pythonhosted.org/packages/fa/ea/62e40efcd81ba1e3073e60ec951104149baeeadc2d3ce5f8901c8569af71/Adafruit-PlatformDetect-3.15.2.tar.gz (from https://pypi.org/simple/adafruit-platformdetect/) (requires-python:>=3.6.0), version: 3.15.2
2026-04-17T16:15:33,082   Found link https://files.pythonhosted.org/packages/58/31/a53cc50f6b3344530c3165ebd3521314b5acf07c6172f2193599ba683b41/Adafruit-PlatformDetect-3.15.3.tar.gz (from https://pypi.org/simple/adafruit-platformdetect/) (requires-python:>=3.6.0), version: 3.15.3
2026-04-17T16:15:33,082   Found link https://files.pythonhosted.org/packages/76/ee/b2758c3cb2ab769fe38173e7b7a9471fab7466743cd5e682326b479223dd/Adafruit-PlatformDetect-3.16.0.tar.gz (from https://pypi.org/simple/adafruit-platformdetect/) (requires-python:>=3.6.0), version: 3.16.0
2026-04-17T16:15:33,082   Found link https://files.pythonhosted.org/packages/06/48/9f9c0fa5aba88a6d0f7cb5ea7933f59dbfcc55b4fbc66aeeefeadbcc08b3/Adafruit-PlatformDetect-3.16.1.tar.gz (from https://pypi.org/simple/adafruit-platformdetect/) (requires-python:>=3.6.0), version: 3.16.1
2026-04-17T16:15:33,082   Found link https://files.pythonhosted.org/packages/7f/10/aa460ba00d10e35dc30a0e51ca223f05298da0cb84d9e5b5dd38a2321641/Adafruit-PlatformDetect-3.17.0.tar.gz (from https://pypi.org/simple/adafruit-platformdetect/) (requires-python:>=3.6.0), version: 3.17.0
2026-04-17T16:15:33,082   Found link https://files.pythonhosted.org/packages/c6/8d/d07a730460be61cb98e703881728e676cdf3d1545edde7b63a8774b6812c/Adafruit-PlatformDetect-3.17.1.tar.gz (from https://pypi.org/simple/adafruit-platformdetect/) (requires-python:>=3.6.0), version: 3.17.1
2026-04-17T16:15:33,082   Found link https://files.pythonhosted.org/packages/5c/50/2f6375ce75dbe85e43f75d8c1e4588e97529e432cc04194887f15a47c274/Adafruit-PlatformDetect-3.17.2.tar.gz (from https://pypi.org/simple/adafruit-platformdetect/) (requires-python:>=3.6.0), version: 3.17.2
2026-04-17T16:15:33,082   Found link https://files.pythonhosted.org/packages/0b/f6/ba2cc01d8eced4819113474875e801cfa18b88c960ccea58799b18f3b48c/Adafruit-PlatformDetect-3.18.0.tar.gz (from https://pypi.org/simple/adafruit-platformdetect/) (requires-python:>=3.6.0), version: 3.18.0
2026-04-17T16:15:33,082   Found link https://files.pythonhosted.org/packages/23/05/39eab73291b8013e6f2afc30a4c23351b4965dd2a5f9a76378116caf9ac7/Adafruit-PlatformDetect-3.19.0.tar.gz (from https://pypi.org/simple/adafruit-platformdetect/) (requires-python:>=3.6.0), version: 3.19.0
2026-04-17T16:15:33,083   Found link https://files.pythonhosted.org/packages/31/31/293eb7264101abc9fb3d901ac5cd7e851deaa2c615f708ea05448317b1cb/Adafruit-PlatformDetect-3.19.1.tar.gz (from https://pypi.org/simple/adafruit-platformdetect/) (requires-python:>=3.6.0), version: 3.19.1
2026-04-17T16:15:33,083   Found link https://files.pythonhosted.org/packages/3c/1d/4996dc2a10a46d72229689812dfffeaf781c8171df7f2f6762161d6e545d/Adafruit-PlatformDetect-3.19.2.tar.gz (from https://pypi.org/simple/adafruit-platformdetect/) (requires-python:>=3.6.0), version: 3.19.2
2026-04-17T16:15:33,083   Found link https://files.pythonhosted.org/packages/24/aa/2287d83c6c137290246d866929f6520c6c39cef6ab1e537e36de9463c8d5/Adafruit-PlatformDetect-3.19.3.tar.gz (from https://pypi.org/simple/adafruit-platformdetect/) (requires-python:>=3.6.0), version: 3.19.3
2026-04-17T16:15:33,083   Found link https://files.pythonhosted.org/packages/f9/ac/4b2f2aae14200c4d0dcad4f5d6abfdc563f579de01746b0921d9fed1854e/Adafruit-PlatformDetect-3.19.4.tar.gz (from https://pypi.org/simple/adafruit-platformdetect/) (requires-python:>=3.6.0), version: 3.19.4
2026-04-17T16:15:33,083   Found link https://files.pythonhosted.org/packages/c8/70/7400a5b3b6368219aa4d6d16022fd7ee82cd3c2cab74c39e1dc8483356f3/Adafruit-PlatformDetect-3.19.5.tar.gz (from https://pypi.org/simple/adafruit-platformdetect/) (requires-python:>=3.6.0), version: 3.19.5
2026-04-17T16:15:33,083   Found link https://files.pythonhosted.org/packages/16/17/eba3cbfc1070b2ff502e2632c500358f86c8a7ff8842056247013639722e/Adafruit-PlatformDetect-3.19.6.tar.gz (from https://pypi.org/simple/adafruit-platformdetect/) (requires-python:>=3.6.0), version: 3.19.6
2026-04-17T16:15:33,083   Found link https://files.pythonhosted.org/packages/e4/9a/3747fcb3baacaa6a11e4d99d12362f3d2ece23e1db42776f52abfe251aea/Adafruit-PlatformDetect-3.20.0.tar.gz (from https://pypi.org/simple/adafruit-platformdetect/) (requires-python:>=3.6.0), version: 3.20.0
2026-04-17T16:15:33,083   Found link https://files.pythonhosted.org/packages/6c/92/e261da6d4e6b220ea58baa79d71924e79c304037da348a9dd9343ab97eb2/Adafruit-PlatformDetect-3.20.1.tar.gz (from https://pypi.org/simple/adafruit-platformdetect/) (requires-python:>=3.6.0), version: 3.20.1
2026-04-17T16:15:33,083   Found link https://files.pythonhosted.org/packages/8d/78/267ad72c2d8b8e43e5162f468db7e9b85e33118a5b1be72a0e7c3258e998/Adafruit-PlatformDetect-3.21.0.tar.gz (from https://pypi.org/simple/adafruit-platformdetect/) (requires-python:>=3.7.0), version: 3.21.0
2026-04-17T16:15:33,083   Found link https://files.pythonhosted.org/packages/3e/e3/b61db228569d38fc8e236ca6fd9cc0a5a43d53fd3c694527bf87941ffd87/Adafruit-PlatformDetect-3.21.1.tar.gz (from https://pypi.org/simple/adafruit-platformdetect/) (requires-python:>=3.7.0), version: 3.21.1
2026-04-17T16:15:33,083   Found link https://files.pythonhosted.org/packages/e7/a4/f52903d474b287df248f4b4b200650646ef218f5fdef614105eee115279e/Adafruit-PlatformDetect-3.22.0.tar.gz (from https://pypi.org/simple/adafruit-platformdetect/) (requires-python:>=3.7.0), version: 3.22.0
2026-04-17T16:15:33,083   Found link https://files.pythonhosted.org/packages/2b/45/00ea7f0ef79956b7d7416885d1280dd53f89dea7aa484df5fe1effb331e6/Adafruit-PlatformDetect-3.22.1.tar.gz (from https://pypi.org/simple/adafruit-platformdetect/) (requires-python:>=3.7.0), version: 3.22.1
2026-04-17T16:15:33,083   Found link https://files.pythonhosted.org/packages/7a/28/9103d3717eabc717ebae189e95fe0b68f9eeda7c15033328967601b80c33/Adafruit-PlatformDetect-3.23.0.tar.gz (from https://pypi.org/simple/adafruit-platformdetect/) (requires-python:>=3.7.0), version: 3.23.0
2026-04-17T16:15:33,083   Found link https://files.pythonhosted.org/packages/7d/68/b0c3d06be5b7bed1d7360fe23da3deae166e693b40915bd6898844ac8cea/Adafruit-PlatformDetect-3.24.0.tar.gz (from https://pypi.org/simple/adafruit-platformdetect/) (requires-python:>=3.7.0), version: 3.24.0
2026-04-17T16:15:33,083   Found link https://files.pythonhosted.org/packages/ef/85/bdc651628d4337dcfcda2e8194755bc64202404354b71cb9bf50c830ca36/Adafruit-PlatformDetect-3.24.1.tar.gz (from https://pypi.org/simple/adafruit-platformdetect/) (requires-python:>=3.7.0), version: 3.24.1
2026-04-17T16:15:33,083   Found link https://files.pythonhosted.org/packages/c5/35/3746745cd7cf3dd90b0a87b97e07aeb079dd75de425b3292ed7172f5537c/Adafruit-PlatformDetect-3.25.0.tar.gz (from https://pypi.org/simple/adafruit-platformdetect/) (requires-python:>=3.7.0), version: 3.25.0
2026-04-17T16:15:33,083   Found link https://files.pythonhosted.org/packages/d8/1b/b54bd425df302c2f5e9a112c64ec97fdd1bc131aa01bef7ab723ccdb7dd9/Adafruit-PlatformDetect-3.26.0.tar.gz (from https://pypi.org/simple/adafruit-platformdetect/) (requires-python:>=3.7.0), version: 3.26.0
2026-04-17T16:15:33,083   Found link https://files.pythonhosted.org/packages/2c/21/a7ae62b2086e072e10de7ffcda660698cd66600ded78144cf7729f16e969/Adafruit-PlatformDetect-3.27.0.tar.gz (from https://pypi.org/simple/adafruit-platformdetect/) (requires-python:>=3.7.0), version: 3.27.0
2026-04-17T16:15:33,083   Found link https://files.pythonhosted.org/packages/99/4a/f2db60baeda70474bbd7ccbfc13b04d288415ac6a0ef69ec748d0f9c50f0/Adafruit-PlatformDetect-3.27.1.tar.gz (from https://pypi.org/simple/adafruit-platformdetect/) (requires-python:>=3.7.0), version: 3.27.1
2026-04-17T16:15:33,083   Found link https://files.pythonhosted.org/packages/99/ce/465c804912f2cf3efdb296096d8508650003040ff362bdd09a27264fbd82/Adafruit-PlatformDetect-3.27.2.tar.gz (from https://pypi.org/simple/adafruit-platformdetect/) (requires-python:>=3.7.0), version: 3.27.2
2026-04-17T16:15:33,083   Found link https://files.pythonhosted.org/packages/55/11/c20f20beefbe3d49f0ab9b17e5a93e7301697bf436f5117bc3d37b8bb664/Adafruit-PlatformDetect-3.27.3.tar.gz (from https://pypi.org/simple/adafruit-platformdetect/) (requires-python:>=3.7.0), version: 3.27.3
2026-04-17T16:15:33,083   Found link https://files.pythonhosted.org/packages/a0/f3/7b847c46985992d751054975b4d0dba2b61f397817e21092ff23a26bd85a/Adafruit-PlatformDetect-3.28.0.tar.gz (from https://pypi.org/simple/adafruit-platformdetect/) (requires-python:>=3.7.0), version: 3.28.0
2026-04-17T16:15:33,083   Found link https://files.pythonhosted.org/packages/38/c8/94d4158ecf743b7962ad6336d5a7a681e74aea99c5e315471b8d093dce0c/Adafruit-PlatformDetect-3.29.0.tar.gz (from https://pypi.org/simple/adafruit-platformdetect/) (requires-python:>=3.7.0), version: 3.29.0
2026-04-17T16:15:33,084   Found link https://files.pythonhosted.org/packages/13/3f/b380768c286714fe88311b256b9ec7b3079f6580a67ed2b0df8e77e95566/Adafruit-PlatformDetect-3.30.0.tar.gz (from https://pypi.org/simple/adafruit-platformdetect/) (requires-python:>=3.7.0), version: 3.30.0
2026-04-17T16:15:33,084   Found link https://files.pythonhosted.org/packages/fc/6a/806057be8323c3cb5835961b0aa10903497ba705314169cf9a303b46bd19/Adafruit-PlatformDetect-3.31.0.tar.gz (from https://pypi.org/simple/adafruit-platformdetect/) (requires-python:>=3.7.0), version: 3.31.0
2026-04-17T16:15:33,084   Found link https://files.pythonhosted.org/packages/15/42/2192f64a9732878ddb39bb4359864d1398849e90f39f5591a23005e65d8e/Adafruit-PlatformDetect-3.32.0.tar.gz (from https://pypi.org/simple/adafruit-platformdetect/) (requires-python:>=3.7.0), version: 3.32.0
2026-04-17T16:15:33,084   Found link https://files.pythonhosted.org/packages/93/1e/ad7958d683d164951f4593972800efd61e6e6744ef2975e20ca579c32302/Adafruit-PlatformDetect-3.33.0.tar.gz (from https://pypi.org/simple/adafruit-platformdetect/) (requires-python:>=3.7.0), version: 3.33.0
2026-04-17T16:15:33,084   Found link https://files.pythonhosted.org/packages/cd/cf/370adcf920c5fb468b9eb7637f6e1ec807220fcbd02be7b68e95758c83ca/Adafruit-PlatformDetect-3.34.0.tar.gz (from https://pypi.org/simple/adafruit-platformdetect/) (requires-python:>=3.7.0), version: 3.34.0
2026-04-17T16:15:33,084   Found link https://files.pythonhosted.org/packages/9d/07/eb3329c3bbffc5411761e70eea6232e0d49a0ac30f509d3cc90ffe51170e/Adafruit-PlatformDetect-3.35.0.tar.gz (from https://pypi.org/simple/adafruit-platformdetect/) (requires-python:>=3.7.0), version: 3.35.0
2026-04-17T16:15:33,084   Found link https://files.pythonhosted.org/packages/7c/cd/c72760d0548f5cf1dbf221f228bd00ad7222e5d4c66c57f7c95c5298e2b2/Adafruit-PlatformDetect-3.36.0.tar.gz (from https://pypi.org/simple/adafruit-platformdetect/) (requires-python:>=3.7.0), version: 3.36.0
2026-04-17T16:15:33,084   Found link https://files.pythonhosted.org/packages/96/65/ab4dad8ed6439f87709092c839760dad74a1f1b59070c6f8524842a37003/Adafruit-PlatformDetect-3.37.0.tar.gz (from https://pypi.org/simple/adafruit-platformdetect/) (requires-python:>=3.7.0), version: 3.37.0
2026-04-17T16:15:33,084   Found link https://files.pythonhosted.org/packages/24/d4/a014cb705b3c182b18499f8dad52afed7e9a61099d44340ca0f793869d6c/Adafruit-PlatformDetect-3.38.0.tar.gz (from https://pypi.org/simple/adafruit-platformdetect/) (requires-python:>=3.7.0), version: 3.38.0
2026-04-17T16:15:33,084   Found link https://files.pythonhosted.org/packages/26/37/3cb04bbf768aa0616f9b38a80bb05837b04ef6466bda941cccacf2db81cb/Adafruit-PlatformDetect-3.39.0.tar.gz (from https://pypi.org/simple/adafruit-platformdetect/) (requires-python:>=3.7.0), version: 3.39.0
2026-04-17T16:15:33,084   Found link https://files.pythonhosted.org/packages/fd/8a/072b6551f15345757b63406a8a4deefbe2a5b3ef532ee01dc795bf5f82ca/Adafruit-PlatformDetect-3.40.2.tar.gz (from https://pypi.org/simple/adafruit-platformdetect/), version: 3.40.2
2026-04-17T16:15:33,084   Found link https://files.pythonhosted.org/packages/93/b7/a513f30cf59bb009ebfe78cbbe9ea6a2fdbc0b3217afa84e13d0bc75a4b3/Adafruit_PlatformDetect-3.40.2-py3-none-any.whl (from https://pypi.org/simple/adafruit-platformdetect/), version: 3.40.2
2026-04-17T16:15:33,084   Found link https://files.pythonhosted.org/packages/cd/dd/3b677fdd4016fdc39f2b8101ebdfa108866621eb16837a4644644c7ef689/Adafruit-PlatformDetect-3.40.3.tar.gz (from https://pypi.org/simple/adafruit-platformdetect/), version: 3.40.3
2026-04-17T16:15:33,084   Found link https://files.pythonhosted.org/packages/83/af/ed827948533dac3a287d831781bf0267f32931ab6574bc02567269501a6f/Adafruit_PlatformDetect-3.40.3-py3-none-any.whl (from https://pypi.org/simple/adafruit-platformdetect/), version: 3.40.3
2026-04-17T16:15:33,084   Found link https://files.pythonhosted.org/packages/a3/12/a4177c0633710e882fc7896e1a72fe5e286bbcbf7057f81c1b8a9bcfe92e/Adafruit-PlatformDetect-3.41.0.tar.gz (from https://pypi.org/simple/adafruit-platformdetect/), version: 3.41.0
2026-04-17T16:15:33,084   Found link https://files.pythonhosted.org/packages/98/66/26552bf7d3904de8130bc5aa877b3b9ef6b9dc53351b020e4f528d48e3f5/Adafruit_PlatformDetect-3.41.0-py3-none-any.whl (from https://pypi.org/simple/adafruit-platformdetect/), version: 3.41.0
2026-04-17T16:15:33,084   Found link https://files.pythonhosted.org/packages/50/30/a777b31f34249b9c367cf42fe80325f0699d66ed86343dc7eb6dd027d34d/Adafruit-PlatformDetect-3.42.0.tar.gz (from https://pypi.org/simple/adafruit-platformdetect/), version: 3.42.0
2026-04-17T16:15:33,084   Found link https://files.pythonhosted.org/packages/28/25/e4bfc69878f8065b1cfc95c31567adcca2e6b9974554b51f330b8cb04559/Adafruit_PlatformDetect-3.42.0-py3-none-any.whl (from https://pypi.org/simple/adafruit-platformdetect/), version: 3.42.0
2026-04-17T16:15:33,084   Found link https://files.pythonhosted.org/packages/d1/ab/d89b9903b6e1c38ad8f27b8590ce674534bb5310e96a0d97f2a905dead92/Adafruit-PlatformDetect-3.43.0.tar.gz (from https://pypi.org/simple/adafruit-platformdetect/), version: 3.43.0
2026-04-17T16:15:33,084   Found link https://files.pythonhosted.org/packages/f8/09/d985436d6f01e6f7fd6ce864ca1600f82fc89dbfb8dbf46b835ff2cb1a3f/Adafruit_PlatformDetect-3.43.0-py3-none-any.whl (from https://pypi.org/simple/adafruit-platformdetect/), version: 3.43.0
2026-04-17T16:15:33,084   Found link https://files.pythonhosted.org/packages/00/6d/2e8d3eb558613c02c6371c1df78ed2b330a6d092d1b27d315706bc3fdd5c/Adafruit-PlatformDetect-3.44.0.tar.gz (from https://pypi.org/simple/adafruit-platformdetect/), version: 3.44.0
2026-04-17T16:15:33,084   Found link https://files.pythonhosted.org/packages/f3/90/eeda8a237eca73c2528be9e0452a3d1f05f96e1f24157fca72b58c53fccf/Adafruit_PlatformDetect-3.44.0-py3-none-any.whl (from https://pypi.org/simple/adafruit-platformdetect/), version: 3.44.0
2026-04-17T16:15:33,085   Found link https://files.pythonhosted.org/packages/c7/21/1c3af9528c6310842c9f6c48c5f5ccf62b257709fe17ff48c013ee74f260/Adafruit-PlatformDetect-3.45.0.tar.gz (from https://pypi.org/simple/adafruit-platformdetect/), version: 3.45.0
2026-04-17T16:15:33,085   Found link https://files.pythonhosted.org/packages/2d/53/b6713c1f402bcd0f9d1b294edb7639a90aeb53ef2c6500c0fb1bd31f9a2e/Adafruit_PlatformDetect-3.45.0-py3-none-any.whl (from https://pypi.org/simple/adafruit-platformdetect/), version: 3.45.0
2026-04-17T16:15:33,085   Found link https://files.pythonhosted.org/packages/ad/74/cc59b55aa61b093c88089ea29b26e50faa82ebdd24207c836bd9ac7cbd49/Adafruit-PlatformDetect-3.45.1.tar.gz (from https://pypi.org/simple/adafruit-platformdetect/), version: 3.45.1
2026-04-17T16:15:33,085   Found link https://files.pythonhosted.org/packages/9c/ee/5f82ef3aee7c6cce26b1318515e0f3f4e7a358e4de44aa5fa2bae0a2338f/Adafruit_PlatformDetect-3.45.1-py3-none-any.whl (from https://pypi.org/simple/adafruit-platformdetect/), version: 3.45.1
2026-04-17T16:15:33,085   Found link https://files.pythonhosted.org/packages/4a/45/145cc992a7e35f8870c99b6846ccb8693ffb458aedacc238dd66f7691c56/Adafruit-PlatformDetect-3.45.2.tar.gz (from https://pypi.org/simple/adafruit-platformdetect/), version: 3.45.2
2026-04-17T16:15:33,085   Found link https://files.pythonhosted.org/packages/5a/7f/d3e0a8f8800773a55c19dbaa9f9168b9e3d950ece3649e9d495076ac7069/Adafruit_PlatformDetect-3.45.2-py3-none-any.whl (from https://pypi.org/simple/adafruit-platformdetect/), version: 3.45.2
2026-04-17T16:15:33,085   Found link https://files.pythonhosted.org/packages/96/bd/7a1a74f926d74e265787ac1bb254691ed47d4e01e502922e34ebf3d68c31/Adafruit-PlatformDetect-3.46.0.tar.gz (from https://pypi.org/simple/adafruit-platformdetect/), version: 3.46.0
2026-04-17T16:15:33,085   Found link https://files.pythonhosted.org/packages/b1/88/83cfa05f6c781d2b111f8769bdc7cad6bdb3e814513381bc3927f2faddf4/Adafruit_PlatformDetect-3.46.0-py3-none-any.whl (from https://pypi.org/simple/adafruit-platformdetect/), version: 3.46.0
2026-04-17T16:15:33,085   Found link https://files.pythonhosted.org/packages/4c/dd/9dcb26c0af593523b555e660346903edb8b5d4f27fbd792d9df0e83a2688/Adafruit-PlatformDetect-3.47.0.tar.gz (from https://pypi.org/simple/adafruit-platformdetect/), version: 3.47.0
2026-04-17T16:15:33,085   Found link https://files.pythonhosted.org/packages/c1/40/b9f5fd94381c93142ee6f52888eadb899f5aadb53a466f2d1d59d0be8bec/Adafruit_PlatformDetect-3.47.0-py3-none-any.whl (from https://pypi.org/simple/adafruit-platformdetect/), version: 3.47.0
2026-04-17T16:15:33,085   Found link https://files.pythonhosted.org/packages/44/16/2f62a2372a122d0a3fbdc26db7fbdbb3f6417e19f79f452d511771744cb7/Adafruit-PlatformDetect-3.48.0.tar.gz (from https://pypi.org/simple/adafruit-platformdetect/), version: 3.48.0
2026-04-17T16:15:33,085   Found link https://files.pythonhosted.org/packages/e5/66/a5338879d22f847bc21633bc9890c0bb245f7f3c2fb437669078f6954404/Adafruit_PlatformDetect-3.48.0-py3-none-any.whl (from https://pypi.org/simple/adafruit-platformdetect/), version: 3.48.0
2026-04-17T16:15:33,085   Found link https://files.pythonhosted.org/packages/e0/ec/aa56754838ad92426a2da2fd703c6167989443de6ba08d618cd79c8431e7/Adafruit-PlatformDetect-3.49.0.tar.gz (from https://pypi.org/simple/adafruit-platformdetect/), version: 3.49.0
2026-04-17T16:15:33,085   Found link https://files.pythonhosted.org/packages/69/f2/18691cae9e55126fc28529920a85f49ec5c7b82853550536905daee90d89/Adafruit_PlatformDetect-3.49.0-py3-none-any.whl (from https://pypi.org/simple/adafruit-platformdetect/), version: 3.49.0
2026-04-17T16:15:33,085   Found link https://files.pythonhosted.org/packages/93/76/1ee3ca31c399b506213621aae0ab0382007658c3e956ed03e13c45fdbf62/Adafruit-PlatformDetect-3.50.0.tar.gz (from https://pypi.org/simple/adafruit-platformdetect/), version: 3.50.0
2026-04-17T16:15:33,085   Found link https://files.pythonhosted.org/packages/0b/cc/21461e01905be2165a520a620469fc7b5f8e5733fb56260aac44c151f559/Adafruit_PlatformDetect-3.50.0-py3-none-any.whl (from https://pypi.org/simple/adafruit-platformdetect/), version: 3.50.0
2026-04-17T16:15:33,085   Found link https://files.pythonhosted.org/packages/45/2b/8be3388e1a1beaabdefeb03a90abd823af41f66f37f3a9a9f8a010a38e24/Adafruit-PlatformDetect-3.51.0.tar.gz (from https://pypi.org/simple/adafruit-platformdetect/), version: 3.51.0
2026-04-17T16:15:33,085   Found link https://files.pythonhosted.org/packages/a8/6f/468cf219d61e6a8584f600d4ae2e1ed77d23506917eac83f7e2f1471d297/Adafruit_PlatformDetect-3.51.0-py3-none-any.whl (from https://pypi.org/simple/adafruit-platformdetect/), version: 3.51.0
2026-04-17T16:15:33,085   Found link https://files.pythonhosted.org/packages/44/7b/6e14b3cbf8840e6784d72fab5b7e462cee10c3461403dd109dc7965782ee/Adafruit-PlatformDetect-3.52.0.tar.gz (from https://pypi.org/simple/adafruit-platformdetect/), version: 3.52.0
2026-04-17T16:15:33,085   Found link https://files.pythonhosted.org/packages/f1/4d/46fc6dbda0466ca2d9b358a2dee6c26dfc038055d54605b166b9d529828a/Adafruit_PlatformDetect-3.52.0-py3-none-any.whl (from https://pypi.org/simple/adafruit-platformdetect/), version: 3.52.0
2026-04-17T16:15:33,086   Found link https://files.pythonhosted.org/packages/26/ff/d97b26829ad0ce04ca623ec744a85bbe08ac65f5d16860a9c7c35904ba96/Adafruit-PlatformDetect-3.52.1.tar.gz (from https://pypi.org/simple/adafruit-platformdetect/), version: 3.52.1
2026-04-17T16:15:33,086   Found link https://files.pythonhosted.org/packages/48/27/b4aba906e357dc2747100f4c951027c32ba76bb67bbaee687c9c22a851cc/Adafruit_PlatformDetect-3.52.1-py3-none-any.whl (from https://pypi.org/simple/adafruit-platformdetect/), version: 3.52.1
2026-04-17T16:15:33,086   Found link https://files.pythonhosted.org/packages/ca/c4/e52cc743385df74b47ae6077b8a74a17605bc6742ec50397b9971455b38e/Adafruit-PlatformDetect-3.52.3.tar.gz (from https://pypi.org/simple/adafruit-platformdetect/), version: 3.52.3
2026-04-17T16:15:33,086   Found link https://files.pythonhosted.org/packages/b0/8b/2cc37bd86b55a6dfbbce078435d5dd2e18adaa69670763a6aeaf4207406f/Adafruit_PlatformDetect-3.52.3-py3-none-any.whl (from https://pypi.org/simple/adafruit-platformdetect/), version: 3.52.3
2026-04-17T16:15:33,086   Found link https://files.pythonhosted.org/packages/6a/8d/2fddaba3823d4062d0d5c8d5b7ed00a05e854eb64ff37c68191c9cb81334/Adafruit-PlatformDetect-3.53.0.tar.gz (from https://pypi.org/simple/adafruit-platformdetect/), version: 3.53.0
2026-04-17T16:15:33,086   Found link https://files.pythonhosted.org/packages/eb/74/c259d0dd5dcec8e5745d01e63ef56ec8193c039afe2ae1af6429bfe76dbf/Adafruit_PlatformDetect-3.53.0-py3-none-any.whl (from https://pypi.org/simple/adafruit-platformdetect/), version: 3.53.0
2026-04-17T16:15:33,086   Found link https://files.pythonhosted.org/packages/7e/d1/929b24fb52d14c0a02f505658eb2a8a1c1156074bd9ed8d5b8d818769615/Adafruit-PlatformDetect-3.54.0.tar.gz (from https://pypi.org/simple/adafruit-platformdetect/), version: 3.54.0
2026-04-17T16:15:33,086   Found link https://files.pythonhosted.org/packages/3c/c7/0daa630148a68fba8d5c26ace54b49213530e7dbd0c4c380bec8cc344c37/Adafruit_PlatformDetect-3.54.0-py3-none-any.whl (from https://pypi.org/simple/adafruit-platformdetect/), version: 3.54.0
2026-04-17T16:15:33,086   Found link https://files.pythonhosted.org/packages/0d/9d/3f891e18fe00de8c6908137a22feaf8e1e3b8f56c0091d304932ea245b10/Adafruit-PlatformDetect-3.55.0.tar.gz (from https://pypi.org/simple/adafruit-platformdetect/), version: 3.55.0
2026-04-17T16:15:33,086   Found link https://files.pythonhosted.org/packages/9e/ef/8acc5001ba8b51658d751cb1010b06e3a7671d10abcfcd1980e8a7903ada/Adafruit_PlatformDetect-3.55.0-py3-none-any.whl (from https://pypi.org/simple/adafruit-platformdetect/), version: 3.55.0
2026-04-17T16:15:33,086   Found link https://files.pythonhosted.org/packages/6c/4d/fc539fc7203b64604f435968581e5b070e4ed9e769627ac69123ac1275b4/Adafruit-PlatformDetect-3.56.0.tar.gz (from https://pypi.org/simple/adafruit-platformdetect/), version: 3.56.0
2026-04-17T16:15:33,086   Found link https://files.pythonhosted.org/packages/3b/41/34d9e27df6af836e891b2f7b017d19476cc86f8f3e5752abd928f647a10d/Adafruit_PlatformDetect-3.56.0-py3-none-any.whl (from https://pypi.org/simple/adafruit-platformdetect/), version: 3.56.0
2026-04-17T16:15:33,086   Found link https://files.pythonhosted.org/packages/d4/f6/df2895c7d441e683030e1b1afcd4ba8b28a198543192dc6ec3a2ee3db2c0/Adafruit-PlatformDetect-3.57.0.tar.gz (from https://pypi.org/simple/adafruit-platformdetect/), version: 3.57.0
2026-04-17T16:15:33,086   Found link https://files.pythonhosted.org/packages/f2/cb/c50545faab9419ea705a5e14b417c00b32c56998717129b02c45a45a10e3/Adafruit_PlatformDetect-3.57.0-py3-none-any.whl (from https://pypi.org/simple/adafruit-platformdetect/), version: 3.57.0
2026-04-17T16:15:33,086   Found link https://files.pythonhosted.org/packages/d7/25/e761f4378c05eaeb1260070facdf1c31fbb84eda75de830190e74b1d5226/Adafruit-PlatformDetect-3.58.0.tar.gz (from https://pypi.org/simple/adafruit-platformdetect/), version: 3.58.0
2026-04-17T16:15:33,086   Found link https://files.pythonhosted.org/packages/2d/42/e1fa57a7b03ff4893dd0c2b8fb399c40b8351ecae368e8ea0dacefe278a5/Adafruit_PlatformDetect-3.58.0-py3-none-any.whl (from https://pypi.org/simple/adafruit-platformdetect/), version: 3.58.0
2026-04-17T16:15:33,086   Found link https://files.pythonhosted.org/packages/66/b0/ea1a0889a51c3e320ba9e62bf384d2370aa82fb98f659dbf7f466a80cc02/Adafruit-PlatformDetect-3.59.0.tar.gz (from https://pypi.org/simple/adafruit-platformdetect/), version: 3.59.0
2026-04-17T16:15:33,086   Found link https://files.pythonhosted.org/packages/fd/2e/5e134910e70fff7f6750d62c271706b169f06564f6f8f72087ca44fcf741/Adafruit_PlatformDetect-3.59.0-py3-none-any.whl (from https://pypi.org/simple/adafruit-platformdetect/), version: 3.59.0
2026-04-17T16:15:33,086   Found link https://files.pythonhosted.org/packages/e5/e3/71ba7ff4cbcecf40783613c192bd0ec6c69a70053915567a998ce41050bc/Adafruit-PlatformDetect-3.60.0.tar.gz (from https://pypi.org/simple/adafruit-platformdetect/), version: 3.60.0
2026-04-17T16:15:33,086   Found link https://files.pythonhosted.org/packages/1a/97/138e75452bb1597fb270bdf982b8e786e4ff92b9bec810a036ae957288c9/Adafruit_PlatformDetect-3.60.0-py3-none-any.whl (from https://pypi.org/simple/adafruit-platformdetect/), version: 3.60.0
2026-04-17T16:15:33,086   Found link https://files.pythonhosted.org/packages/2f/17/8a499fd640aa5e584e8a314b1a213f1516960f3073d58e979f3d2fa8b383/Adafruit-PlatformDetect-3.61.0.tar.gz (from https://pypi.org/simple/adafruit-platformdetect/), version: 3.61.0
2026-04-17T16:15:33,087   Found link https://files.pythonhosted.org/packages/5c/59/5611a12318cc0299156b31339bcc8f4e72400da5d62e8f82f3c38105672e/Adafruit_PlatformDetect-3.61.0-py3-none-any.whl (from https://pypi.org/simple/adafruit-platformdetect/), version: 3.61.0
2026-04-17T16:15:33,087   Found link https://files.pythonhosted.org/packages/a2/8f/2d0aeb1a8a678defd253a02533d364041ac875d5a47207744a74d49f9fae/Adafruit-PlatformDetect-3.62.0.tar.gz (from https://pypi.org/simple/adafruit-platformdetect/), version: 3.62.0
2026-04-17T16:15:33,087   Found link https://files.pythonhosted.org/packages/00/70/3e800c013ab0b0d41a2541952a6c893ffb5bdc7c99f593238295d43e4705/Adafruit_PlatformDetect-3.62.0-py3-none-any.whl (from https://pypi.org/simple/adafruit-platformdetect/), version: 3.62.0
2026-04-17T16:15:33,087   Found link https://files.pythonhosted.org/packages/f1/32/9cc53dff9ab76b2ba0ff143bf84e28ffec1297489d7181d8bd7c74dad7d8/Adafruit_PlatformDetect-3.63.0-py3-none-any.whl (from https://pypi.org/simple/adafruit-platformdetect/), version: 3.63.0
2026-04-17T16:15:33,087   Found link https://files.pythonhosted.org/packages/da/c8/53019ec5d49c0e088ed9bffd64c018d9a613d66ba7c7eb1954d1f31d5a9c/adafruit_platformdetect-3.63.0.tar.gz (from https://pypi.org/simple/adafruit-platformdetect/), version: 3.63.0
2026-04-17T16:15:33,087   Found link https://files.pythonhosted.org/packages/3c/c7/aa116d88d446ee8a9ec58bf2e0720d58f352bd3da4387cc7fd76f88bb0b0/Adafruit_PlatformDetect-3.64.0-py3-none-any.whl (from https://pypi.org/simple/adafruit-platformdetect/), version: 3.64.0
2026-04-17T16:15:33,087   Found link https://files.pythonhosted.org/packages/5c/6c/78c66723d0244ea8310a9ccf11589504560490104794564d7dc615b7da77/adafruit_platformdetect-3.64.0.tar.gz (from https://pypi.org/simple/adafruit-platformdetect/), version: 3.64.0
2026-04-17T16:15:33,087   Found link https://files.pythonhosted.org/packages/ad/b9/e096e15e64aebeaf800bf13434125c12b2e548ad98c41a0bf987d68f2c05/Adafruit_PlatformDetect-3.65.0-py3-none-any.whl (from https://pypi.org/simple/adafruit-platformdetect/), version: 3.65.0
2026-04-17T16:15:33,087   Found link https://files.pythonhosted.org/packages/6b/2f/69fe49f1c3f0bcfe755d4963d29aa677f26e2df35d731a4028366e4ff4b5/adafruit_platformdetect-3.65.0.tar.gz (from https://pypi.org/simple/adafruit-platformdetect/), version: 3.65.0
2026-04-17T16:15:33,087   Found link https://files.pythonhosted.org/packages/eb/1a/cc72b5f7fc147cc054b6a53325d2d4911d5121aa4029733e0cb3a24545a3/Adafruit_PlatformDetect-3.66.0-py3-none-any.whl (from https://pypi.org/simple/adafruit-platformdetect/), version: 3.66.0
2026-04-17T16:15:33,087   Found link https://files.pythonhosted.org/packages/97/79/92afac3b163aa28a69fa3bd4160333db98f0ed0abc01e925a9edf1077558/adafruit_platformdetect-3.66.0.tar.gz (from https://pypi.org/simple/adafruit-platformdetect/), version: 3.66.0
2026-04-17T16:15:33,087   Found link https://files.pythonhosted.org/packages/f8/f0/334efae99ac1ea86b42e05d4df4c93cd16b99562153c157d13bd6d88c0c5/Adafruit_PlatformDetect-3.67.0-py3-none-any.whl (from https://pypi.org/simple/adafruit-platformdetect/), version: 3.67.0
2026-04-17T16:15:33,087   Found link https://files.pythonhosted.org/packages/87/df/0a7fa51772fa1589f883da443cc65e01d17e07081d9ceab7f681828f4911/adafruit_platformdetect-3.67.0.tar.gz (from https://pypi.org/simple/adafruit-platformdetect/), version: 3.67.0
2026-04-17T16:15:33,087   Found link https://files.pythonhosted.org/packages/ea/3b/9881ee9c03ec07e379c1842713d4f61a12a0fc98a5ce99d4e1a8965a2fea/Adafruit_PlatformDetect-3.68.0-py3-none-any.whl (from https://pypi.org/simple/adafruit-platformdetect/), version: 3.68.0
2026-04-17T16:15:33,087   Found link https://files.pythonhosted.org/packages/63/9b/904cc0cedf16d79f9315b2224387462d8f7c69c142c4891d61769daf68cc/adafruit_platformdetect-3.68.0.tar.gz (from https://pypi.org/simple/adafruit-platformdetect/), version: 3.68.0
2026-04-17T16:15:33,087   Found link https://files.pythonhosted.org/packages/37/3a/646b71bde7d8b1160c007160f5ee4119625cb84af3e21577b051095765f1/Adafruit_PlatformDetect-3.69.0-py3-none-any.whl (from https://pypi.org/simple/adafruit-platformdetect/), version: 3.69.0
2026-04-17T16:15:33,087   Found link https://files.pythonhosted.org/packages/17/32/75067ffea9503e9da528078c068075b3ec8ca030b5bd6f3dcb96e2498404/adafruit_platformdetect-3.69.0.tar.gz (from https://pypi.org/simple/adafruit-platformdetect/), version: 3.69.0
2026-04-17T16:15:33,087   Found link https://files.pythonhosted.org/packages/10/6f/b1d2aac154c26d823902b533dc64a3f84caa5c5e9d4b88f2eee4edc54589/Adafruit_PlatformDetect-3.70.0-py3-none-any.whl (from https://pypi.org/simple/adafruit-platformdetect/), version: 3.70.0
2026-04-17T16:15:33,087   Found link https://files.pythonhosted.org/packages/bb/a8/0f6b77010071c44805d7bd06e7371a3963ef0d71bbb635d566c619dec10f/adafruit_platformdetect-3.70.0.tar.gz (from https://pypi.org/simple/adafruit-platformdetect/), version: 3.70.0
2026-04-17T16:15:33,087   Found link https://files.pythonhosted.org/packages/59/a9/78c41c6dc4d9345ba2fc8ee3dcb09f3cb9a6ee30008b1d32fba37f3a7a81/Adafruit_PlatformDetect-3.70.1-py3-none-any.whl (from https://pypi.org/simple/adafruit-platformdetect/), version: 3.70.1
2026-04-17T16:15:33,088   Found link https://files.pythonhosted.org/packages/24/c7/8c489eed56135b606ee652144118ee374a6f863feb8a3fad015b8361761b/adafruit_platformdetect-3.70.1.tar.gz (from https://pypi.org/simple/adafruit-platformdetect/), version: 3.70.1
2026-04-17T16:15:33,088   Found link https://files.pythonhosted.org/packages/67/b6/c457883bb753919519c9d19824de3e8faa79789196245097bfa2655a32df/Adafruit_PlatformDetect-3.71.0-py3-none-any.whl (from https://pypi.org/simple/adafruit-platformdetect/), version: 3.71.0
2026-04-17T16:15:33,088   Found link https://files.pythonhosted.org/packages/76/65/eeeee3bd52c63ddd7b8cbcf051d1763169303e1c9e0fd835ac5d258a4119/adafruit_platformdetect-3.71.0.tar.gz (from https://pypi.org/simple/adafruit-platformdetect/), version: 3.71.0
2026-04-17T16:15:33,088   Found link https://files.pythonhosted.org/packages/9e/47/5e1f3e69dff29ff9cb7d0057a921b97cc8a1628a9c94108c1ce6e717882a/Adafruit_PlatformDetect-3.72.0-py3-none-any.whl (from https://pypi.org/simple/adafruit-platformdetect/), version: 3.72.0
2026-04-17T16:15:33,088   Found link https://files.pythonhosted.org/packages/eb/cc/888cd5e77149066c621dc90a2eba3fb19a93e9c5c5b3225805d29b3fdacc/adafruit_platformdetect-3.72.0.tar.gz (from https://pypi.org/simple/adafruit-platformdetect/), version: 3.72.0
2026-04-17T16:15:33,088   Found link https://files.pythonhosted.org/packages/9f/80/f6ed00cfb6511fd7514c51d781d83eb668c7f9a2996201002eb4ee388617/Adafruit_PlatformDetect-3.72.1-py3-none-any.whl (from https://pypi.org/simple/adafruit-platformdetect/), version: 3.72.1
2026-04-17T16:15:33,088   Found link https://files.pythonhosted.org/packages/51/78/2de7248ed259c8e3c5b20194ff7b40af15dde88cc6462bdf3b8b78339f12/adafruit_platformdetect-3.72.1.tar.gz (from https://pypi.org/simple/adafruit-platformdetect/), version: 3.72.1
2026-04-17T16:15:33,088   Found link https://files.pythonhosted.org/packages/69/ef/2c04b2cc7821db960fa6efa93c0c50619d9a4fe33516011f2eeebd5fb717/Adafruit_PlatformDetect-3.73.0-py3-none-any.whl (from https://pypi.org/simple/adafruit-platformdetect/), version: 3.73.0
2026-04-17T16:15:33,088   Found link https://files.pythonhosted.org/packages/3c/83/79eb6746d01d64bd61f02b12a2637fad441f7823a4f540842e0a47dbcfd8/adafruit_platformdetect-3.73.0.tar.gz (from https://pypi.org/simple/adafruit-platformdetect/), version: 3.73.0
2026-04-17T16:15:33,088   Found link https://files.pythonhosted.org/packages/af/33/db11ae92823c58020ea71fd6704d348d9016e2fa29e8f50eaf85c5bb6970/Adafruit_PlatformDetect-3.74.0-py3-none-any.whl (from https://pypi.org/simple/adafruit-platformdetect/), version: 3.74.0
2026-04-17T16:15:33,088   Found link https://files.pythonhosted.org/packages/00/e7/89133ca6c6ecd726bfbdb9cd696a4c70b2421711023e3e8673bab22d47ef/adafruit_platformdetect-3.74.0.tar.gz (from https://pypi.org/simple/adafruit-platformdetect/), version: 3.74.0
2026-04-17T16:15:33,088   Found link https://files.pythonhosted.org/packages/3c/24/9184f1863770bb982b808640c5b6a5c3ea88d00fd089a3c0ea1a13e1369a/Adafruit_PlatformDetect-3.75.0-py3-none-any.whl (from https://pypi.org/simple/adafruit-platformdetect/), version: 3.75.0
2026-04-17T16:15:33,088   Found link https://files.pythonhosted.org/packages/1a/93/1883dea603c87caabb858759a4d737721dbd995c59dd014ef5538777f6fb/adafruit_platformdetect-3.75.0.tar.gz (from https://pypi.org/simple/adafruit-platformdetect/), version: 3.75.0
2026-04-17T16:15:33,088   Found link https://files.pythonhosted.org/packages/6c/ac/c6a12f34d9f0ab6eca2bcf5adb9cb344cbf0c2a15b725e35e1efc348e9e1/Adafruit_PlatformDetect-3.76.1-py3-none-any.whl (from https://pypi.org/simple/adafruit-platformdetect/), version: 3.76.1
2026-04-17T16:15:33,088   Found link https://files.pythonhosted.org/packages/79/96/1f72b50ed5402e79085433036ef0ac692072df86860c6d200bd28d562b27/adafruit_platformdetect-3.76.1.tar.gz (from https://pypi.org/simple/adafruit-platformdetect/), version: 3.76.1
2026-04-17T16:15:33,088   Found link https://files.pythonhosted.org/packages/30/18/b18e9ff2aee42f03082675c5d18d4eb02411477e07c86d74833d3396792e/Adafruit_PlatformDetect-3.77.0-py3-none-any.whl (from https://pypi.org/simple/adafruit-platformdetect/), version: 3.77.0
2026-04-17T16:15:33,088   Found link https://files.pythonhosted.org/packages/6b/4e/2b2ca031227de47e2aab6cf092b78934c9c0033a685075ddab3e0c0b55fe/adafruit_platformdetect-3.77.0.tar.gz (from https://pypi.org/simple/adafruit-platformdetect/), version: 3.77.0
2026-04-17T16:15:33,088   Found link https://files.pythonhosted.org/packages/b2/fa/b4dc4632168d78c700fcdc510fc0789035811f3e08ff831b091730f8732b/adafruit_platformdetect-3.78.0-py3-none-any.whl (from https://pypi.org/simple/adafruit-platformdetect/), version: 3.78.0
2026-04-17T16:15:33,088   Found link https://files.pythonhosted.org/packages/1f/64/d6ae6d96910f6ba64456bcc0ab15d03cfbd95952f21f4bb0e0c5e89c8c15/adafruit_platformdetect-3.78.0.tar.gz (from https://pypi.org/simple/adafruit-platformdetect/), version: 3.78.0
2026-04-17T16:15:33,088   Found link https://files.pythonhosted.org/packages/ba/b1/4dbbe1b147bf1e1fc1c1247e2b8644f9cdcdb2440402664ae99e75899495/adafruit_platformdetect-3.79.0-py3-none-any.whl (from https://pypi.org/simple/adafruit-platformdetect/), version: 3.79.0
2026-04-17T16:15:33,088   Found link https://files.pythonhosted.org/packages/dc/fe/74c3cdba24f06e8748819dbbc4912e3e2193f1a900c96b659e5794dee3a8/adafruit_platformdetect-3.79.0.tar.gz (from https://pypi.org/simple/adafruit-platformdetect/), version: 3.79.0
2026-04-17T16:15:33,089   Found link https://files.pythonhosted.org/packages/9c/82/b1834a5e82215f930f1d3c089194109e5fbe4c19f0578a712eeda897720d/adafruit_platformdetect-3.80.0-py3-none-any.whl (from https://pypi.org/simple/adafruit-platformdetect/), version: 3.80.0
2026-04-17T16:15:33,089   Found link https://files.pythonhosted.org/packages/1e/d4/1469dd70fed8e9e0cae705d2798c5dff5f39ff6b01a5c27b261cf892a69b/adafruit_platformdetect-3.80.0.tar.gz (from https://pypi.org/simple/adafruit-platformdetect/), version: 3.80.0
2026-04-17T16:15:33,089   Found link https://files.pythonhosted.org/packages/49/5d/7759035c26cdc63c8f961a5e9c3a38aa4c0889cc4f3266c5735bc79a1f9f/adafruit_platformdetect-3.81.0-py3-none-any.whl (from https://pypi.org/simple/adafruit-platformdetect/), version: 3.81.0
2026-04-17T16:15:33,089   Found link https://files.pythonhosted.org/packages/d2/43/9003bd628401797649ecbfc884b9e4bbf54bc9041f3efaed527666e9ee43/adafruit_platformdetect-3.81.0.tar.gz (from https://pypi.org/simple/adafruit-platformdetect/), version: 3.81.0
2026-04-17T16:15:33,089   Found link https://files.pythonhosted.org/packages/a3/8f/8e096f8dc9cfb0221e1c0850fdeeeff32be309f05be8e6e0c9d2f160262b/adafruit_platformdetect-3.82.0-py3-none-any.whl (from https://pypi.org/simple/adafruit-platformdetect/), version: 3.82.0
2026-04-17T16:15:33,089   Found link https://files.pythonhosted.org/packages/68/86/85237b1fd7c1052335a56b9b77179e0f2a5200d0cf747dad08f1963c3cc9/adafruit_platformdetect-3.82.0.tar.gz (from https://pypi.org/simple/adafruit-platformdetect/), version: 3.82.0
2026-04-17T16:15:33,089   Found link https://files.pythonhosted.org/packages/8d/b8/4a0617e948a71e4a0131d85568ac8876d7d6f10a9055fe985ced1c17bd68/adafruit_platformdetect-3.83.0-py3-none-any.whl (from https://pypi.org/simple/adafruit-platformdetect/), version: 3.83.0
2026-04-17T16:15:33,089   Found link https://files.pythonhosted.org/packages/b5/32/5e7cdecac9b249c2980e1d8459f9d2f9cc6a629e35438b84c02ecf40e65a/adafruit_platformdetect-3.83.0.tar.gz (from https://pypi.org/simple/adafruit-platformdetect/), version: 3.83.0
2026-04-17T16:15:33,089   Found link https://files.pythonhosted.org/packages/d2/5b/74bc873f6fe6d5e5cb52352ab201b1593100d4ed52fdbe92bf84c8776932/adafruit_platformdetect-3.83.1-py3-none-any.whl (from https://pypi.org/simple/adafruit-platformdetect/), version: 3.83.1
2026-04-17T16:15:33,089   Found link https://files.pythonhosted.org/packages/8f/35/84d27c400b4db6ea91265465956e69f69a6f385a5f7faab1cc9c4ca47430/adafruit_platformdetect-3.83.1.tar.gz (from https://pypi.org/simple/adafruit-platformdetect/), version: 3.83.1
2026-04-17T16:15:33,089   Found link https://files.pythonhosted.org/packages/4f/a9/51a28e5d6f1173796389b3c14afd588067385dafa824c9687ac539d1d5f2/adafruit_platformdetect-3.83.2-py3-none-any.whl (from https://pypi.org/simple/adafruit-platformdetect/), version: 3.83.2
2026-04-17T16:15:33,089   Found link https://files.pythonhosted.org/packages/ac/b1/fade341a4ed008a35f84a540ab659208bd5247d26e320e992ea874346e01/adafruit_platformdetect-3.83.2.tar.gz (from https://pypi.org/simple/adafruit-platformdetect/), version: 3.83.2
2026-04-17T16:15:33,089   Found link https://files.pythonhosted.org/packages/aa/e0/932c83d203fa90961dc8f853bbfc889d1985a81267db0a1032a91f086af8/adafruit_platformdetect-3.84.0-py3-none-any.whl (from https://pypi.org/simple/adafruit-platformdetect/), version: 3.84.0
2026-04-17T16:15:33,089   Found link https://files.pythonhosted.org/packages/5a/7b/42a3d2a5d6f470a70e47c8c4c122c8014e91bda35876518709004651338b/adafruit_platformdetect-3.84.0.tar.gz (from https://pypi.org/simple/adafruit-platformdetect/), version: 3.84.0
2026-04-17T16:15:33,089   Found link https://files.pythonhosted.org/packages/a6/78/9f5cd6031452f95b3e159e625a61d20148173db7f18817c52ab67aad3594/adafruit_platformdetect-3.84.1-py3-none-any.whl (from https://pypi.org/simple/adafruit-platformdetect/), version: 3.84.1
2026-04-17T16:15:33,089   Found link https://files.pythonhosted.org/packages/1e/52/9641f5de40e9a85e69c01873eaee3e992e3d7dad32cd14fa7a8542994b1f/adafruit_platformdetect-3.84.1.tar.gz (from https://pypi.org/simple/adafruit-platformdetect/), version: 3.84.1
2026-04-17T16:15:33,089   Found link https://files.pythonhosted.org/packages/10/f2/f6e18704dad5a90f8c67cbe8c9436348a58916de3d640237908963316171/adafruit_platformdetect-3.85.0-py3-none-any.whl (from https://pypi.org/simple/adafruit-platformdetect/), version: 3.85.0
2026-04-17T16:15:33,089   Found link https://files.pythonhosted.org/packages/8a/b5/c454d998188ea45898ada67dd302da4f138b7fc41f9c31f7aaf8b7a28cf7/adafruit_platformdetect-3.85.0.tar.gz (from https://pypi.org/simple/adafruit-platformdetect/), version: 3.85.0
2026-04-17T16:15:33,089   Found link https://files.pythonhosted.org/packages/42/67/13c31854559794c938b17a818bf531930b3697bab8bf0084fcb5d98b7835/adafruit_platformdetect-3.86.0-py3-none-any.whl (from https://pypi.org/simple/adafruit-platformdetect/), version: 3.86.0
2026-04-17T16:15:33,089   Found link https://files.pythonhosted.org/packages/8c/d8/71fb0371fcf0aee9a77baba5b6b2e6aaf5ab1e9bcf1ea596f4341522e7aa/adafruit_platformdetect-3.86.0.tar.gz (from https://pypi.org/simple/adafruit-platformdetect/), version: 3.86.0
2026-04-17T16:15:33,090   Found link https://files.pythonhosted.org/packages/bc/39/d1fb0a42dd37e676c87a9d056d6742e9e42948c32f118bcfb5a2d986f7a5/adafruit_platformdetect-3.87.0-py3-none-any.whl (from https://pypi.org/simple/adafruit-platformdetect/), version: 3.87.0
2026-04-17T16:15:33,090   Found link https://files.pythonhosted.org/packages/68/2f/ba7f6ce68efef16f23437186c9364b36db630ed5d24ff25949f07b0e62c2/adafruit_platformdetect-3.87.0.tar.gz (from https://pypi.org/simple/adafruit-platformdetect/), version: 3.87.0
2026-04-17T16:15:33,090   Found link https://files.pythonhosted.org/packages/29/c4/32572c051f1554d73633a802447321bff2a2332ef4210d47de807afd26c7/adafruit_platformdetect-3.88.0-py3-none-any.whl (from https://pypi.org/simple/adafruit-platformdetect/), version: 3.88.0
2026-04-17T16:15:33,090   Found link https://files.pythonhosted.org/packages/ef/92/3d991a9e322855be20c2df771b632ed81f1640b43a9969524765da23f4af/adafruit_platformdetect-3.88.0.tar.gz (from https://pypi.org/simple/adafruit-platformdetect/), version: 3.88.0
2026-04-17T16:15:33,090 Fetching project page and analyzing links: https://www.piwheels.org/simple/adafruit-platformdetect/
2026-04-17T16:15:33,090 Getting page https://www.piwheels.org/simple/adafruit-platformdetect/
2026-04-17T16:15:33,090 Found index url https://www.piwheels.org/simple/
2026-04-17T16:15:33,090 Looking up "https://www.piwheels.org/simple/adafruit-platformdetect/" in the cache
2026-04-17T16:15:33,090 Request header has "max_age" as 0, cache bypassed
2026-04-17T16:15:33,292 https://www.piwheels.org:443 "GET /simple/adafruit-platformdetect/ HTTP/1.1" 200 10771
2026-04-17T16:15:33,293 Updating cache with response from "https://www.piwheels.org/simple/adafruit-platformdetect/"
2026-04-17T16:15:33,293 etag object cached for 1209600 seconds
2026-04-17T16:15:33,293 Caching due to etag
2026-04-17T16:15:33,303 Fetched page https://www.piwheels.org/simple/adafruit-platformdetect/ as text/html
2026-04-17T16:15:33,311   Found link https://www.piwheels.org/simple/adafruit-platformdetect/adafruit_platformdetect-3.88.0-py3-none-any.whl#sha256=bbe48507227eb67a7c7552ae33b3ac41f9bf0a29c944fd3e614d404386af020a (from https://www.piwheels.org/simple/adafruit-platformdetect/), version: 3.88.0
2026-04-17T16:15:33,311   Found link https://www.piwheels.org/simple/adafruit-platformdetect/adafruit_platformdetect-3.87.0-py3-none-any.whl#sha256=7e9e3bcc593018b3139f1e804356cf79a20209035251dd6e7ed981d935e4781f (from https://www.piwheels.org/simple/adafruit-platformdetect/), version: 3.87.0
2026-04-17T16:15:33,311   Found link https://www.piwheels.org/simple/adafruit-platformdetect/adafruit_platformdetect-3.86.0-py3-none-any.whl#sha256=d97e13c456d3d61babfa38e2b2c8a5578e4788f65a1b1fa325ff112936007d34 (from https://www.piwheels.org/simple/adafruit-platformdetect/), version: 3.86.0
2026-04-17T16:15:33,311   Found link https://www.piwheels.org/simple/adafruit-platformdetect/adafruit_platformdetect-3.85.0-py3-none-any.whl#sha256=2657e24e6040b548c5eacf832e7d22d9bd38b7a0a56efbc1c3022bccb73103c7 (from https://www.piwheels.org/simple/adafruit-platformdetect/), version: 3.85.0
2026-04-17T16:15:33,311   Found link https://www.piwheels.org/simple/adafruit-platformdetect/adafruit_platformdetect-3.84.1-py3-none-any.whl#sha256=18ebb7d775427a047629821c37201efff02de60d4c5025b821581603df604088 (from https://www.piwheels.org/simple/adafruit-platformdetect/), version: 3.84.1
2026-04-17T16:15:33,311   Found link https://www.piwheels.org/simple/adafruit-platformdetect/adafruit_platformdetect-3.84.0-py3-none-any.whl#sha256=2c80e6368e1fc36e8551b85c64d67a51b49d35d7503f10ead4fd621bb774ec50 (from https://www.piwheels.org/simple/adafruit-platformdetect/), version: 3.84.0
2026-04-17T16:15:33,311   Found link https://www.piwheels.org/simple/adafruit-platformdetect/adafruit_platformdetect-3.83.2-py3-none-any.whl#sha256=2233abdc78380b6f9bb4b3de8caa3b9cbff412ced6e186750aff53c923f300cb (from https://www.piwheels.org/simple/adafruit-platformdetect/), version: 3.83.2
2026-04-17T16:15:33,311   Found link https://www.piwheels.org/simple/adafruit-platformdetect/adafruit_platformdetect-3.83.1-py3-none-any.whl#sha256=d6e61cda3c7eadc8c5b73de1d29063f546e524d248a0254285de650d1fe9100b (from https://www.piwheels.org/simple/adafruit-platformdetect/), version: 3.83.1
2026-04-17T16:15:33,312   Found link https://www.piwheels.org/simple/adafruit-platformdetect/adafruit_platformdetect-3.83.0-py3-none-any.whl#sha256=148ed4b4e9a10f69ee9a9d596092cfeb440b64da2b6713d47c006b5c46ce516c (from https://www.piwheels.org/simple/adafruit-platformdetect/), version: 3.83.0
2026-04-17T16:15:33,312   Found link https://archive1.piwheels.org/simple/adafruit-platformdetect/adafruit_platformdetect-3.82.0-py3-none-any.whl#sha256=9e8ed9838b03fe04f2db185d0ce3e661bac542fc7887a9142f051627c75adf62 (from https://www.piwheels.org/simple/adafruit-platformdetect/), version: 3.82.0
2026-04-17T16:15:33,312   Found link https://www.piwheels.org/simple/adafruit-platformdetect/adafruit_platformdetect-3.81.0-py3-none-any.whl#sha256=b460fc86e85de9d8fb3c99740ad9d851178f52846e6045c4cc3fdef1cd937070 (from https://www.piwheels.org/simple/adafruit-platformdetect/), version: 3.81.0
2026-04-17T16:15:33,312   Found link https://archive1.piwheels.org/simple/adafruit-platformdetect/adafruit_platformdetect-3.80.0-py3-none-any.whl#sha256=a42f304a72cff44a9acdffc2bf76dffbd0d1e53b091881b86902e6b584b67bb0 (from https://www.piwheels.org/simple/adafruit-platformdetect/), version: 3.80.0
2026-04-17T16:15:33,312   Found link https://www.piwheels.org/simple/adafruit-platformdetect/adafruit_platformdetect-3.79.0-py3-none-any.whl#sha256=ada7d21780704b865beae16a436df194091bed629801592f80dbb287a9f118b8 (from https://www.piwheels.org/simple/adafruit-platformdetect/), version: 3.79.0
2026-04-17T16:15:33,312   Found link https://archive1.piwheels.org/simple/adafruit-platformdetect/adafruit_platformdetect-3.78.0-py3-none-any.whl#sha256=7e5c4c2714a94512bc0bc8da853037b9bcce447944c8c9586028503f13624a33 (from https://www.piwheels.org/simple/adafruit-platformdetect/), version: 3.78.0
2026-04-17T16:15:33,312   Found link https://www.piwheels.org/simple/adafruit-platformdetect/Adafruit_PlatformDetect-3.77.0-py3-none-any.whl#sha256=4c496884ddeee787f083cc3f89926220ea8815e9f91cd85141dbfd8214ff0ac6 (from https://www.piwheels.org/simple/adafruit-platformdetect/), version: 3.77.0
2026-04-17T16:15:33,312   Found link https://archive1.piwheels.org/simple/adafruit-platformdetect/Adafruit_PlatformDetect-3.76.1-py3-none-any.whl#sha256=f1c3db0b5ad164f1c459aaea9bcc2c6af47c234e609ce7fab0269c839dc1ee00 (from https://www.piwheels.org/simple/adafruit-platformdetect/), version: 3.76.1
2026-04-17T16:15:33,312   Found link https://www.piwheels.org/simple/adafruit-platformdetect/Adafruit_PlatformDetect-3.75.0-py3-none-any.whl#sha256=4cae29d96151ace2a940671e8f382b6537de670b837bd80b8360e104158aad4b (from https://www.piwheels.org/simple/adafruit-platformdetect/), version: 3.75.0
2026-04-17T16:15:33,312   Found link https://www.piwheels.org/simple/adafruit-platformdetect/Adafruit_PlatformDetect-3.74.0-py3-none-any.whl#sha256=a47c76f88cc8352391a3fc9156824cdfabb1159174e7411da54ccca7a62b20fc (from https://www.piwheels.org/simple/adafruit-platformdetect/), version: 3.74.0
2026-04-17T16:15:33,312   Found link https://archive1.piwheels.org/simple/adafruit-platformdetect/Adafruit_PlatformDetect-3.73.0-py3-none-any.whl#sha256=3c35044557e962d455effdd1a8c1fd9dbb616ae6258f8e0fa02501c5c9161196 (from https://www.piwheels.org/simple/adafruit-platformdetect/), version: 3.73.0
2026-04-17T16:15:33,312   Found link https://www.piwheels.org/simple/adafruit-platformdetect/Adafruit_PlatformDetect-3.72.1-py3-none-any.whl#sha256=93f2dec21ed5a7d047aa45dab364d7ebafe5bd72483a6d522d73e6c48e92150f (from https://www.piwheels.org/simple/adafruit-platformdetect/), version: 3.72.1
2026-04-17T16:15:33,312   Found link https://archive1.piwheels.org/simple/adafruit-platformdetect/Adafruit_PlatformDetect-3.72.0-py3-none-any.whl#sha256=92ad58650799bee1225c523b0d16f69f846c69eb424fc3a6ebc5faab76f509d9 (from https://www.piwheels.org/simple/adafruit-platformdetect/), version: 3.72.0
2026-04-17T16:15:33,312   Found link https://www.piwheels.org/simple/adafruit-platformdetect/Adafruit_PlatformDetect-3.71.0-py3-none-any.whl#sha256=c367897c4468ff4fe2049d3a35854bd982a87541c83c24844e3f1c1ee978e723 (from https://www.piwheels.org/simple/adafruit-platformdetect/), version: 3.71.0
2026-04-17T16:15:33,312   Found link https://archive1.piwheels.org/simple/adafruit-platformdetect/Adafruit_PlatformDetect-3.70.1-py3-none-any.whl#sha256=65100333f5ea32e52bd76e85313950224c1048dbb5a5fea1456e6a62a27b778a (from https://www.piwheels.org/simple/adafruit-platformdetect/), version: 3.70.1
2026-04-17T16:15:33,312   Found link https://archive1.piwheels.org/simple/adafruit-platformdetect/Adafruit_PlatformDetect-3.70.0-py3-none-any.whl#sha256=1be8ccf4dbabded466eb429653b3ad79c822074f8655258cc7947da7a710a3c1 (from https://www.piwheels.org/simple/adafruit-platformdetect/), version: 3.70.0
2026-04-17T16:15:33,312   Found link https://archive1.piwheels.org/simple/adafruit-platformdetect/Adafruit_PlatformDetect-3.69.0-py3-none-any.whl#sha256=015bd654f5f4ec6ab25ee03fe02ee723dcd0b0ae65a047f430360e189510d6c5 (from https://www.piwheels.org/simple/adafruit-platformdetect/), version: 3.69.0
2026-04-17T16:15:33,312   Found link https://archive1.piwheels.org/simple/adafruit-platformdetect/Adafruit_PlatformDetect-3.68.0-py3-none-any.whl#sha256=49b47e5aac62554e50465e65143301de91d2af5526ac2d083c0ee7b2e7ca9b89 (from https://www.piwheels.org/simple/adafruit-platformdetect/), version: 3.68.0
2026-04-17T16:15:33,313   Found link https://archive1.piwheels.org/simple/adafruit-platformdetect/Adafruit_PlatformDetect-3.67.0-py3-none-any.whl#sha256=0cd7cfe5d89bc82a17a464a35fd7ae9d271a4d226b9af28801bfd0e7058f7496 (from https://www.piwheels.org/simple/adafruit-platformdetect/), version: 3.67.0
2026-04-17T16:15:33,313   Found link https://archive1.piwheels.org/simple/adafruit-platformdetect/Adafruit_PlatformDetect-3.66.0-py3-none-any.whl#sha256=7d0dca9c1ea55aa7feb45b87af23e57a4607c56e17af28b5e764fdc572badd63 (from https://www.piwheels.org/simple/adafruit-platformdetect/), version: 3.66.0
2026-04-17T16:15:33,313   Found link https://archive1.piwheels.org/simple/adafruit-platformdetect/Adafruit_PlatformDetect-3.65.0-py3-none-any.whl#sha256=d67c37d0a074eb1bbd0cff7b4d1684032d29d2af796143366ef0496519425e62 (from https://www.piwheels.org/simple/adafruit-platformdetect/), version: 3.65.0
2026-04-17T16:15:33,313   Found link https://archive1.piwheels.org/simple/adafruit-platformdetect/Adafruit_PlatformDetect-3.64.0-py3-none-any.whl#sha256=affd2a7154a21b14f5b48aab9b3964a8bdb228f67eb15f0d27104b847a1b603d (from https://www.piwheels.org/simple/adafruit-platformdetect/), version: 3.64.0
2026-04-17T16:15:33,313   Found link https://archive1.piwheels.org/simple/adafruit-platformdetect/Adafruit_PlatformDetect-3.63.0-py3-none-any.whl#sha256=455a822416a8b993855aeb1fcd5a8d3b39d7193b7e341495e277ee9b92a2a328 (from https://www.piwheels.org/simple/adafruit-platformdetect/), version: 3.63.0
2026-04-17T16:15:33,313   Found link https://www.piwheels.org/simple/adafruit-platformdetect/Adafruit_PlatformDetect-3.62.0-py3-none-any.whl#sha256=05e97b945f92979775865ed6c3a7f5996d5e1f86ea26a35198a2692c8f00306a (from https://www.piwheels.org/simple/adafruit-platformdetect/), version: 3.62.0
2026-04-17T16:15:33,313   Found link https://archive1.piwheels.org/simple/adafruit-platformdetect/Adafruit_PlatformDetect-3.61.0-py3-none-any.whl#sha256=5e3c53901b446281e99062928752b73c24b054f2bfbe4cafefaeb39f38cedcd1 (from https://www.piwheels.org/simple/adafruit-platformdetect/), version: 3.61.0
2026-04-17T16:15:33,313   Found link https://archive1.piwheels.org/simple/adafruit-platformdetect/Adafruit_PlatformDetect-3.60.0-py3-none-any.whl#sha256=349811278d0ba3169cdd50dca089a0ee98f5e58fc56b5ac03beeeb727ee429a4 (from https://www.piwheels.org/simple/adafruit-platformdetect/), version: 3.60.0
2026-04-17T16:15:33,313   Found link https://archive1.piwheels.org/simple/adafruit-platformdetect/Adafruit_PlatformDetect-3.59.0-py3-none-any.whl#sha256=92efae59bbddc7bb21b1907e4ddfa923ecc1cf2d9bb2a71c285f9cd6adf7fa90 (from https://www.piwheels.org/simple/adafruit-platformdetect/), version: 3.59.0
2026-04-17T16:15:33,313   Found link https://archive1.piwheels.org/simple/adafruit-platformdetect/Adafruit_PlatformDetect-3.58.0-py3-none-any.whl#sha256=f6031b91c14360ba67b26441831ba8253a0794a69c8145d7eccd8836f0b4bdfa (from https://www.piwheels.org/simple/adafruit-platformdetect/), version: 3.58.0
2026-04-17T16:15:33,313   Found link https://www.piwheels.org/simple/adafruit-platformdetect/Adafruit_PlatformDetect-3.57.0-py3-none-any.whl#sha256=16647ac51b09be27630d349c5b96264c93e55fee189379e8bfa732bd977c1cd0 (from https://www.piwheels.org/simple/adafruit-platformdetect/), version: 3.57.0
2026-04-17T16:15:33,313   Found link https://archive1.piwheels.org/simple/adafruit-platformdetect/Adafruit_PlatformDetect-3.56.0-py3-none-any.whl#sha256=72f63c2670a842c9fbd6dd9d885c59f833ecd4d988614536cb051c57d514b3a9 (from https://www.piwheels.org/simple/adafruit-platformdetect/), version: 3.56.0
2026-04-17T16:15:33,313   Found link https://archive1.piwheels.org/simple/adafruit-platformdetect/Adafruit_PlatformDetect-3.55.0-py3-none-any.whl#sha256=67d8f7b8f682fedff9daa9772e43afdbc65817ead0f03f57506421b114dfe21d (from https://www.piwheels.org/simple/adafruit-platformdetect/), version: 3.55.0
2026-04-17T16:15:33,313   Found link https://archive1.piwheels.org/simple/adafruit-platformdetect/Adafruit_PlatformDetect-3.54.0-py3-none-any.whl#sha256=5355fe07b5636ea0e9f04ab414688556797d3026d4c3656dbfc6ccbb8ee0780a (from https://www.piwheels.org/simple/adafruit-platformdetect/), version: 3.54.0
2026-04-17T16:15:33,313   Found link https://www.piwheels.org/simple/adafruit-platformdetect/Adafruit_PlatformDetect-3.53.0-py3-none-any.whl#sha256=7d039d5d4546b45859209daea6322c188f291633c43b0c01a8be7ee364263abf (from https://www.piwheels.org/simple/adafruit-platformdetect/), version: 3.53.0
2026-04-17T16:15:33,313   Found link https://archive1.piwheels.org/simple/adafruit-platformdetect/Adafruit_PlatformDetect-3.52.3-py3-none-any.whl#sha256=22f56f1e9838155d24563f0c184171651319d025c1843215e440107f3561f49b (from https://www.piwheels.org/simple/adafruit-platformdetect/), version: 3.52.3
2026-04-17T16:15:33,313   Found link https://archive1.piwheels.org/simple/adafruit-platformdetect/Adafruit_PlatformDetect-3.52.1-py3-none-any.whl#sha256=11599d29f7430f853404e78f5476001c3ba1c89ceda297d73af5c7e420ea50e4 (from https://www.piwheels.org/simple/adafruit-platformdetect/), version: 3.52.1
2026-04-17T16:15:33,313   Found link https://archive1.piwheels.org/simple/adafruit-platformdetect/Adafruit_PlatformDetect-3.52.0-py3-none-any.whl#sha256=c35600322de488606385f7611e09edde4877f9cc51a841302c7da8f9803544c6 (from https://www.piwheels.org/simple/adafruit-platformdetect/), version: 3.52.0
2026-04-17T16:15:33,314   Found link https://archive1.piwheels.org/simple/adafruit-platformdetect/Adafruit_PlatformDetect-3.51.0-py3-none-any.whl#sha256=1b26397f029fd654bc4413182c6a4b9e44b5ac390baae839f3cdc68884effc37 (from https://www.piwheels.org/simple/adafruit-platformdetect/), version: 3.51.0
2026-04-17T16:15:33,314   Found link https://archive1.piwheels.org/simple/adafruit-platformdetect/Adafruit_PlatformDetect-3.50.0-py3-none-any.whl#sha256=c29392cf4e3d37e5f46528ebff196be37432103150a50503308afa14789f5ace (from https://www.piwheels.org/simple/adafruit-platformdetect/), version: 3.50.0
2026-04-17T16:15:33,314   Found link https://archive1.piwheels.org/simple/adafruit-platformdetect/Adafruit_PlatformDetect-3.49.0-py3-none-any.whl#sha256=00cc045c656e5858b381b44f51fba9cb480394eef13aef81037664575e70db8a (from https://www.piwheels.org/simple/adafruit-platformdetect/), version: 3.49.0
2026-04-17T16:15:33,314   Found link https://archive1.piwheels.org/simple/adafruit-platformdetect/Adafruit_PlatformDetect-3.48.0-py3-none-any.whl#sha256=90555d883c05e3dc347d65fd2994f4f2d096672b97383daf8ab4816fd9cfaf1a (from https://www.piwheels.org/simple/adafruit-platformdetect/), version: 3.48.0
2026-04-17T16:15:33,314   Found link https://archive1.piwheels.org/simple/adafruit-platformdetect/Adafruit_PlatformDetect-3.47.0-py3-none-any.whl#sha256=a89274850bcb09e14bd3aeb3a346bbb9dac95cc2da02eb9c68c26fb7224ffd2b (from https://www.piwheels.org/simple/adafruit-platformdetect/), version: 3.47.0
2026-04-17T16:15:33,314   Found link https://archive1.piwheels.org/simple/adafruit-platformdetect/Adafruit_PlatformDetect-3.46.0-py3-none-any.whl#sha256=2f9f887877df5d0ab76c55d0895fe13c67c18beda320ec0f03d45cef970f5756 (from https://www.piwheels.org/simple/adafruit-platformdetect/), version: 3.46.0
2026-04-17T16:15:33,314   Found link https://archive1.piwheels.org/simple/adafruit-platformdetect/Adafruit_PlatformDetect-3.45.2-py3-none-any.whl#sha256=e5a9343bdfd0989312b9bc49cdb67f6d301a3c1af452d1fc1f94862e75cc1519 (from https://www.piwheels.org/simple/adafruit-platformdetect/), version: 3.45.2
2026-04-17T16:15:33,314   Found link https://archive1.piwheels.org/simple/adafruit-platformdetect/Adafruit_PlatformDetect-3.45.1-py3-none-any.whl#sha256=88db684dfa1db4a760d27f160d19a91e3c4bffa0eb44c18c736e10d32de9baa9 (from https://www.piwheels.org/simple/adafruit-platformdetect/), version: 3.45.1
2026-04-17T16:15:33,314   Found link https://archive1.piwheels.org/simple/adafruit-platformdetect/Adafruit_PlatformDetect-3.45.0-py3-none-any.whl#sha256=db9f3fa7b8de7175a9e808d3df179d0d9a1b841df0ed6765e2e72d96f0babc0e (from https://www.piwheels.org/simple/adafruit-platformdetect/), version: 3.45.0
2026-04-17T16:15:33,314   Found link https://archive1.piwheels.org/simple/adafruit-platformdetect/Adafruit_PlatformDetect-3.44.0-py3-none-any.whl#sha256=6d5e4bd591bd437b2119fc9fda4e161489adb3a06d6ed904c3479e1a2dbbbf10 (from https://www.piwheels.org/simple/adafruit-platformdetect/), version: 3.44.0
2026-04-17T16:15:33,314   Found link https://archive1.piwheels.org/simple/adafruit-platformdetect/Adafruit_PlatformDetect-3.43.0-py3-none-any.whl#sha256=707d84fb59898bd3dea9d136ab9e1601b9ce29c530fb7e0a69011f87d3c7861c (from https://www.piwheels.org/simple/adafruit-platformdetect/), version: 3.43.0
2026-04-17T16:15:33,314   Found link https://archive1.piwheels.org/simple/adafruit-platformdetect/Adafruit_PlatformDetect-3.42.0-py3-none-any.whl#sha256=ce88fee851efdd6140749671e67944755b1248b725f074d4455601db1adc616c (from https://www.piwheels.org/simple/adafruit-platformdetect/), version: 3.42.0
2026-04-17T16:15:33,314   Found link https://archive1.piwheels.org/simple/adafruit-platformdetect/Adafruit_PlatformDetect-3.41.0-py3-none-any.whl#sha256=05a6ff839a5f8ee5fdca82206368b8fab9d0e6f1dfbef09734ec0f41c16d44b1 (from https://www.piwheels.org/simple/adafruit-platformdetect/), version: 3.41.0
2026-04-17T16:15:33,314   Found link https://archive1.piwheels.org/simple/adafruit-platformdetect/Adafruit_PlatformDetect-3.40.3-py3-none-any.whl#sha256=2d5883ef197bfc1bad83b14c60383624bf3d7b358f92b708d216d2e08e6c81ae (from https://www.piwheels.org/simple/adafruit-platformdetect/), version: 3.40.3
2026-04-17T16:15:33,314   Found link https://archive1.piwheels.org/simple/adafruit-platformdetect/Adafruit_PlatformDetect-3.40.2-py3-none-any.whl#sha256=41a56ec4f3babe431370ecfe31fdc97bb983406496c575d5b3a05666a1e781ef (from https://www.piwheels.org/simple/adafruit-platformdetect/), version: 3.40.2
2026-04-17T16:15:33,314   Found link https://archive1.piwheels.org/simple/adafruit-platformdetect/Adafruit_PlatformDetect-3.39.0-py3-none-any.whl#sha256=8ee28a4736f91fe10fd620ede22f2c7c94f1763c00d0bbda79c2f1ad6cf5011e (from https://www.piwheels.org/simple/adafruit-platformdetect/) (requires-python:>=3.7.0), version: 3.39.0
2026-04-17T16:15:33,314   Found link https://archive1.piwheels.org/simple/adafruit-platformdetect/Adafruit_PlatformDetect-3.38.0-py3-none-any.whl#sha256=f070dce8fd938bcc12c31650a077a705537713d1d3f7fecf9850be68d8f257a7 (from https://www.piwheels.org/simple/adafruit-platformdetect/) (requires-python:>=3.7.0), version: 3.38.0
2026-04-17T16:15:33,314   Found link https://archive1.piwheels.org/simple/adafruit-platformdetect/Adafruit_PlatformDetect-3.37.0-py3-none-any.whl#sha256=8da22ad1035b4e0170964b2cebaf8899902dfee816c21f1821252c8ebd8b3759 (from https://www.piwheels.org/simple/adafruit-platformdetect/) (requires-python:>=3.7.0), version: 3.37.0
2026-04-17T16:15:33,315   Found link https://archive1.piwheels.org/simple/adafruit-platformdetect/Adafruit_PlatformDetect-3.36.0-py3-none-any.whl#sha256=65593f62bedcc18d55f61160c3d02595e857cfa84c0190196eef0fb05e62d623 (from https://www.piwheels.org/simple/adafruit-platformdetect/) (requires-python:>=3.7.0), version: 3.36.0
2026-04-17T16:15:33,315   Found link https://archive1.piwheels.org/simple/adafruit-platformdetect/Adafruit_PlatformDetect-3.35.0-py3-none-any.whl#sha256=fb9f7eedcd67a9177552ba21ab4add13723d4614c20215eb4257bbc0df8b4d00 (from https://www.piwheels.org/simple/adafruit-platformdetect/) (requires-python:>=3.7.0), version: 3.35.0
2026-04-17T16:15:33,315   Found link https://archive1.piwheels.org/simple/adafruit-platformdetect/Adafruit_PlatformDetect-3.34.0-py3-none-any.whl#sha256=fc97a2bd07c6b9d68345c28737b497525811fc6f64123109409261060057f0a1 (from https://www.piwheels.org/simple/adafruit-platformdetect/) (requires-python:>=3.7.0), version: 3.34.0
2026-04-17T16:15:33,315   Found link https://archive1.piwheels.org/simple/adafruit-platformdetect/Adafruit_PlatformDetect-3.33.0-py3-none-any.whl#sha256=69dcb5fe7aa23c053ef4571ba1540f537543f142470ab887b8609602e15d0cf4 (from https://www.piwheels.org/simple/adafruit-platformdetect/) (requires-python:>=3.7.0), version: 3.33.0
2026-04-17T16:15:33,315   Found link https://archive1.piwheels.org/simple/adafruit-platformdetect/Adafruit_PlatformDetect-3.32.0-py3-none-any.whl#sha256=cda8963e30db212bdb68da9e2caa50f9260b00c4d9ef16a94e9ba99bd712471e (from https://www.piwheels.org/simple/adafruit-platformdetect/) (requires-python:>=3.7.0), version: 3.32.0
2026-04-17T16:15:33,315   Found link https://archive1.piwheels.org/simple/adafruit-platformdetect/Adafruit_PlatformDetect-3.31.0-py3-none-any.whl#sha256=f061ceac915aa7e7ccdce7229d125e54ec7d1510f997fb855e6b0ec6f69d4c68 (from https://www.piwheels.org/simple/adafruit-platformdetect/) (requires-python:>=3.7.0), version: 3.31.0
2026-04-17T16:15:33,315   Found link https://archive1.piwheels.org/simple/adafruit-platformdetect/Adafruit_PlatformDetect-3.30.0-py3-none-any.whl#sha256=f19cbd2fbe8e3cd621293e0e9793eba1d8a11e7f23153422883cd8d9fbaf74a9 (from https://www.piwheels.org/simple/adafruit-platformdetect/) (requires-python:>=3.7.0), version: 3.30.0
2026-04-17T16:15:33,315   Found link https://archive1.piwheels.org/simple/adafruit-platformdetect/Adafruit_PlatformDetect-3.29.0-py3-none-any.whl#sha256=e657b0d99eb3e3bba674c83bf8565063b56c01ea3c56e8c637cc2190d9274c1f (from https://www.piwheels.org/simple/adafruit-platformdetect/) (requires-python:>=3.7.0), version: 3.29.0
2026-04-17T16:15:33,315   Found link https://archive1.piwheels.org/simple/adafruit-platformdetect/Adafruit_PlatformDetect-3.28.0-py3-none-any.whl#sha256=3428c43b1c824f4bf00b91dc2ec7fb5659697496931a613a0642c1a25102deb8 (from https://www.piwheels.org/simple/adafruit-platformdetect/) (requires-python:>=3.7.0), version: 3.28.0
2026-04-17T16:15:33,315   Found link https://archive1.piwheels.org/simple/adafruit-platformdetect/Adafruit_PlatformDetect-3.27.3-py3-none-any.whl#sha256=d32e5fb46199e39feff8b70b81054fca0ce0eed22b5f989aeb38741169dee17a (from https://www.piwheels.org/simple/adafruit-platformdetect/) (requires-python:>=3.7.0), version: 3.27.3
2026-04-17T16:15:33,315   Found link https://archive1.piwheels.org/simple/adafruit-platformdetect/Adafruit_PlatformDetect-3.27.2-py3-none-any.whl#sha256=26dbf7dc9c18d6779cabee2b3d53e93e64bf4fc4b15ccd40a3da17a76b5ec691 (from https://www.piwheels.org/simple/adafruit-platformdetect/) (requires-python:>=3.7.0), version: 3.27.2
2026-04-17T16:15:33,315   Found link https://archive1.piwheels.org/simple/adafruit-platformdetect/Adafruit_PlatformDetect-3.27.1-py3-none-any.whl#sha256=71aa8cd71ed699899e0072d3fac12b500bfa40e0ecc016e01c065fe9ba574c9b (from https://www.piwheels.org/simple/adafruit-platformdetect/) (requires-python:>=3.7.0), version: 3.27.1
2026-04-17T16:15:33,315   Found link https://archive1.piwheels.org/simple/adafruit-platformdetect/Adafruit_PlatformDetect-3.27.0-py3-none-any.whl#sha256=4d8fef828bda06cd68df1b3873361b555fbdc5898d8c70174ba749a0f213f6fb (from https://www.piwheels.org/simple/adafruit-platformdetect/) (requires-python:>=3.7.0), version: 3.27.0
2026-04-17T16:15:33,315   Found link https://archive1.piwheels.org/simple/adafruit-platformdetect/Adafruit_PlatformDetect-3.26.0-py3-none-any.whl#sha256=21e4e33ec77105565eadd5f4b76a223afa2cd35519c39b75336e75e80a2f7fed (from https://www.piwheels.org/simple/adafruit-platformdetect/) (requires-python:>=3.7.0), version: 3.26.0
2026-04-17T16:15:33,315   Found link https://archive1.piwheels.org/simple/adafruit-platformdetect/Adafruit_PlatformDetect-3.25.0-py3-none-any.whl#sha256=cc6a5c173e78664868ad8a55e86ccf268e14dc1c4624b3aa4bf292abf74ccbd2 (from https://www.piwheels.org/simple/adafruit-platformdetect/) (requires-python:>=3.7.0), version: 3.25.0
2026-04-17T16:15:33,315   Found link https://archive1.piwheels.org/simple/adafruit-platformdetect/Adafruit_PlatformDetect-3.24.1-py3-none-any.whl#sha256=5f746490c73b89d55c7d01caabb68f7c2c0e28afa060ca6865bbc99e4ff23ff7 (from https://www.piwheels.org/simple/adafruit-platformdetect/) (requires-python:>=3.7.0), version: 3.24.1
2026-04-17T16:15:33,315   Found link https://archive1.piwheels.org/simple/adafruit-platformdetect/Adafruit_PlatformDetect-3.24.0-py3-none-any.whl#sha256=deb4722078fd7f9e838f755a3cf00933929ffc74f6a181c83e8eec8d143679ff (from https://www.piwheels.org/simple/adafruit-platformdetect/) (requires-python:>=3.7.0), version: 3.24.0
2026-04-17T16:15:33,315   Found link https://archive1.piwheels.org/simple/adafruit-platformdetect/Adafruit_PlatformDetect-3.23.0-py3-none-any.whl#sha256=d75a63fa124724865eab4cfa0a2f74d458fd39099962ba79cc64bf71f876ed2d (from https://www.piwheels.org/simple/adafruit-platformdetect/) (requires-python:>=3.7.0), version: 3.23.0
2026-04-17T16:15:33,315   Found link https://archive1.piwheels.org/simple/adafruit-platformdetect/Adafruit_PlatformDetect-3.22.1-py3-none-any.whl#sha256=5d5c7cb0d5f3efcd44fd8bf3f6c266c75416baf43dfae44e29265c300625e046 (from https://www.piwheels.org/simple/adafruit-platformdetect/) (requires-python:>=3.7.0), version: 3.22.1
2026-04-17T16:15:33,316   Found link https://archive1.piwheels.org/simple/adafruit-platformdetect/Adafruit_PlatformDetect-3.22.0-py3-none-any.whl#sha256=5125d91448dd4ae9e00a617fb15a8c42f5827cc78e8dae2f7ec4e4e96df3be09 (from https://www.piwheels.org/simple/adafruit-platformdetect/) (requires-python:>=3.7.0), version: 3.22.0
2026-04-17T16:15:33,316   Found link https://archive1.piwheels.org/simple/adafruit-platformdetect/Adafruit_PlatformDetect-3.21.1-py3-none-any.whl#sha256=52b12bc287e439b8d2f4b8ff1c732265d3739dd5e93bf05da53c0e787eb3f838 (from https://www.piwheels.org/simple/adafruit-platformdetect/) (requires-python:>=3.7.0), version: 3.21.1
2026-04-17T16:15:33,316   Found link https://archive1.piwheels.org/simple/adafruit-platformdetect/Adafruit_PlatformDetect-3.21.0-py3-none-any.whl#sha256=60d7e653a9eb69aa8b05bce15373fac0226f616810342a215ea788e235f319af (from https://www.piwheels.org/simple/adafruit-platformdetect/) (requires-python:>=3.7.0), version: 3.21.0
2026-04-17T16:15:33,316   Found link https://archive1.piwheels.org/simple/adafruit-platformdetect/Adafruit_PlatformDetect-3.20.1-py3-none-any.whl#sha256=fe6fde2baadc27e09db3a53f64b748321919130c2926c4a62cb85986862bb391 (from https://www.piwheels.org/simple/adafruit-platformdetect/) (requires-python:>=3.6.0), version: 3.20.1
2026-04-17T16:15:33,316   Found link https://archive1.piwheels.org/simple/adafruit-platformdetect/Adafruit_PlatformDetect-3.20.0-py3-none-any.whl#sha256=237e4925a741f9416dbb9e6e3df4a99d994152d6910060379ce11fd70348c99a (from https://www.piwheels.org/simple/adafruit-platformdetect/) (requires-python:>=3.6.0), version: 3.20.0
2026-04-17T16:15:33,316   Found link https://archive1.piwheels.org/simple/adafruit-platformdetect/Adafruit_PlatformDetect-3.19.6-py3-none-any.whl#sha256=7c965f130b266f7f361db0d625d407836380fbb67705c1fa83eef7dfb588c2e9 (from https://www.piwheels.org/simple/adafruit-platformdetect/) (requires-python:>=3.6.0), version: 3.19.6
2026-04-17T16:15:33,316   Found link https://archive1.piwheels.org/simple/adafruit-platformdetect/Adafruit_PlatformDetect-3.19.5-py3-none-any.whl#sha256=c8c380a4180b073f6abe32968e48857e7b2ae7d109b3ebfd81b0ee5c6c857a09 (from https://www.piwheels.org/simple/adafruit-platformdetect/) (requires-python:>=3.6.0), version: 3.19.5
2026-04-17T16:15:33,316   Found link https://archive1.piwheels.org/simple/adafruit-platformdetect/Adafruit_PlatformDetect-3.19.4-py3-none-any.whl#sha256=e5f4106376db52025cb4c2fa3a46faf9f6db7be0255892d6ee3e448972e27a8a (from https://www.piwheels.org/simple/adafruit-platformdetect/) (requires-python:>=3.6.0), version: 3.19.4
2026-04-17T16:15:33,316   Found link https://archive1.piwheels.org/simple/adafruit-platformdetect/Adafruit_PlatformDetect-3.19.3-py3-none-any.whl#sha256=606f634380245183b669b67a63b6a82c7d5af2b4653d1875e2acaba398ce4647 (from https://www.piwheels.org/simple/adafruit-platformdetect/) (requires-python:>=3.6.0), version: 3.19.3
2026-04-17T16:15:33,316   Found link https://archive1.piwheels.org/simple/adafruit-platformdetect/Adafruit_PlatformDetect-3.19.2-py3-none-any.whl#sha256=6b60cd47141838590c48c6b9ea1d4be79751d97f299bf4759543b0bf24d0eeaa (from https://www.piwheels.org/simple/adafruit-platformdetect/) (requires-python:>=3.6.0), version: 3.19.2
2026-04-17T16:15:33,316   Found link https://archive1.piwheels.org/simple/adafruit-platformdetect/Adafruit_PlatformDetect-3.19.1-py3-none-any.whl#sha256=2d9a1fa40724e1723f8dbfae7c4ec2e881c043ed5d89998bdf548fce2720e39d (from https://www.piwheels.org/simple/adafruit-platformdetect/) (requires-python:>=3.6.0), version: 3.19.1
2026-04-17T16:15:33,316   Found link https://archive1.piwheels.org/simple/adafruit-platformdetect/Adafruit_PlatformDetect-3.19.0-py3-none-any.whl#sha256=6a7d3ba774a9e58bf004f676ffb774e3b31bbbffcd968e59b1dd6c8efee0a540 (from https://www.piwheels.org/simple/adafruit-platformdetect/) (requires-python:>=3.6.0), version: 3.19.0
2026-04-17T16:15:33,316   Found link https://archive1.piwheels.org/simple/adafruit-platformdetect/Adafruit_PlatformDetect-3.18.0-py3-none-any.whl#sha256=05d1155436a656c68a810c5a834c1070a4c16e0479e27b3b47c03b4ee1f97bfb (from https://www.piwheels.org/simple/adafruit-platformdetect/) (requires-python:>=3.6.0), version: 3.18.0
2026-04-17T16:15:33,316   Found link https://archive1.piwheels.org/simple/adafruit-platformdetect/Adafruit_PlatformDetect-3.17.2-py3-none-any.whl#sha256=7eb6598185b1a8b575ee080cb43005075b6adb230bf58ca85af760eae0bb9bd3 (from https://www.piwheels.org/simple/adafruit-platformdetect/) (requires-python:>=3.6.0), version: 3.17.2
2026-04-17T16:15:33,316   Found link https://archive1.piwheels.org/simple/adafruit-platformdetect/Adafruit_PlatformDetect-3.17.1-py3-none-any.whl#sha256=2568b9e0c76a03baf0ecaea2842b9d3cf90227b840a1f6097b654b5eeb42bcc2 (from https://www.piwheels.org/simple/adafruit-platformdetect/) (requires-python:>=3.6.0), version: 3.17.1
2026-04-17T16:15:33,316   Found link https://archive1.piwheels.org/simple/adafruit-platformdetect/Adafruit_PlatformDetect-3.17.0-py3-none-any.whl#sha256=3ccfa345471ea06cee5235eef7adaff1ddb272cb23385e66ba89321fe8b2f7ee (from https://www.piwheels.org/simple/adafruit-platformdetect/) (requires-python:>=3.6.0), version: 3.17.0
2026-04-17T16:15:33,316   Found link https://archive1.piwheels.org/simple/adafruit-platformdetect/Adafruit_PlatformDetect-3.16.1-py3-none-any.whl#sha256=215e0c20eb5512af66e3e4f8dce925f602f25b0142743e22abadb25fc6e5ff45 (from https://www.piwheels.org/simple/adafruit-platformdetect/) (requires-python:>=3.6.0), version: 3.16.1
2026-04-17T16:15:33,316   Found link https://archive1.piwheels.org/simple/adafruit-platformdetect/Adafruit_PlatformDetect-3.16.0-py3-none-any.whl#sha256=5843a1efbe8b74f7e98f933e7b0c1d395573196eafee7e58de62de4d0c1f8bbf (from https://www.piwheels.org/simple/adafruit-platformdetect/) (requires-python:>=3.6.0), version: 3.16.0
2026-04-17T16:15:33,317   Found link https://archive1.piwheels.org/simple/adafruit-platformdetect/Adafruit_PlatformDetect-3.15.3-py3-none-any.whl#sha256=e8c349cab441458886fb333e70e7d1134329cb23e5590a13da05d5a53df8c988 (from https://www.piwheels.org/simple/adafruit-platformdetect/) (requires-python:>=3.6.0), version: 3.15.3
2026-04-17T16:15:33,317   Found link https://archive1.piwheels.org/simple/adafruit-platformdetect/Adafruit_PlatformDetect-3.15.2-py3-none-any.whl#sha256=15921cfc7276c2e90bca8421ece4d4b6946f54fe3a3b420e7a2d3ef093cbf34d (from https://www.piwheels.org/simple/adafruit-platformdetect/) (requires-python:>=3.6.0), version: 3.15.2
2026-04-17T16:15:33,317   Found link https://archive1.piwheels.org/simple/adafruit-platformdetect/Adafruit_PlatformDetect-3.15.1-py3-none-any.whl#sha256=84303a778b58b52d1e1ed51b8b41e4916e99f2ec7f7a030365b0b252ca4f26dc (from https://www.piwheels.org/simple/adafruit-platformdetect/) (requires-python:>=3.6.0), version: 3.15.1
2026-04-17T16:15:33,317   Found link https://archive1.piwheels.org/simple/adafruit-platformdetect/Adafruit_PlatformDetect-3.15.0-py3-none-any.whl#sha256=c5ac35c146a662dceb597ed1dbae02618d4a252b269fb52f8c2cf9d01b403998 (from https://www.piwheels.org/simple/adafruit-platformdetect/) (requires-python:>=3.6.0), version: 3.15.0
2026-04-17T16:15:33,317   Found link https://archive1.piwheels.org/simple/adafruit-platformdetect/Adafruit_PlatformDetect-3.14.2-py3-none-any.whl#sha256=f28b5d985126324cd6e71a1a0818dec51d72ae57e16fc5975c498ad22e79b4bc (from https://www.piwheels.org/simple/adafruit-platformdetect/) (requires-python:>=3.6.0), version: 3.14.2
2026-04-17T16:15:33,317   Found link https://archive1.piwheels.org/simple/adafruit-platformdetect/Adafruit_PlatformDetect-3.14.1-py3-none-any.whl#sha256=a13796cd9fb129a80714c753682be59f929e126d0165f058ce9dba45d819a4a1 (from https://www.piwheels.org/simple/adafruit-platformdetect/) (requires-python:>=3.6.0), version: 3.14.1
2026-04-17T16:15:33,317   Found link https://archive1.piwheels.org/simple/adafruit-platformdetect/Adafruit_PlatformDetect-3.14.0-py3-none-any.whl#sha256=76d72c060b71f3f1a6688e12cfa4c20057c5a0a460521258064628c2067cbace (from https://www.piwheels.org/simple/adafruit-platformdetect/) (requires-python:>=3.6.0), version: 3.14.0
2026-04-17T16:15:33,317   Found link https://archive1.piwheels.org/simple/adafruit-platformdetect/Adafruit_PlatformDetect-3.13.4-py3-none-any.whl#sha256=3061b835c266f6c6d7fc0866178f8ff911f4c65ce149ff6a7ac4500b57642ad1 (from https://www.piwheels.org/simple/adafruit-platformdetect/) (requires-python:>=3.6.0), version: 3.13.4
2026-04-17T16:15:33,317   Found link https://archive1.piwheels.org/simple/adafruit-platformdetect/Adafruit_PlatformDetect-3.13.3-py3-none-any.whl#sha256=99e7d1e5c643af9c7dcb6d88fe1e2bacee74587941da0677e9f8ed02a278cb7c (from https://www.piwheels.org/simple/adafruit-platformdetect/) (requires-python:>=3.6.0), version: 3.13.3
2026-04-17T16:15:33,317   Found link https://archive1.piwheels.org/simple/adafruit-platformdetect/Adafruit_PlatformDetect-3.13.2-py3-none-any.whl#sha256=5b1c745c78d516db7b76261a686580986c908451ced997d17f5a13f606ce440c (from https://www.piwheels.org/simple/adafruit-platformdetect/) (requires-python:>=3.6.0), version: 3.13.2
2026-04-17T16:15:33,317   Found link https://archive1.piwheels.org/simple/adafruit-platformdetect/Adafruit_PlatformDetect-3.13.1-py3-none-any.whl#sha256=1a2dd944fc0424f045dcbd06917044fc6db738bd0ee4f0210efc17a89dbfe635 (from https://www.piwheels.org/simple/adafruit-platformdetect/) (requires-python:>=3.6.0), version: 3.13.1
2026-04-17T16:15:33,317   Found link https://archive1.piwheels.org/simple/adafruit-platformdetect/Adafruit_PlatformDetect-3.13.0-py3-none-any.whl#sha256=9c474b269011a4f3babd0f1fcaa9b581da81802e5d79cfb40dd2fd520e31956d (from https://www.piwheels.org/simple/adafruit-platformdetect/) (requires-python:>=3.6.0), version: 3.13.0
2026-04-17T16:15:33,317   Found link https://archive1.piwheels.org/simple/adafruit-platformdetect/Adafruit_PlatformDetect-3.12.0-py3-none-any.whl#sha256=e3f4c2a581b55d871466a0abd21dda8085098a761a1d0443b6737141ec236b00 (from https://www.piwheels.org/simple/adafruit-platformdetect/) (requires-python:>=3.6.0), version: 3.12.0
2026-04-17T16:15:33,317   Found link https://archive1.piwheels.org/simple/adafruit-platformdetect/Adafruit_PlatformDetect-3.11.0-py3-none-any.whl#sha256=c0ad415f0da773dba053f8708c2c702c2747030fa02ed9fc2595612b5cc5b42b (from https://www.piwheels.org/simple/adafruit-platformdetect/) (requires-python:>=3.6.0), version: 3.11.0
2026-04-17T16:15:33,317   Found link https://archive1.piwheels.org/simple/adafruit-platformdetect/Adafruit_PlatformDetect-3.10.0-py3-none-any.whl#sha256=46bec11740bb88dacfc8ab451ba7693703ec667a7afd7bb47d8b32667677e395 (from https://www.piwheels.org/simple/adafruit-platformdetect/) (requires-python:>=3.6.0), version: 3.10.0
2026-04-17T16:15:33,317   Found link https://archive1.piwheels.org/simple/adafruit-platformdetect/Adafruit_PlatformDetect-3.9.0-py3-none-any.whl#sha256=698a4f5bce409e724d896129a8431c4a03be10194a8fa6baf91a90e0d9428914 (from https://www.piwheels.org/simple/adafruit-platformdetect/) (requires-python:>=3.6.0), version: 3.9.0
2026-04-17T16:15:33,317   Found link https://archive1.piwheels.org/simple/adafruit-platformdetect/Adafruit_PlatformDetect-3.8.0-py3-none-any.whl#sha256=f5870d2144c849518de6c5c13b202f34fc356038411a880a050d524e4d88aa34 (from https://www.piwheels.org/simple/adafruit-platformdetect/) (requires-python:>=3.6.0), version: 3.8.0
2026-04-17T16:15:33,317   Found link https://archive1.piwheels.org/simple/adafruit-platformdetect/Adafruit_PlatformDetect-3.7.0-py3-none-any.whl#sha256=3b690355c1e059160afb3656b416668bbb3e9c64476aefe9087c8eebfa8ff78f (from https://www.piwheels.org/simple/adafruit-platformdetect/) (requires-python:>=3.6.0), version: 3.7.0
2026-04-17T16:15:33,318   Found link https://archive1.piwheels.org/simple/adafruit-platformdetect/Adafruit_PlatformDetect-3.6.0-py3-none-any.whl#sha256=0ac7b9121b8245abe95684608a26f4444e1ea9c685fd56ab1515573e5baa4967 (from https://www.piwheels.org/simple/adafruit-platformdetect/) (requires-python:>=3.6.0), version: 3.6.0
2026-04-17T16:15:33,318   Found link https://archive1.piwheels.org/simple/adafruit-platformdetect/Adafruit_PlatformDetect-3.5.0-py3-none-any.whl#sha256=b1b34b16ba084b597de76e3d41caae88d8c4727e6f4008036806d6d5a8696ff5 (from https://www.piwheels.org/simple/adafruit-platformdetect/) (requires-python:>=3.6.0), version: 3.5.0
2026-04-17T16:15:33,318   Found link https://archive1.piwheels.org/simple/adafruit-platformdetect/Adafruit_PlatformDetect-3.4.1-py3-none-any.whl#sha256=6fa2b3b878090a22bb160fc4d80f7c034fa88e7ef964f5c4bae76d9d8cccba79 (from https://www.piwheels.org/simple/adafruit-platformdetect/) (requires-python:>=3.6.0), version: 3.4.1
2026-04-17T16:15:33,318   Found link https://archive1.piwheels.org/simple/adafruit-platformdetect/Adafruit_PlatformDetect-3.4.0-py3-none-any.whl#sha256=59cbacdbf249b9d49d75669acb76c6245623c68b19a33bf255fe070baaf28807 (from https://www.piwheels.org/simple/adafruit-platformdetect/) (requires-python:>=3.6.0), version: 3.4.0
2026-04-17T16:15:33,318   Found link https://archive1.piwheels.org/simple/adafruit-platformdetect/Adafruit_PlatformDetect-3.3.0-py3-none-any.whl#sha256=dcd8310cbe874b06ccd9d47d2d420f869e08680d10a5b2aaffb10b2d914a723a (from https://www.piwheels.org/simple/adafruit-platformdetect/) (requires-python:>=3.6.0), version: 3.3.0
2026-04-17T16:15:33,318   Found link https://archive1.piwheels.org/simple/adafruit-platformdetect/Adafruit_PlatformDetect-3.2.0-py3-none-any.whl#sha256=cfee424cabc506597941db2b1a687aabe183b702c8092b1c7d1b1a669e73a707 (from https://www.piwheels.org/simple/adafruit-platformdetect/) (requires-python:>=3.6.0), version: 3.2.0
2026-04-17T16:15:33,318   Found link https://archive1.piwheels.org/simple/adafruit-platformdetect/Adafruit_PlatformDetect-3.1.1-py3-none-any.whl#sha256=6b3d21815c466236b6f547e5a2ebacca87267154294e4ec092230f89891e4ea9 (from https://www.piwheels.org/simple/adafruit-platformdetect/) (requires-python:>=3.6.0), version: 3.1.1
2026-04-17T16:15:33,318   Found link https://archive1.piwheels.org/simple/adafruit-platformdetect/Adafruit_PlatformDetect-3.1.0-py3-none-any.whl#sha256=671e7339d433b03ad9c98c641c52453cdafee7c37f326bfa7e78388b0fce0b7d (from https://www.piwheels.org/simple/adafruit-platformdetect/) (requires-python:>=3.6.0), version: 3.1.0
2026-04-17T16:15:33,318   Found link https://archive1.piwheels.org/simple/adafruit-platformdetect/Adafruit_PlatformDetect-3.0.0-py3-none-any.whl#sha256=a15e0ea549cdc7a21e0ee254d78f3522d13e7e6d1e6f1bf1011b9024949f6299 (from https://www.piwheels.org/simple/adafruit-platformdetect/) (requires-python:>=3.6.0), version: 3.0.0
2026-04-17T16:15:33,318   Found link https://archive1.piwheels.org/simple/adafruit-platformdetect/Adafruit_PlatformDetect-2.28.0-py3-none-any.whl#sha256=d3725e99c50eab02c17e6f671a0e13dd051392fc7bc0e75614ab1d3e82164cb2 (from https://www.piwheels.org/simple/adafruit-platformdetect/) (requires-python:>=3.5.0), version: 2.28.0
2026-04-17T16:15:33,318   Found link https://archive1.piwheels.org/simple/adafruit-platformdetect/Adafruit_PlatformDetect-2.27.1-py3-none-any.whl#sha256=5dc6dc44e6468634503e1d042278124dca3455537b73fa6c944353a16fcd2e2b (from https://www.piwheels.org/simple/adafruit-platformdetect/) (requires-python:>=3.5.0), version: 2.27.1
2026-04-17T16:15:33,318   Found link https://archive1.piwheels.org/simple/adafruit-platformdetect/Adafruit_PlatformDetect-2.27.0-py3-none-any.whl#sha256=39180e61f4199cc92e5cf2583d42efe60229dc9a08c8be8c7a3adeb2455ba90b (from https://www.piwheels.org/simple/adafruit-platformdetect/) (requires-python:>=3.5.0), version: 2.27.0
2026-04-17T16:15:33,318   Found link https://archive1.piwheels.org/simple/adafruit-platformdetect/Adafruit_PlatformDetect-2.26.0-py3-none-any.whl#sha256=d9f4512c80a1ebb043389cdc5d94e2cf82d9947d88484b25eea6c4c772a5aea2 (from https://www.piwheels.org/simple/adafruit-platformdetect/) (requires-python:>=3.5.0), version: 2.26.0
2026-04-17T16:15:33,318   Found link https://archive1.piwheels.org/simple/adafruit-platformdetect/Adafruit_PlatformDetect-2.25.0-py3-none-any.whl#sha256=e65a4d49964b25f92489485773fc093957bdda8d3491c7b6659ac8caf1b79735 (from https://www.piwheels.org/simple/adafruit-platformdetect/) (requires-python:>=3.5.0), version: 2.25.0
2026-04-17T16:15:33,318   Found link https://archive1.piwheels.org/simple/adafruit-platformdetect/Adafruit_PlatformDetect-2.24.0-py3-none-any.whl#sha256=abf134660723829242f3102ab3df6738d32770111d7120374a19ae890f9a5a38 (from https://www.piwheels.org/simple/adafruit-platformdetect/) (requires-python:>=3.5.0), version: 2.24.0
2026-04-17T16:15:33,318   Found link https://archive1.piwheels.org/simple/adafruit-platformdetect/Adafruit_PlatformDetect-2.23.0-py3-none-any.whl#sha256=2d3ba6e3915cc73e328018e3e35c20b9aedcc2792121c14a88a703e3f9a48407 (from https://www.piwheels.org/simple/adafruit-platformdetect/) (requires-python:>=3.5.0), version: 2.23.0
2026-04-17T16:15:33,318   Found link https://archive1.piwheels.org/simple/adafruit-platformdetect/Adafruit_PlatformDetect-2.22.3-py3-none-any.whl#sha256=93f427dba4a7a8273edc99252cc13b67c34096e9bbfe25dd3800b94fa6b64f0f (from https://www.piwheels.org/simple/adafruit-platformdetect/) (requires-python:>=3.5.0), version: 2.22.3
2026-04-17T16:15:33,318   Found link https://archive1.piwheels.org/simple/adafruit-platformdetect/Adafruit_PlatformDetect-2.22.2-py3-none-any.whl#sha256=5cd15c746a437b7bace3fd4f692ea4220146f1731186e8454b0476ef9c837d29 (from https://www.piwheels.org/simple/adafruit-platformdetect/) (requires-python:>=3.5.0), version: 2.22.2
2026-04-17T16:15:33,318   Found link https://archive1.piwheels.org/simple/adafruit-platformdetect/Adafruit_PlatformDetect-2.22.1-py3-none-any.whl#sha256=449d1e678335a0f2c0c50d8ddb6e068f927bd73eab7925cfc87cbba50332f318 (from https://www.piwheels.org/simple/adafruit-platformdetect/) (requires-python:>=3.5.0), version: 2.22.1
2026-04-17T16:15:33,319   Found link https://archive1.piwheels.org/simple/adafruit-platformdetect/Adafruit_PlatformDetect-2.22.0-py3-none-any.whl#sha256=3ba70398a2e478ac478dc9f5698c79c22d9ea18c127ed12aa375210ba6a610de (from https://www.piwheels.org/simple/adafruit-platformdetect/) (requires-python:>=3.5.0), version: 2.22.0
2026-04-17T16:15:33,319   Found link https://archive1.piwheels.org/simple/adafruit-platformdetect/Adafruit_PlatformDetect-2.21.0-py3-none-any.whl#sha256=34f2e89ec696af35a24ac8dabe641c9a8a06f963c52c93101c7cb1681cd3baf1 (from https://www.piwheels.org/simple/adafruit-platformdetect/) (requires-python:>=3.5.0), version: 2.21.0
2026-04-17T16:15:33,319   Found link https://archive1.piwheels.org/simple/adafruit-platformdetect/Adafruit_PlatformDetect-2.20.0-py3-none-any.whl#sha256=dd91a14d2a2716cdd690da02452da4b4a45f65f821d027d83260f016eb2f0241 (from https://www.piwheels.org/simple/adafruit-platformdetect/) (requires-python:>=3.5.0), version: 2.20.0
2026-04-17T16:15:33,319   Found link https://archive1.piwheels.org/simple/adafruit-platformdetect/Adafruit_PlatformDetect-2.19.2-py3-none-any.whl#sha256=b128eee1e876461b40297bce2919862ced258bf5514a99be9c4e99be60f8099d (from https://www.piwheels.org/simple/adafruit-platformdetect/) (requires-python:>=3.5.0), version: 2.19.2
2026-04-17T16:15:33,319   Found link https://archive1.piwheels.org/simple/adafruit-platformdetect/Adafruit_PlatformDetect-2.19.1-py3-none-any.whl#sha256=75f016bf4c1007d29be694cfe33fd4de03fa66d4b3c7c06f0cc873419083c09b (from https://www.piwheels.org/simple/adafruit-platformdetect/) (requires-python:>=3.5.0), version: 2.19.1
2026-04-17T16:15:33,319   Found link https://archive1.piwheels.org/simple/adafruit-platformdetect/Adafruit_PlatformDetect-2.19.0-py3-none-any.whl#sha256=fd131cb58fc71ea15875a4ff4d2cd31133ce03cd5716195ea4e4f8b04010fbc5 (from https://www.piwheels.org/simple/adafruit-platformdetect/) (requires-python:>=3.5.0), version: 2.19.0
2026-04-17T16:15:33,319   Found link https://archive1.piwheels.org/simple/adafruit-platformdetect/Adafruit_PlatformDetect-2.18.2-py3-none-any.whl#sha256=f4599af5cebfa1144382a3902ab7daa0be9ff9533a84b08d9ee388638e509497 (from https://www.piwheels.org/simple/adafruit-platformdetect/) (requires-python:>=3.5.0), version: 2.18.2
2026-04-17T16:15:33,319   Found link https://archive1.piwheels.org/simple/adafruit-platformdetect/Adafruit_PlatformDetect-2.18.1-py3-none-any.whl#sha256=3794aeb933b1ced61f2b57e62f26a46a3f353b8022c5b79bb5c4da62859ef8ae (from https://www.piwheels.org/simple/adafruit-platformdetect/) (requires-python:>=3.5.0), version: 2.18.1
2026-04-17T16:15:33,319   Found link https://archive1.piwheels.org/simple/adafruit-platformdetect/Adafruit_PlatformDetect-2.18.0-py3-none-any.whl#sha256=2924941f86bbe6ef96ffc75922fe8edd6ba33d7cc4f37823fd1e584b9b4d83c0 (from https://www.piwheels.org/simple/adafruit-platformdetect/) (requires-python:>=3.5.0), version: 2.18.0
2026-04-17T16:15:33,319   Found link https://archive1.piwheels.org/simple/adafruit-platformdetect/Adafruit_PlatformDetect-2.17.0-py3-none-any.whl#sha256=f77446dde922beaeb18fe2036a6da4c2a82d60fb6132609b794cf34c5fadf2b9 (from https://www.piwheels.org/simple/adafruit-platformdetect/) (requires-python:>=3.5.0), version: 2.17.0
2026-04-17T16:15:33,319   Found link https://archive1.piwheels.org/simple/adafruit-platformdetect/Adafruit_PlatformDetect-2.16-py3-none-any.whl#sha256=1f5595efb40a61c02e8a323a97cc7f4c22df0683b924c11a37a034cbbdb39f38 (from https://www.piwheels.org/simple/adafruit-platformdetect/) (requires-python:>=3.5.0), version: 2.16
2026-04-17T16:15:33,319   Found link https://archive1.piwheels.org/simple/adafruit-platformdetect/Adafruit_PlatformDetect-2.15.0-py3-none-any.whl#sha256=5c99b0acfec79b341ca300db8bfe4232a3c2b9233eafe2a52b557a7180b6e584 (from https://www.piwheels.org/simple/adafruit-platformdetect/) (requires-python:>=3.5.0), version: 2.15.0
2026-04-17T16:15:33,319   Found link https://archive1.piwheels.org/simple/adafruit-platformdetect/Adafruit_PlatformDetect-2.14.4-py3-none-any.whl#sha256=2fb6dbcb27239922f1823ece813d96037f1efdee9cd6f3999dff7d1295a677ae (from https://www.piwheels.org/simple/adafruit-platformdetect/) (requires-python:>=3.5.0), version: 2.14.4
2026-04-17T16:15:33,319   Found link https://archive1.piwheels.org/simple/adafruit-platformdetect/Adafruit_PlatformDetect-2.14.3-py3-none-any.whl#sha256=e4561d8c26df2c2d831a3337d8af8cd3d0614081db8a5da09af646de67c76a87 (from https://www.piwheels.org/simple/adafruit-platformdetect/) (requires-python:>=3.5.0), version: 2.14.3
2026-04-17T16:15:33,319   Found link https://archive1.piwheels.org/simple/adafruit-platformdetect/Adafruit_PlatformDetect-2.14.2-py3-none-any.whl#sha256=514672d8a7ae801ebc4bdc64363ae0224b8aab02dd19e3e2f84fbdfb1a6ce396 (from https://www.piwheels.org/simple/adafruit-platformdetect/) (requires-python:>=3.5.0), version: 2.14.2
2026-04-17T16:15:33,319   Found link https://archive1.piwheels.org/simple/adafruit-platformdetect/Adafruit_PlatformDetect-2.14.1-py3-none-any.whl#sha256=ed202b65e6e5844c780334329e43c7fcbdad05ca31c86a95834b75a879b34d28 (from https://www.piwheels.org/simple/adafruit-platformdetect/) (requires-python:>=3.5.0), version: 2.14.1
2026-04-17T16:15:33,319   Found link https://archive1.piwheels.org/simple/adafruit-platformdetect/Adafruit_PlatformDetect-2.14.0-py3-none-any.whl#sha256=a02dfd55dc215097d4b0546eba8a5dda0738be731b87559a26b4828f63c477e2 (from https://www.piwheels.org/simple/adafruit-platformdetect/) (requires-python:>=3.5.0), version: 2.14.0
2026-04-17T16:15:33,319   Found link https://archive1.piwheels.org/simple/adafruit-platformdetect/Adafruit_PlatformDetect-2.13.3-py3-none-any.whl#sha256=5162e43b5cb7816316176da6092734dcb4e0d00e02c727d26af79886f89ac788 (from https://www.piwheels.org/simple/adafruit-platformdetect/) (requires-python:>=3.5.0), version: 2.13.3
2026-04-17T16:15:33,319   Found link https://archive1.piwheels.org/simple/adafruit-platformdetect/Adafruit_PlatformDetect-2.13.2-py3-none-any.whl#sha256=352933799e16889fe4cc28835630fde50e94b196dad98185bd4685678cfd655b (from https://www.piwheels.org/simple/adafruit-platformdetect/) (requires-python:>=3.5.0), version: 2.13.2
2026-04-17T16:15:33,320   Found link https://archive1.piwheels.org/simple/adafruit-platformdetect/Adafruit_PlatformDetect-2.13.1-py3-none-any.whl#sha256=b5e72b79a491ee1e1a274416765be405491e85a6ff90783e3177b62c9c7b4f6a (from https://www.piwheels.org/simple/adafruit-platformdetect/) (requires-python:>=3.5.0), version: 2.13.1
2026-04-17T16:15:33,320   Found link https://archive1.piwheels.org/simple/adafruit-platformdetect/Adafruit_PlatformDetect-2.13.0-py3-none-any.whl#sha256=b92247cdf2c8e3d7428c208d6270e3a6c68d3dcb8b1bc2ecbdf29cbbd4074115 (from https://www.piwheels.org/simple/adafruit-platformdetect/) (requires-python:>=3.5.0), version: 2.13.0
2026-04-17T16:15:33,320   Found link https://archive1.piwheels.org/simple/adafruit-platformdetect/Adafruit_PlatformDetect-2.12.0-py3-none-any.whl#sha256=c41e441037f18bfdd94aef24351489d32e34670b09ca2afd2996bf557df43496 (from https://www.piwheels.org/simple/adafruit-platformdetect/) (requires-python:>=3.5.0), version: 2.12.0
2026-04-17T16:15:33,320   Found link https://archive1.piwheels.org/simple/adafruit-platformdetect/Adafruit_PlatformDetect-2.11.1-py3-none-any.whl#sha256=38ec2c1cf22a1cdea7da533facdf355d9c43b4903261f5eff006ee735f92fb35 (from https://www.piwheels.org/simple/adafruit-platformdetect/) (requires-python:>=3.5.0), version: 2.11.1
2026-04-17T16:15:33,320   Found link https://archive1.piwheels.org/simple/adafruit-platformdetect/Adafruit_PlatformDetect-2.11.0-py3-none-any.whl#sha256=7162044c4d465d45fc463d03c137ee71de449505c032585d611261e74c94c9ef (from https://www.piwheels.org/simple/adafruit-platformdetect/) (requires-python:>=3.5.0), version: 2.11.0
2026-04-17T16:15:33,320   Found link https://archive1.piwheels.org/simple/adafruit-platformdetect/Adafruit_PlatformDetect-2.10.0-py3-none-any.whl#sha256=ca10e80daff7dfd7b411532ee1aa915eb3fd0d2c457c0ce8d22d88bcb813d99c (from https://www.piwheels.org/simple/adafruit-platformdetect/) (requires-python:>=3.5.0), version: 2.10.0
2026-04-17T16:15:33,320   Found link https://archive1.piwheels.org/simple/adafruit-platformdetect/Adafruit_PlatformDetect-2.9.1-py3-none-any.whl#sha256=316b430051029a5849253d0fc5d5260b0a8978a109a3d18f46571c4ffd8f263d (from https://www.piwheels.org/simple/adafruit-platformdetect/) (requires-python:>=3.5.0), version: 2.9.1
2026-04-17T16:15:33,320   Found link https://archive1.piwheels.org/simple/adafruit-platformdetect/Adafruit_PlatformDetect-2.9.0-py3-none-any.whl#sha256=064c1c4ea187d2362cd8e053a7474beed184e2ae6bb8553df94f418e61c7b452 (from https://www.piwheels.org/simple/adafruit-platformdetect/) (requires-python:>=3.5.0), version: 2.9.0
2026-04-17T16:15:33,320   Found link https://archive1.piwheels.org/simple/adafruit-platformdetect/Adafruit_PlatformDetect-2.8.0-py3-none-any.whl#sha256=b9597dba8ff801a417ca473a23a032c6dd7e844cb77fcba60f6010241cab50e0 (from https://www.piwheels.org/simple/adafruit-platformdetect/) (requires-python:>=3.5.0), version: 2.8.0
2026-04-17T16:15:33,320   Found link https://archive1.piwheels.org/simple/adafruit-platformdetect/Adafruit_PlatformDetect-2.7.0-py3-none-any.whl#sha256=16ccb6515b76dea4e4c8399025434393396ee69bcf25fbffd8877e5bd5a50afc (from https://www.piwheels.org/simple/adafruit-platformdetect/) (requires-python:>=3.5.0), version: 2.7.0
2026-04-17T16:15:33,320   Found link https://archive1.piwheels.org/simple/adafruit-platformdetect/Adafruit_PlatformDetect-2.6.1-py3-none-any.whl#sha256=b2270242be768344147a88746a902ca81683dc514cd8fa987fc9c2f3a6942c1a (from https://www.piwheels.org/simple/adafruit-platformdetect/) (requires-python:>=3.4.0), version: 2.6.1
2026-04-17T16:15:33,320   Found link https://archive1.piwheels.org/simple/adafruit-platformdetect/Adafruit_PlatformDetect-2.6.0-py3-none-any.whl#sha256=5c042baf9e14257f050ff7b69e99247d2177c567b9cfaaa1b0f1d9f9b5c61a49 (from https://www.piwheels.org/simple/adafruit-platformdetect/) (requires-python:>=3.4.0), version: 2.6.0
2026-04-17T16:15:33,320   Found link https://archive1.piwheels.org/simple/adafruit-platformdetect/Adafruit_PlatformDetect-2.5.0-py3-none-any.whl#sha256=917f431371f94a60391e881fe1af3731a225b188e0c0157ebc69b877f1fd0a2a (from https://www.piwheels.org/simple/adafruit-platformdetect/) (requires-python:>=3.4.0), version: 2.5.0
2026-04-17T16:15:33,320   Found link https://archive1.piwheels.org/simple/adafruit-platformdetect/Adafruit_PlatformDetect-2.4.0-py3-none-any.whl#sha256=e6ec01be898ac426084b712a411b1f8fcbf2b2cfb4b22eaa4979a2b873f3e886 (from https://www.piwheels.org/simple/adafruit-platformdetect/) (requires-python:>=3.4.0), version: 2.4.0
2026-04-17T16:15:33,320   Found link https://archive1.piwheels.org/simple/adafruit-platformdetect/Adafruit_PlatformDetect-2.3.0-py3-none-any.whl#sha256=a68893031638b7eab2da72bc1747ea5d0cd9ed678cebeb5ec3ed9342e1a5fd3e (from https://www.piwheels.org/simple/adafruit-platformdetect/) (requires-python:>=3.4.0), version: 2.3.0
2026-04-17T16:15:33,320   Found link https://archive1.piwheels.org/simple/adafruit-platformdetect/Adafruit_PlatformDetect-2.2.0-py3-none-any.whl#sha256=f770c16de4d8d4e25ff3b59711869089ec12341bc16767a021f575f99fdee0f5 (from https://www.piwheels.org/simple/adafruit-platformdetect/) (requires-python:>=3.4.0), version: 2.2.0
2026-04-17T16:15:33,320   Found link https://archive1.piwheels.org/simple/adafruit-platformdetect/Adafruit_PlatformDetect-2.1.0-py3-none-any.whl#sha256=d88a83f0cd7c425e2a3b43820e4cb89895082e0cefdffb0c5dd69b48458de9e8 (from https://www.piwheels.org/simple/adafruit-platformdetect/) (requires-python:>=3.4.0), version: 2.1.0
2026-04-17T16:15:33,320   Found link https://archive1.piwheels.org/simple/adafruit-platformdetect/Adafruit_PlatformDetect-2.0.1-py3-none-any.whl#sha256=fb5bf15188a4927f85be6b3ddf592dd891678b40c9c49d8d247c9b945410ecec (from https://www.piwheels.org/simple/adafruit-platformdetect/) (requires-python:>=3.4.0), version: 2.0.1
2026-04-17T16:15:33,320   Found link https://archive1.piwheels.org/simple/adafruit-platformdetect/Adafruit_PlatformDetect-2.0.0-py3-none-any.whl#sha256=8c8a9cca928451ec9b11f7495fb1ded4c141607de6d49a699dfc2c873730cd8a (from https://www.piwheels.org/simple/adafruit-platformdetect/) (requires-python:>=3.4.0), version: 2.0.0
2026-04-17T16:15:33,321   Found link https://archive1.piwheels.org/simple/adafruit-platformdetect/Adafruit_PlatformDetect-1.4.5-py3-none-any.whl#sha256=b74cf98c356498508ae7f10b4491039158c8d0b177581194ce46a4cfe296fbc4 (from https://www.piwheels.org/simple/adafruit-platformdetect/) (requires-python:>=3.4.0), version: 1.4.5
2026-04-17T16:15:33,321   Found link https://archive1.piwheels.org/simple/adafruit-platformdetect/Adafruit_PlatformDetect-1.4.4-py3-none-any.whl#sha256=925dfd8332b19aeea31761120f24401ebbd0bc26d025dabae41a1c1231018d05 (from https://www.piwheels.org/simple/adafruit-platformdetect/) (requires-python:>=3.4.0), version: 1.4.4
2026-04-17T16:15:33,321   Found link https://archive1.piwheels.org/simple/adafruit-platformdetect/Adafruit_PlatformDetect-1.4.3-py3-none-any.whl#sha256=1e0c9b4fa334ca2dd3ad192b40e730f81b6ac2edbb79c05ef16c98964ce33f08 (from https://www.piwheels.org/simple/adafruit-platformdetect/) (requires-python:>=3.4.0), version: 1.4.3
2026-04-17T16:15:33,321   Found link https://archive1.piwheels.org/simple/adafruit-platformdetect/Adafruit_PlatformDetect-1.4.2-py3-none-any.whl#sha256=66d8e392db90042844765d4ff2f19b60dd86c0d5ab218623bde8ca14fa383f77 (from https://www.piwheels.org/simple/adafruit-platformdetect/) (requires-python:>=3.4.0), version: 1.4.2
2026-04-17T16:15:33,321   Found link https://archive1.piwheels.org/simple/adafruit-platformdetect/Adafruit_PlatformDetect-1.4.1-py3-none-any.whl#sha256=3f7122cafd13e7a16c99997f3f2831f8d2b2e23d0865b91bce707bcde955795f (from https://www.piwheels.org/simple/adafruit-platformdetect/) (requires-python:>=3.4.0), version: 1.4.1
2026-04-17T16:15:33,321   Found link https://archive1.piwheels.org/simple/adafruit-platformdetect/Adafruit_PlatformDetect-1.4.0-py3-none-any.whl#sha256=4f6f84d19f81be099aa3e9b6ed09fd12507225a421160d8a67c4b0b0b93a45c8 (from https://www.piwheels.org/simple/adafruit-platformdetect/) (requires-python:>=3.4.0), version: 1.4.0
2026-04-17T16:15:33,321   Found link https://archive1.piwheels.org/simple/adafruit-platformdetect/Adafruit_PlatformDetect-1.3.8-py3-none-any.whl#sha256=c814d9ff7c4b098f7940f0bb7eed473b191ebbdb4b034107b8a94b2cacd86b91 (from https://www.piwheels.org/simple/adafruit-platformdetect/) (requires-python:>=3.4.0), version: 1.3.8
2026-04-17T16:15:33,321   Found link https://archive1.piwheels.org/simple/adafruit-platformdetect/Adafruit_PlatformDetect-1.3.6-py3-none-any.whl#sha256=3dbde71523ca796408738176d07b99cebfa31ea359c2381488a1799f5b9708fc (from https://www.piwheels.org/simple/adafruit-platformdetect/) (requires-python:>=3.4.0), version: 1.3.6
2026-04-17T16:15:33,321   Found link https://archive1.piwheels.org/simple/adafruit-platformdetect/Adafruit_PlatformDetect-1.3.5-py3-none-any.whl#sha256=3cf0b16c4892ba70d5de8bf4f23a25e5d2394496cd7918ed99e3acf694f95731 (from https://www.piwheels.org/simple/adafruit-platformdetect/) (requires-python:>=3.4.0), version: 1.3.5
2026-04-17T16:15:33,321   Found link https://archive1.piwheels.org/simple/adafruit-platformdetect/Adafruit_PlatformDetect-1.3.4-py3-none-any.whl#sha256=e8f4852f28b02ab971f9435d428f4b93832335b85c0b7d9e5dee1299b745d86a (from https://www.piwheels.org/simple/adafruit-platformdetect/) (requires-python:>=3.4.0), version: 1.3.4
2026-04-17T16:15:33,321   Found link https://archive1.piwheels.org/simple/adafruit-platformdetect/Adafruit_PlatformDetect-1.3.3-py3-none-any.whl#sha256=b52a215f98c6c0896b8268bce006ad8733ba93096b0f74fac586d17807cdb87b (from https://www.piwheels.org/simple/adafruit-platformdetect/) (requires-python:>=3.4.0), version: 1.3.3
2026-04-17T16:15:33,321   Found link https://archive1.piwheels.org/simple/adafruit-platformdetect/Adafruit_PlatformDetect-1.3.2-py3-none-any.whl#sha256=22bf6f3e4ef949fbe68410fd48aa00b2d3fa481f1a8f24e997d505d45521c843 (from https://www.piwheels.org/simple/adafruit-platformdetect/) (requires-python:>=3.4.0), version: 1.3.2
2026-04-17T16:15:33,321   Found link https://archive1.piwheels.org/simple/adafruit-platformdetect/Adafruit_PlatformDetect-1.3.1-py3-none-any.whl#sha256=0d99db842edd641321082787e7922fa422ff24d4109bdb1fce19dbe2eeb4b3e4 (from https://www.piwheels.org/simple/adafruit-platformdetect/) (requires-python:>=3.4.0), version: 1.3.1
2026-04-17T16:15:33,321   Found link https://archive1.piwheels.org/simple/adafruit-platformdetect/Adafruit_PlatformDetect-1.3.0-py3-none-any.whl#sha256=b52ce293cf74dd9f22d322e664d80c607ef8c868a438d52e3365d59ad98ef60e (from https://www.piwheels.org/simple/adafruit-platformdetect/) (requires-python:>=3.4.0), version: 1.3.0
2026-04-17T16:15:33,321   Found link https://archive1.piwheels.org/simple/adafruit-platformdetect/Adafruit_PlatformDetect-1.2.2-py3-none-any.whl#sha256=b03d06e5cbff26a4b8c658d2f9fd3852d9051bcfbd2bc234af6cdb28f859a54c (from https://www.piwheels.org/simple/adafruit-platformdetect/) (requires-python:>=3.4.0), version: 1.2.2
2026-04-17T16:15:33,321   Found link https://archive1.piwheels.org/simple/adafruit-platformdetect/Adafruit_PlatformDetect-1.2.1-py3-none-any.whl#sha256=6690e0e07fdd097ba2630aebb45a92fab2aaf78a951373efb86e279f1bed4345 (from https://www.piwheels.org/simple/adafruit-platformdetect/) (requires-python:>=3.4.0), version: 1.2.1
2026-04-17T16:15:33,321   Found link https://archive1.piwheels.org/simple/adafruit-platformdetect/Adafruit_PlatformDetect-1.2.0-py3-none-any.whl#sha256=652dcb24a82dfc9307386cc10ff647620f85fd71290ed74b3aa5d756e168199d (from https://www.piwheels.org/simple/adafruit-platformdetect/) (requires-python:>=3.4.0), version: 1.2.0
2026-04-17T16:15:33,321   Found link https://archive1.piwheels.org/simple/adafruit-platformdetect/Adafruit_PlatformDetect-1.1.0-py3-none-any.whl#sha256=b168ae7f4102605cd9ab315f28d3ab0b6620370bafb1debc9aad4e487143d89a (from https://www.piwheels.org/simple/adafruit-platformdetect/) (requires-python:>=3.4.0), version: 1.1.0
2026-04-17T16:15:33,322   Found link https://archive1.piwheels.org/simple/adafruit-platformdetect/Adafruit_PlatformDetect-1.0.9-py3-none-any.whl#sha256=d924e4f364b79bccbdd6eb0d1f38963262f7bf41d252abe99e996d1ec55b2a13 (from https://www.piwheels.org/simple/adafruit-platformdetect/) (requires-python:>=3.4.0), version: 1.0.9
2026-04-17T16:15:33,322   Found link https://archive1.piwheels.org/simple/adafruit-platformdetect/Adafruit_PlatformDetect-1.0.8-py3-none-any.whl#sha256=afd463fb05729fb0a99910ed201f2c96378ec968e921f369d6f82ee4aab4801c (from https://www.piwheels.org/simple/adafruit-platformdetect/) (requires-python:>=3.4.0), version: 1.0.8
2026-04-17T16:15:33,322   Found link https://archive1.piwheels.org/simple/adafruit-platformdetect/Adafruit_PlatformDetect-1.0.7-py3-none-any.whl#sha256=a63d5182187c096e9a1e2498dd9742ce540dcd769be57621c51bb0856355dec2 (from https://www.piwheels.org/simple/adafruit-platformdetect/) (requires-python:>=3.4.0), version: 1.0.7
2026-04-17T16:15:33,322   Found link https://archive1.piwheels.org/simple/adafruit-platformdetect/Adafruit_PlatformDetect-1.0.6-py3-none-any.whl#sha256=ca0ea0fb1bfedbc83e4356e338f6ca4e79a03b83439363e6af55b31644a402d6 (from https://www.piwheels.org/simple/adafruit-platformdetect/) (requires-python:>=3.4.0), version: 1.0.6
2026-04-17T16:15:33,322   Found link https://archive1.piwheels.org/simple/adafruit-platformdetect/Adafruit_PlatformDetect-1.0.5-py3-none-any.whl#sha256=6b09b2467aa3bd818bdb8c95f8e59203eec549145b97373a59896e284696271f (from https://www.piwheels.org/simple/adafruit-platformdetect/) (requires-python:>=3.4.0), version: 1.0.5
2026-04-17T16:15:33,322   Found link https://archive1.piwheels.org/simple/adafruit-platformdetect/Adafruit_PlatformDetect-1.0.4-py3-none-any.whl#sha256=d0d74b00d3c2c7092e7c11d808dc2833204ee59052e02c8424946364766e1d6d (from https://www.piwheels.org/simple/adafruit-platformdetect/) (requires-python:>=3.4.0), version: 1.0.4
2026-04-17T16:15:33,322   Found link https://archive1.piwheels.org/simple/adafruit-platformdetect/Adafruit_PlatformDetect-1.0.3-py3-none-any.whl#sha256=786f615552004cff00e9af0e18ee2efc81fdba8e1d39c4bbebb6beefa7592ff5 (from https://www.piwheels.org/simple/adafruit-platformdetect/) (requires-python:>=3.4.0), version: 1.0.3
2026-04-17T16:15:33,322   Found link https://archive1.piwheels.org/simple/adafruit-platformdetect/Adafruit_PlatformDetect-1.0.2-py3-none-any.whl#sha256=c74ef9d5ce07b533c6940af811cbfe062808e070b413ff6ec672461a1d398aa4 (from https://www.piwheels.org/simple/adafruit-platformdetect/) (requires-python:>=3.4.0), version: 1.0.2
2026-04-17T16:15:33,322   Found link https://archive1.piwheels.org/simple/adafruit-platformdetect/Adafruit_PlatformDetect-1.0.1-py3-none-any.whl#sha256=fe08ddce9082fcb5ff37385186c363ccce85bc36d1b55cb58e1d785666ab7093 (from https://www.piwheels.org/simple/adafruit-platformdetect/) (requires-python:>=3.4.0), version: 1.0.1
2026-04-17T16:15:33,322   Found link https://archive1.piwheels.org/simple/adafruit-platformdetect/Adafruit_PlatformDetect-1.0.0-py3-none-any.whl#sha256=6610b60b16c472157c47e8f39667108787b13ed4d57234f2e1d7fcff4eef4424 (from https://www.piwheels.org/simple/adafruit-platformdetect/) (requires-python:>=3.4.0), version: 1.0.0
2026-04-17T16:15:33,322   Found link https://archive1.piwheels.org/simple/adafruit-platformdetect/Adafruit_PlatformDetect-0.14-py3-none-any.whl#sha256=f31b3192012e4191396d43c88734d9685f3eaab489d6f15e4c9c198578d78946 (from https://www.piwheels.org/simple/adafruit-platformdetect/) (requires-python:>=3.4.0), version: 0.14
2026-04-17T16:15:33,322   Found link https://archive1.piwheels.org/simple/adafruit-platformdetect/Adafruit_PlatformDetect-0.0.13-py3-none-any.whl#sha256=b2cf1957cc96cc0d8b7a97f6da8cabff28376dfb3692a97fd76111f7ff5fd278 (from https://www.piwheels.org/simple/adafruit-platformdetect/) (requires-python:>=3.4.0), version: 0.0.13
2026-04-17T16:15:33,322   Found link https://archive1.piwheels.org/simple/adafruit-platformdetect/Adafruit_PlatformDetect-0.0.12-py3-none-any.whl#sha256=a31727b12fcca9516d440be9e0f2e5f4812a834439c339e6aa277964165fe24c (from https://www.piwheels.org/simple/adafruit-platformdetect/) (requires-python:>=3.4.0), version: 0.0.12
2026-04-17T16:15:33,322   Found link https://archive1.piwheels.org/simple/adafruit-platformdetect/Adafruit_PlatformDetect-0.0.11-py3-none-any.whl#sha256=55d846190e59625dc47a75a185f88e722fe95144155c92d3b28cdca29d54d167 (from https://www.piwheels.org/simple/adafruit-platformdetect/) (requires-python:>=3.4.0), version: 0.0.11
2026-04-17T16:15:33,322   Found link https://archive1.piwheels.org/simple/adafruit-platformdetect/Adafruit_PlatformDetect-0.0.10-py3-none-any.whl#sha256=887c09ec5d5bb5930683586baada1638547a19165310ab8750b90ea1909ef39a (from https://www.piwheels.org/simple/adafruit-platformdetect/) (requires-python:>=3.4.0), version: 0.0.10
2026-04-17T16:15:33,322   Found link https://archive1.piwheels.org/simple/adafruit-platformdetect/Adafruit_PlatformDetect-0.0.9-py3-none-any.whl#sha256=fb3db797ceeeb16320ba3249daf8cd94f0e3ca9b9029cc6cf6384bd828fa16df (from https://www.piwheels.org/simple/adafruit-platformdetect/) (requires-python:>=3.4.0), version: 0.0.9
2026-04-17T16:15:33,322   Found link https://archive1.piwheels.org/simple/adafruit-platformdetect/Adafruit_PlatformDetect-0.0.8-py3-none-any.whl#sha256=18fbfa3c2fc29d6b324a8d14e09a9e4c6056ebd972d40f64315ff24dae3d045a (from https://www.piwheels.org/simple/adafruit-platformdetect/) (requires-python:>=3.4.0), version: 0.0.8
2026-04-17T16:15:33,322   Found link https://archive1.piwheels.org/simple/adafruit-platformdetect/Adafruit_PlatformDetect-0.0.7-py3-none-any.whl#sha256=56c09de57a0016ada109046b77c9079f10423e56771289178b69e9383c8e1271 (from https://www.piwheels.org/simple/adafruit-platformdetect/) (requires-python:>=3.4.0), version: 0.0.7
2026-04-17T16:15:33,323   Found link https://archive1.piwheels.org/simple/adafruit-platformdetect/Adafruit_PlatformDetect-0.0.6-py3-none-any.whl#sha256=9b7731ac26d21946b2ec96558c355603befc0c65ef64f3814563edf41ae9e5ca (from https://www.piwheels.org/simple/adafruit-platformdetect/) (requires-python:>=3.4.0), version: 0.0.6
2026-04-17T16:15:33,323   Found link https://archive1.piwheels.org/simple/adafruit-platformdetect/Adafruit_PlatformDetect-0.0.4-py3-none-any.whl#sha256=817a4f9c36d3e0fa1b4b6cdc75779ab2c9f9822dee1acfe682462fa0339596ab (from https://www.piwheels.org/simple/adafruit-platformdetect/) (requires-python:>=3.4.0), version: 0.0.4
2026-04-17T16:15:33,323   Found link https://archive1.piwheels.org/simple/adafruit-platformdetect/Adafruit_PlatformDetect-0.0.3-py3-none-any.whl#sha256=dc1ac77c922f441b171f701fc515727ce5f1636a9af5d19ff80f70f06b6a6020 (from https://www.piwheels.org/simple/adafruit-platformdetect/) (requires-python:>=3.4.0), version: 0.0.3
2026-04-17T16:15:33,323   Found link https://archive1.piwheels.org/simple/adafruit-platformdetect/Adafruit_PlatformDetect-0.0.2-py3-none-any.whl#sha256=24432d21c82a4b1da9c9d48b2212fe254c2b8925fbf5001a7e9bb10c7565878b (from https://www.piwheels.org/simple/adafruit-platformdetect/) (requires-python:>=3.4.0), version: 0.0.2
2026-04-17T16:15:33,323 Skipping link: not a file: https://www.piwheels.org/simple/adafruit-platformdetect/
2026-04-17T16:15:33,323 Skipping link: not a file: https://pypi.org/simple/adafruit-platformdetect/
2026-04-17T16:15:33,325 Given no hashes to check 69 links for project 'adafruit-platformdetect': discarding no candidates
2026-04-17T16:15:33,328 Collecting Adafruit-PlatformDetect>=3.70.1 (from adafruit-blinka)
2026-04-17T16:15:33,328   Created temporary directory: /tmp/pip-unpack-5a97v1kg
2026-04-17T16:15:33,328   Found index url https://www.piwheels.org/simple/
2026-04-17T16:15:33,329   Looking up "https://www.piwheels.org/simple/adafruit-platformdetect/adafruit_platformdetect-3.88.0-py3-none-any.whl" in the cache
2026-04-17T16:15:33,329   Current age based on date: 79
2026-04-17T16:15:33,530   https://www.piwheels.org:443 "GET /simple/adafruit-platformdetect/adafruit_platformdetect-3.88.0-py3-none-any.whl HTTP/1.1" 304 0
2026-04-17T16:15:33,536   Using cached https://www.piwheels.org/simple/adafruit-platformdetect/adafruit_platformdetect-3.88.0-py3-none-any.whl (26 kB)
2026-04-17T16:15:33,538 2 location(s) to search for versions of adafruit-pureio:
2026-04-17T16:15:33,538 * https://pypi.org/simple/adafruit-pureio/
2026-04-17T16:15:33,538 * https://www.piwheels.org/simple/adafruit-pureio/
2026-04-17T16:15:33,539 Fetching project page and analyzing links: https://pypi.org/simple/adafruit-pureio/
2026-04-17T16:15:33,539 Getting page https://pypi.org/simple/adafruit-pureio/
2026-04-17T16:15:33,539 Found index url https://pypi.org/simple/
2026-04-17T16:15:33,539 Looking up "https://pypi.org/simple/adafruit-pureio/" in the cache
2026-04-17T16:15:33,539 Request header has "max_age" as 0, cache bypassed
2026-04-17T16:15:33,590 https://pypi.org:443 "GET /simple/adafruit-pureio/ HTTP/1.1" 304 0
2026-04-17T16:15:33,596 Fetched page https://pypi.org/simple/adafruit-pureio/ as application/vnd.pypi.simple.v1+json
2026-04-17T16:15:33,596   Skipping link: none of the wheel's tags (py2-none-any) are compatible (run pip debug --verbose to show compatible tags): https://files.pythonhosted.org/packages/6c/51/3fd154a51cee7022b3d5f74aa980e859543c7b25bf47c4f098fc33b7fb75/Adafruit_PureIO-0.2.0-py2-none-any.whl (from https://pypi.org/simple/adafruit-pureio/)
2026-04-17T16:15:33,597   Found link https://files.pythonhosted.org/packages/38/72/fcf3e8f8e7241a060b3a3fa94ab9cd466ac156fbb01dad233d2bda7eb91a/Adafruit_PureIO-0.2.0.tar.gz (from https://pypi.org/simple/adafruit-pureio/), version: 0.2.0
2026-04-17T16:15:33,597   Skipping link: none of the wheel's tags (py2-none-any) are compatible (run pip debug --verbose to show compatible tags): https://files.pythonhosted.org/packages/74/14/86e11adb4c64f1db7d8ac49a08031107857b4d891b04ef3d6b777eacb049/Adafruit_PureIO-0.2.1-py2-none-any.whl (from https://pypi.org/simple/adafruit-pureio/)
2026-04-17T16:15:33,597   Found link https://files.pythonhosted.org/packages/55/fa/99b1006fb4bb356762357b297d8db6ec9ffa13af480692ab72aa4a0dd0c4/Adafruit_PureIO-0.2.1.tar.gz (from https://pypi.org/simple/adafruit-pureio/), version: 0.2.1
2026-04-17T16:15:33,597   Found link https://files.pythonhosted.org/packages/d6/ee/52d25b7b8f3751f62ef8b9c17de9d5e0dd040b4422899dc97287c3e1955b/Adafruit_PureIO-0.2.2.tar.gz (from https://pypi.org/simple/adafruit-pureio/), version: 0.2.2
2026-04-17T16:15:33,597   Found link https://files.pythonhosted.org/packages/b9/34/e8e6b4ee910d3682a7e7f7c84e8b8fe8c270ba47aa268269310c9fb89387/Adafruit_PureIO-0.2.3.tar.gz (from https://pypi.org/simple/adafruit-pureio/), version: 0.2.3
2026-04-17T16:15:33,597   Found link https://files.pythonhosted.org/packages/93/e4/e6e25699445b4d8aafa97ed705ed43b39bcd6db17127ea7073aeaa76aad8/Adafruit_PureIO-1.0.1.tar.gz (from https://pypi.org/simple/adafruit-pureio/), version: 1.0.1
2026-04-17T16:15:33,597   Found link https://files.pythonhosted.org/packages/78/6f/b93fcfad0756b7948a5d2f2b51dd5bc7b3ff440406520fd4dedab77a92cb/Adafruit_PureIO-1.0.4.tar.gz (from https://pypi.org/simple/adafruit-pureio/) (requires-python:>=3.4.0), version: 1.0.4
2026-04-17T16:15:33,597   Found link https://files.pythonhosted.org/packages/f8/eb/5dee43840526ac159b78bb122e85e3052a038356951d802ace3458fe2b76/Adafruit_PureIO-1.1.0.tar.gz (from https://pypi.org/simple/adafruit-pureio/) (requires-python:>=3.4.0), version: 1.1.0
2026-04-17T16:15:33,597   Found link https://files.pythonhosted.org/packages/8d/97/800007cd4a74a63342398961795bf93250aa86cb9b192ff9a72e582bf89c/Adafruit_PureIO-1.1.1.tar.gz (from https://pypi.org/simple/adafruit-pureio/) (requires-python:>=3.5.0), version: 1.1.1
2026-04-17T16:15:33,597   Found link https://files.pythonhosted.org/packages/ff/c6/f6a4cac92e56dd0ab685eba21737e215791cbdd350fbb043b1c3dd2cd4a5/Adafruit_PureIO-1.1.3.tar.gz (from https://pypi.org/simple/adafruit-pureio/) (requires-python:>=3.5.0), version: 1.1.3
2026-04-17T16:15:33,597   Found link https://files.pythonhosted.org/packages/4a/eb/9fd6eeb17d6ccbf4593f8ed5386c25ce6e9c4df12082cdce55ee1a62ee37/Adafruit_PureIO-1.1.4.tar.gz (from https://pypi.org/simple/adafruit-pureio/) (requires-python:>=3.5.0), version: 1.1.4
2026-04-17T16:15:33,597   Found link https://files.pythonhosted.org/packages/01/ee/da6d2c6848571a65eaa0f1e37b1cd13ba8fefdea962455faabef7c61e7f4/Adafruit_PureIO-1.1.5.tar.gz (from https://pypi.org/simple/adafruit-pureio/) (requires-python:>=3.5.0), version: 1.1.5
2026-04-17T16:15:33,597   Found link https://files.pythonhosted.org/packages/b3/5a/b48b2a990158a8b5fe0d5e281b5b37e7a682036d3c954949f028d9f31a3c/Adafruit_PureIO-1.1.6.tar.gz (from https://pypi.org/simple/adafruit-pureio/) (requires-python:>=3.5.0), version: 1.1.6
2026-04-17T16:15:33,597   Found link https://files.pythonhosted.org/packages/90/6d/ee3b05a3016aefb446f14103e99021186aace51e9d75f5aee25e031f8e8d/Adafruit_PureIO-1.1.7.tar.gz (from https://pypi.org/simple/adafruit-pureio/) (requires-python:>=3.5.0), version: 1.1.7
2026-04-17T16:15:33,597   Found link https://files.pythonhosted.org/packages/72/e0/2237b75a28ac2ae2f89cb54d509573cce33dd003ce828463d3ff35d02031/Adafruit_PureIO-1.1.8.tar.gz (from https://pypi.org/simple/adafruit-pureio/) (requires-python:>=3.5.0), version: 1.1.8
2026-04-17T16:15:33,597   Found link https://files.pythonhosted.org/packages/df/ca/9162d4648669d12af16d5a66d808bdef6967eb684cbed9b1a3ebc19b361a/Adafruit_PureIO-1.1.9.tar.gz (from https://pypi.org/simple/adafruit-pureio/) (requires-python:>=3.5.0), version: 1.1.9
2026-04-17T16:15:33,597   Found link https://files.pythonhosted.org/packages/bc/0c/ceb6d01615504190ad4061af51bf46093c8e3cb3cf942d840cf95b8ba4ad/Adafruit_PureIO-1.1.10.tar.gz (from https://pypi.org/simple/adafruit-pureio/) (requires-python:>=3.5.0), version: 1.1.10
2026-04-17T16:15:33,597   Found link https://files.pythonhosted.org/packages/19/9d/28e9d12f36e13c5f2acba3098187b0e931290ecd1d8df924391b5ad2db19/Adafruit_PureIO-1.1.11-py3-none-any.whl (from https://pypi.org/simple/adafruit-pureio/) (requires-python:>=3.5.0), version: 1.1.11
2026-04-17T16:15:33,597   Found link https://files.pythonhosted.org/packages/e5/b7/f1672435116822079bbdab42163f9e6424769b7db778873d95d18c085230/Adafruit_PureIO-1.1.11.tar.gz (from https://pypi.org/simple/adafruit-pureio/) (requires-python:>=3.5.0), version: 1.1.11
2026-04-17T16:15:33,597 Fetching project page and analyzing links: https://www.piwheels.org/simple/adafruit-pureio/
2026-04-17T16:15:33,597 Getting page https://www.piwheels.org/simple/adafruit-pureio/
2026-04-17T16:15:33,598 Found index url https://www.piwheels.org/simple/
2026-04-17T16:15:33,598 Looking up "https://www.piwheels.org/simple/adafruit-pureio/" in the cache
2026-04-17T16:15:33,598 Request header has "max_age" as 0, cache bypassed
2026-04-17T16:15:33,797 https://www.piwheels.org:443 "GET /simple/adafruit-pureio/ HTTP/1.1" 200 1023
2026-04-17T16:15:33,797 Updating cache with response from "https://www.piwheels.org/simple/adafruit-pureio/"
2026-04-17T16:15:33,797 etag object cached for 1209600 seconds
2026-04-17T16:15:33,798 Caching due to etag
2026-04-17T16:15:33,807 Fetched page https://www.piwheels.org/simple/adafruit-pureio/ as text/html
2026-04-17T16:15:33,808   Found link https://www.piwheels.org/simple/adafruit-pureio/Adafruit_PureIO-1.1.11-py3-none-any.whl#sha256=665f23279bc216de92a00f34833650e2f49c9acc913fc3ca91195b94d172ed0f (from https://www.piwheels.org/simple/adafruit-pureio/) (requires-python:>=3.5.0), version: 1.1.11
2026-04-17T16:15:33,808   Found link https://www.piwheels.org/simple/adafruit-pureio/Adafruit_PureIO-1.1.10-py3-none-any.whl#sha256=71d56d58693612ba64a9ccfde8caf659f99105de2ece8502ac97884e268b21e7 (from https://www.piwheels.org/simple/adafruit-pureio/) (requires-python:>=3.5.0), version: 1.1.10
2026-04-17T16:15:33,808   Found link https://www.piwheels.org/simple/adafruit-pureio/Adafruit_PureIO-1.1.9-py3-none-any.whl#sha256=17473ffd6f00af6d4be37579baabc396cfceb682b305272e457f078241b6fd0e (from https://www.piwheels.org/simple/adafruit-pureio/) (requires-python:>=3.5.0), version: 1.1.9
2026-04-17T16:15:33,808   Found link https://archive1.piwheels.org/simple/adafruit-pureio/Adafruit_PureIO-1.1.8-py3-none-any.whl#sha256=7e79038509743229a44fd18a961fa68d3c7af947c1586cd7b9b01019f3747716 (from https://www.piwheels.org/simple/adafruit-pureio/) (requires-python:>=3.5.0), version: 1.1.8
2026-04-17T16:15:33,808   Found link https://archive1.piwheels.org/simple/adafruit-pureio/Adafruit_PureIO-1.1.7-py3-none-any.whl#sha256=980d7019c41bc0bf2d223b8bea91d0a8a13e2d7677b8b58e2c72839ac003660a (from https://www.piwheels.org/simple/adafruit-pureio/) (requires-python:>=3.5.0), version: 1.1.7
2026-04-17T16:15:33,808   Found link https://archive1.piwheels.org/simple/adafruit-pureio/Adafruit_PureIO-1.1.6-py3-none-any.whl#sha256=1374aab72f886fb43293f4d444cc194143d58f86062069a8ff3ed012d08998a7 (from https://www.piwheels.org/simple/adafruit-pureio/) (requires-python:>=3.5.0), version: 1.1.6
2026-04-17T16:15:33,808   Found link https://archive1.piwheels.org/simple/adafruit-pureio/Adafruit_PureIO-1.1.5-py3-none-any.whl#sha256=0a550e1798f7d600d183a556870b5e9fa111b0fbfbc6eeb67a2ef5aa06f80d76 (from https://www.piwheels.org/simple/adafruit-pureio/) (requires-python:>=3.5.0), version: 1.1.5
2026-04-17T16:15:33,808   Found link https://archive1.piwheels.org/simple/adafruit-pureio/Adafruit_PureIO-1.1.4-py3-none-any.whl#sha256=166e9da38a734f20eb4a6cc85eb38867e4c9404046bfcf62a1b5363c786a2968 (from https://www.piwheels.org/simple/adafruit-pureio/) (requires-python:>=3.5.0), version: 1.1.4
2026-04-17T16:15:33,808   Found link https://archive1.piwheels.org/simple/adafruit-pureio/Adafruit_PureIO-1.1.3-py3-none-any.whl#sha256=7b6d68b32d2901f84cc4a54111d07892cd3ed9bbe1b7dc2e00f8f375ca0b5a21 (from https://www.piwheels.org/simple/adafruit-pureio/) (requires-python:>=3.5.0), version: 1.1.3
2026-04-17T16:15:33,809   Found link https://archive1.piwheels.org/simple/adafruit-pureio/Adafruit_PureIO-1.1.1-py3-none-any.whl#sha256=8856b5a00749699ac02d3a0df0aaa06d1ccb2e856e1619731f54371096259dd1 (from https://www.piwheels.org/simple/adafruit-pureio/) (requires-python:>=3.5.0), version: 1.1.1
2026-04-17T16:15:33,809   Found link https://archive1.piwheels.org/simple/adafruit-pureio/Adafruit_PureIO-1.1.0-py3-none-any.whl#sha256=3155c045d128ecf252f0fff6ed2276798fe6e2512cc0ff880ed8d8a3a90cac18 (from https://www.piwheels.org/simple/adafruit-pureio/) (requires-python:>=3.4.0), version: 1.1.0
2026-04-17T16:15:33,809   Found link https://www.piwheels.org/simple/adafruit-pureio/Adafruit_PureIO-1.0.4-py3-none-any.whl#sha256=013ebe6119eaaa0d39716ea5fbfad4fcbada7c88eaebcc7d6615f9df44e53b8c (from https://www.piwheels.org/simple/adafruit-pureio/) (requires-python:>=3.4.0), version: 1.0.4
2026-04-17T16:15:33,809   Found link https://archive1.piwheels.org/simple/adafruit-pureio/Adafruit_PureIO-1.0.1-py3-none-any.whl#sha256=335d68ebe1c1ec2cc1dbe8b6d33ecaa506e7432bae8aabbe85952da99c2f6519 (from https://www.piwheels.org/simple/adafruit-pureio/), version: 1.0.1
2026-04-17T16:15:33,809   Found link https://archive1.piwheels.org/simple/adafruit-pureio/Adafruit_PureIO-0.2.3-py3-none-any.whl#sha256=f683bc1bb68d680ba75b16f61f6444e94d8443b006ac7be7ea12ccae6936ca54 (from https://www.piwheels.org/simple/adafruit-pureio/), version: 0.2.3
2026-04-17T16:15:33,809   Found link https://archive1.piwheels.org/simple/adafruit-pureio/Adafruit_PureIO-0.2.2-py3-none-any.whl#sha256=26afa47083cd76106f0899251f4b9bcddf3a226c165356ecf2bacabac11e1fcf (from https://www.piwheels.org/simple/adafruit-pureio/), version: 0.2.2
2026-04-17T16:15:33,809   Found link https://archive1.piwheels.org/simple/adafruit-pureio/Adafruit_PureIO-0.2.1-py3-none-any.whl#sha256=ffed61c0d9739099774f1749c1f061c45ba3dbd459f2486509cb12068a7a1e77 (from https://www.piwheels.org/simple/adafruit-pureio/), version: 0.2.1
2026-04-17T16:15:33,809 Skipping link: not a file: https://www.piwheels.org/simple/adafruit-pureio/
2026-04-17T16:15:33,809 Skipping link: not a file: https://pypi.org/simple/adafruit-pureio/
2026-04-17T16:15:33,809 Given no hashes to check 11 links for project 'adafruit-pureio': discarding no candidates
2026-04-17T16:15:33,810 Collecting Adafruit-PureIO>=1.1.7 (from adafruit-blinka)
2026-04-17T16:15:33,810   Created temporary directory: /tmp/pip-unpack-gf_juq3k
2026-04-17T16:15:33,811   Found index url https://www.piwheels.org/simple/
2026-04-17T16:15:33,811   Looking up "https://www.piwheels.org/simple/adafruit-pureio/Adafruit_PureIO-1.1.11-py3-none-any.whl" in the cache
2026-04-17T16:15:33,811   Current age based on date: 79
2026-04-17T16:15:34,009   https://www.piwheels.org:443 "GET /simple/adafruit-pureio/Adafruit_PureIO-1.1.11-py3-none-any.whl HTTP/1.1" 304 0
2026-04-17T16:15:34,015   Using cached https://www.piwheels.org/simple/adafruit-pureio/Adafruit_PureIO-1.1.11-py3-none-any.whl (10 kB)
2026-04-17T16:15:34,017 2 location(s) to search for versions of binho-host-adapter:
2026-04-17T16:15:34,017 * https://pypi.org/simple/binho-host-adapter/
2026-04-17T16:15:34,017 * https://www.piwheels.org/simple/binho-host-adapter/
2026-04-17T16:15:34,017 Fetching project page and analyzing links: https://pypi.org/simple/binho-host-adapter/
2026-04-17T16:15:34,017 Getting page https://pypi.org/simple/binho-host-adapter/
2026-04-17T16:15:34,017 Found index url https://pypi.org/simple/
2026-04-17T16:15:34,018 Looking up "https://pypi.org/simple/binho-host-adapter/" in the cache
2026-04-17T16:15:34,018 Request header has "max_age" as 0, cache bypassed
2026-04-17T16:15:34,064 https://pypi.org:443 "GET /simple/binho-host-adapter/ HTTP/1.1" 304 0
2026-04-17T16:15:34,070 Fetched page https://pypi.org/simple/binho-host-adapter/ as application/vnd.pypi.simple.v1+json
2026-04-17T16:15:34,071   Found link https://files.pythonhosted.org/packages/a6/3a/7f7bcf0422d407b79e33d6a6e7b33416eb62e77bf5556868f1d9ab8bf78d/binho-host-adapter-0.0.1.dev0.tar.gz (from https://pypi.org/simple/binho-host-adapter/), version: 0.0.1.dev0
2026-04-17T16:15:34,071   Found link https://files.pythonhosted.org/packages/10/b5/9029162636bdab3793ed795ddd2ecc9040ae5988bc69ccd4b6d6794df334/binho_host_adapter-0.0.1.dev0-py3-none-any.whl (from https://pypi.org/simple/binho-host-adapter/), version: 0.0.1.dev0
2026-04-17T16:15:34,071   Found link https://files.pythonhosted.org/packages/92/70/feec50031e921e759b4cb22ec2a3bbecdc04a4d57b199f67dc8744921312/binho-host-adapter-0.0.1.dev1.tar.gz (from https://pypi.org/simple/binho-host-adapter/), version: 0.0.1.dev1
2026-04-17T16:15:34,071   Skipping link: none of the wheel's tags (py2-none-any) are compatible (run pip debug --verbose to show compatible tags): https://files.pythonhosted.org/packages/2a/3a/0696eb51f9a82b22afdca773a2b932a3e1991abb0d2131255b28e56de0c6/binho_host_adapter-0.0.1.dev1-py2-none-any.whl (from https://pypi.org/simple/binho-host-adapter/)
2026-04-17T16:15:34,071   Found link https://files.pythonhosted.org/packages/fd/bc/17f0820af76ab0f31d370d86b26882f6e704c2f4c96c0d2a4a01e4f7d874/binho-host-adapter-0.0.1.dev2.tar.gz (from https://pypi.org/simple/binho-host-adapter/), version: 0.0.1.dev2
2026-04-17T16:15:34,071   Skipping link: none of the wheel's tags (py2-none-any) are compatible (run pip debug --verbose to show compatible tags): https://files.pythonhosted.org/packages/9a/89/b63d19278f49ee86b0215341d37874900c7a793de67eec6c1dcfd8ac13f6/binho_host_adapter-0.0.1.dev2-py2-none-any.whl (from https://pypi.org/simple/binho-host-adapter/)
2026-04-17T16:15:34,071   Found link https://files.pythonhosted.org/packages/b3/82/d84775540961ce21cbb55ef0f3911899a1f7e37ca08716fbe68c5cd93d61/binho-host-adapter-0.0.1.dev3.tar.gz (from https://pypi.org/simple/binho-host-adapter/), version: 0.0.1.dev3
2026-04-17T16:15:34,072   Skipping link: none of the wheel's tags (py2-none-any) are compatible (run pip debug --verbose to show compatible tags): https://files.pythonhosted.org/packages/48/3d/946cd5a031ac38f408b7ec60650719e1ea44bae7c87467ee8b3b894a0d47/binho_host_adapter-0.0.1.dev3-py2-none-any.whl (from https://pypi.org/simple/binho-host-adapter/)
2026-04-17T16:15:34,072   Found link https://files.pythonhosted.org/packages/10/ea/4fcd2a265c15139f43d3cff87de5e04c93c1153e5941abe5d8eb7700f7f9/binho-host-adapter-0.0.1.dev4.tar.gz (from https://pypi.org/simple/binho-host-adapter/), version: 0.0.1.dev4
2026-04-17T16:15:34,072   Skipping link: none of the wheel's tags (py2-none-any) are compatible (run pip debug --verbose to show compatible tags): https://files.pythonhosted.org/packages/95/49/9cdcfeee9615e0516731c1bf3a1a02452e3a731d28d134a38b489077c9d3/binho_host_adapter-0.0.1.dev4-py2-none-any.whl (from https://pypi.org/simple/binho-host-adapter/)
2026-04-17T16:15:34,072   Found link https://files.pythonhosted.org/packages/27/f7/07b45242bf4817160bf0bd973abbfc8d5521b547e43ec4b648f66df39c1a/binho-host-adapter-0.0.1.dev5.tar.gz (from https://pypi.org/simple/binho-host-adapter/), version: 0.0.1.dev5
2026-04-17T16:15:34,072   Skipping link: none of the wheel's tags (py2-none-any) are compatible (run pip debug --verbose to show compatible tags): https://files.pythonhosted.org/packages/82/b0/2d80ab38ecb9b26e7519094a71bd7ac42095465742bbf7df6eaf8c461e93/binho_host_adapter-0.0.1.dev5-py2-none-any.whl (from https://pypi.org/simple/binho-host-adapter/)
2026-04-17T16:15:34,072   Found link https://files.pythonhosted.org/packages/99/2b/68bbc36557da3a3b78547a42872a99b8e708ec033728f4431ea79d9046ed/binho-host-adapter-0.0.1.dev6.tar.gz (from https://pypi.org/simple/binho-host-adapter/), version: 0.0.1.dev6
2026-04-17T16:15:34,072   Found link https://files.pythonhosted.org/packages/f7/c7/ec283875c983987ddf6b468a2083dba62f49ebb26098672e4283f5f5fe87/binho_host_adapter-0.0.1.dev6-py3-none-any.whl (from https://pypi.org/simple/binho-host-adapter/), version: 0.0.1.dev6
2026-04-17T16:15:34,072   Found link https://files.pythonhosted.org/packages/04/a7/69341bd352938861d122962a66e25f9001fca646edf4399df9b9dd38e2d2/binho-host-adapter-0.0.2.dev1.tar.gz (from https://pypi.org/simple/binho-host-adapter/), version: 0.0.2.dev1
2026-04-17T16:15:34,072   Found link https://files.pythonhosted.org/packages/bd/5f/fb9b61c37b79eb0faf726d2a0b5deeb5643df0d3748ea9ea0a4e273f7db3/binho_host_adapter-0.0.2.dev1-py3-none-any.whl (from https://pypi.org/simple/binho-host-adapter/), version: 0.0.2.dev1
2026-04-17T16:15:34,072   Found link https://files.pythonhosted.org/packages/ab/d4/419d73a0668135a432c806ea206fce616f7acfca3cc6d559713739b201c3/binho-host-adapter-0.0.2.dev3.tar.gz (from https://pypi.org/simple/binho-host-adapter/), version: 0.0.2.dev3
2026-04-17T16:15:34,072   Found link https://files.pythonhosted.org/packages/6a/b9/3cba26a9a606b35b215095931e1c7d3dcc00087e992c23e80dd132cb55d2/binho_host_adapter-0.0.2.dev3-py3-none-any.whl (from https://pypi.org/simple/binho-host-adapter/), version: 0.0.2.dev3
2026-04-17T16:15:34,072   Found link https://files.pythonhosted.org/packages/fe/2f/453303de4878095d62e9dfbec603c42dba9dce89d11e025c56f6e0523f8b/binho-host-adapter-0.1.0.tar.gz (from https://pypi.org/simple/binho-host-adapter/), version: 0.1.0
2026-04-17T16:15:34,072   Found link https://files.pythonhosted.org/packages/76/80/afd8a0a992ba41629efe5d8ddc1238f16c52d49dd214cc5aa50ca16439fc/binho_host_adapter-0.1.0-py3-none-any.whl (from https://pypi.org/simple/binho-host-adapter/), version: 0.1.0
2026-04-17T16:15:34,072   Found link https://files.pythonhosted.org/packages/ae/7d/5d2880b88378710d3d20c23c3e704e4cd86bb8f9fb3668710b1721993b78/binho-host-adapter-0.1.1.tar.gz (from https://pypi.org/simple/binho-host-adapter/), version: 0.1.1
2026-04-17T16:15:34,072   Found link https://files.pythonhosted.org/packages/bf/a2/5c9de8c7ccdba57738feebff7d66ca163f2fb4dd501c5185956f2ccb49a0/binho_host_adapter-0.1.1-py3-none-any.whl (from https://pypi.org/simple/binho-host-adapter/), version: 0.1.1
2026-04-17T16:15:34,072   Found link https://files.pythonhosted.org/packages/82/24/7a23e2b7769988f610938ffc80c36d12d0839b28311d8f4b631cc359cbe1/binho-host-adapter-0.1.2.tar.gz (from https://pypi.org/simple/binho-host-adapter/), version: 0.1.2
2026-04-17T16:15:34,072   Found link https://files.pythonhosted.org/packages/9a/ab/7f762a0d0ac2ef3fd01d8435edaf12ff339cd0257d5f473b4faa6fc5af5e/binho_host_adapter-0.1.2-py3-none-any.whl (from https://pypi.org/simple/binho-host-adapter/), version: 0.1.2
2026-04-17T16:15:34,072   Found link https://files.pythonhosted.org/packages/57/a9/0ea78a1954407067690a923157e064a263713017c600c9d7674d7dac2f1d/binho-host-adapter-0.1.3.tar.gz (from https://pypi.org/simple/binho-host-adapter/), version: 0.1.3
2026-04-17T16:15:34,072   Found link https://files.pythonhosted.org/packages/b4/41/f0a45b411748832730138ff0f4265a640416357ea9660f6c762f980a1893/binho_host_adapter-0.1.3-py3-none-any.whl (from https://pypi.org/simple/binho-host-adapter/), version: 0.1.3
2026-04-17T16:15:34,072   Found link https://files.pythonhosted.org/packages/39/30/648c4444fab7a60818ea9cb0ad26151e40fd9c0d33ca9c39ddb42b0988a6/binho-host-adapter-0.1.4.tar.gz (from https://pypi.org/simple/binho-host-adapter/), version: 0.1.4
2026-04-17T16:15:34,072   Found link https://files.pythonhosted.org/packages/73/e1/46bf5ae0ebe44f760a82a99c8bfc1bb20f1223e0d7a445749d4c0689678c/binho_host_adapter-0.1.4-py3-none-any.whl (from https://pypi.org/simple/binho-host-adapter/), version: 0.1.4
2026-04-17T16:15:34,072   Found link https://files.pythonhosted.org/packages/25/b8/639ca5d7d962b9e71efdcb87f76292c8420a2a6b58e448903e9a64660f78/binho-host-adapter-0.1.5.tar.gz (from https://pypi.org/simple/binho-host-adapter/), version: 0.1.5
2026-04-17T16:15:34,072   Found link https://files.pythonhosted.org/packages/31/d9/595a435bc6eee3ce3e0cc23df8d5673a21b4b5e50b7a6f2b4a0c23dfed77/binho_host_adapter-0.1.5-py3-none-any.whl (from https://pypi.org/simple/binho-host-adapter/), version: 0.1.5
2026-04-17T16:15:34,073   Found link https://files.pythonhosted.org/packages/68/36/29b7b896e83e195fac6d64ccff95c0f24a18ee86e7437a22e60e0331d90a/binho-host-adapter-0.1.6.tar.gz (from https://pypi.org/simple/binho-host-adapter/), version: 0.1.6
2026-04-17T16:15:34,073   Found link https://files.pythonhosted.org/packages/7b/6b/0f13486003aea3eb349c2946b7ec9753e7558b78e35d22c938062a96959c/binho_host_adapter-0.1.6-py3-none-any.whl (from https://pypi.org/simple/binho-host-adapter/), version: 0.1.6
2026-04-17T16:15:34,073 Fetching project page and analyzing links: https://www.piwheels.org/simple/binho-host-adapter/
2026-04-17T16:15:34,073 Getting page https://www.piwheels.org/simple/binho-host-adapter/
2026-04-17T16:15:34,073 Found index url https://www.piwheels.org/simple/
2026-04-17T16:15:34,073 Looking up "https://www.piwheels.org/simple/binho-host-adapter/" in the cache
2026-04-17T16:15:34,073 Request header has "max_age" as 0, cache bypassed
2026-04-17T16:15:34,273 https://www.piwheels.org:443 "GET /simple/binho-host-adapter/ HTTP/1.1" 200 985
2026-04-17T16:15:34,274 Updating cache with response from "https://www.piwheels.org/simple/binho-host-adapter/"
2026-04-17T16:15:34,274 etag object cached for 1209600 seconds
2026-04-17T16:15:34,274 Caching due to etag
2026-04-17T16:15:34,283 Fetched page https://www.piwheels.org/simple/binho-host-adapter/ as text/html
2026-04-17T16:15:34,284   Found link https://www.piwheels.org/simple/binho-host-adapter/binho_host_adapter-0.1.6-py3-none-any.whl#sha256=f71ca176c1e2fc1a5dce128beb286da217555c6c7c805f2ed282a6f3507ec277 (from https://www.piwheels.org/simple/binho-host-adapter/), version: 0.1.6
2026-04-17T16:15:34,284   Found link https://archive1.piwheels.org/simple/binho-host-adapter/binho_host_adapter-0.1.5-py3-none-any.whl#sha256=2bd7a46fb404e8f9f057fd0329bd1a041b854141e0a328bbd19fd78ccf6ff758 (from https://www.piwheels.org/simple/binho-host-adapter/), version: 0.1.5
2026-04-17T16:15:34,284   Found link https://archive1.piwheels.org/simple/binho-host-adapter/binho_host_adapter-0.1.4-py3-none-any.whl#sha256=85a028f4ddb7bfa87d88d4e3618bb48ba9385c89345230ac7668c8c61f5d4f9d (from https://www.piwheels.org/simple/binho-host-adapter/), version: 0.1.4
2026-04-17T16:15:34,284   Found link https://archive1.piwheels.org/simple/binho-host-adapter/binho_host_adapter-0.1.3-py3-none-any.whl#sha256=ab9e8a5dcd4443be6e28372d00f347932ad05e77695507ba7604fe2c0da9ba3b (from https://www.piwheels.org/simple/binho-host-adapter/), version: 0.1.3
2026-04-17T16:15:34,284   Found link https://archive1.piwheels.org/simple/binho-host-adapter/binho_host_adapter-0.1.2-py3-none-any.whl#sha256=4a1c7fca54e67792f126919ab3cae7a4acc6b5a85db22cc54917f2240848084d (from https://www.piwheels.org/simple/binho-host-adapter/), version: 0.1.2
2026-04-17T16:15:34,284   Found link https://archive1.piwheels.org/simple/binho-host-adapter/binho_host_adapter-0.1.1-py3-none-any.whl#sha256=fafa293acda955638163c80d6694b17ee07991d6b5502ad92955ba5fd30874ef (from https://www.piwheels.org/simple/binho-host-adapter/), version: 0.1.1
2026-04-17T16:15:34,284   Found link https://archive1.piwheels.org/simple/binho-host-adapter/binho_host_adapter-0.1.0-py3-none-any.whl#sha256=35f835d1573d20312f4a0fbadf1abc27792ef5ac48867ccd66ba8d2412462152 (from https://www.piwheels.org/simple/binho-host-adapter/), version: 0.1.0
2026-04-17T16:15:34,284   Found link https://archive1.piwheels.org/simple/binho-host-adapter/binho_host_adapter-0.0.2.dev3-py3-none-any.whl#sha256=833535b5ac2dc8a06d1195e133c01b710cd098d146e02fe344a956c5c4e4659c (from https://www.piwheels.org/simple/binho-host-adapter/), version: 0.0.2.dev3
2026-04-17T16:15:34,285   Found link https://archive1.piwheels.org/simple/binho-host-adapter/binho_host_adapter-0.0.2.dev1-py3-none-any.whl#sha256=67f4bfe7be97d8318ea7994d38612b28a9b81c274152be03c14f4e6398d6f3cd (from https://www.piwheels.org/simple/binho-host-adapter/), version: 0.0.2.dev1
2026-04-17T16:15:34,285   Found link https://archive1.piwheels.org/simple/binho-host-adapter/binho_host_adapter-0.0.1.dev6-py3-none-any.whl#sha256=b0244fd9458c384aa42ceb2a21fea720894783b2b648ed295fdbf5b12765a655 (from https://www.piwheels.org/simple/binho-host-adapter/), version: 0.0.1.dev6
2026-04-17T16:15:34,285   Found link https://archive1.piwheels.org/simple/binho-host-adapter/binho_host_adapter-0.0.1.dev5-py3-none-any.whl#sha256=eb301bc9f2ba660cafba26b4a7089c409aa4f85d0d90f8fa1da92ed277ac545b (from https://www.piwheels.org/simple/binho-host-adapter/), version: 0.0.1.dev5
2026-04-17T16:15:34,285   Found link https://archive1.piwheels.org/simple/binho-host-adapter/binho_host_adapter-0.0.1.dev4-py3-none-any.whl#sha256=80fc8ae3cb9e46234fd150f02e53f6b5a761670d3bd94bd74243237c43d2ee38 (from https://www.piwheels.org/simple/binho-host-adapter/), version: 0.0.1.dev4
2026-04-17T16:15:34,285   Found link https://archive1.piwheels.org/simple/binho-host-adapter/binho_host_adapter-0.0.1.dev3-py3-none-any.whl#sha256=b02d3271c27931729bbe81ddab08b02a2e9fc1b137f5196a526060173c08c1d7 (from https://www.piwheels.org/simple/binho-host-adapter/), version: 0.0.1.dev3
2026-04-17T16:15:34,285   Found link https://archive1.piwheels.org/simple/binho-host-adapter/binho_host_adapter-0.0.1.dev2-py3-none-any.whl#sha256=190471bde4ffee3c9e8dff47a4621eaea4ad3e09b9549d622cdee4cd364b4d37 (from https://www.piwheels.org/simple/binho-host-adapter/), version: 0.0.1.dev2
2026-04-17T16:15:34,285   Found link https://archive1.piwheels.org/simple/binho-host-adapter/binho_host_adapter-0.0.1.dev1-py3-none-any.whl#sha256=3643fdcb8e78dbb1724c973529452984e88944b6e27fcd19a6f749169dea1755 (from https://www.piwheels.org/simple/binho-host-adapter/), version: 0.0.1.dev1
2026-04-17T16:15:34,285   Found link https://archive1.piwheels.org/simple/binho-host-adapter/binho_host_adapter-0.0.1.dev0-py3-none-any.whl#sha256=a8b8a628787cab442524cc948a22b71272eb1eefda4fb6865324a7e88e80cd6e (from https://www.piwheels.org/simple/binho-host-adapter/), version: 0.0.1.dev0
2026-04-17T16:15:34,285 Skipping link: not a file: https://www.piwheels.org/simple/binho-host-adapter/
2026-04-17T16:15:34,285 Skipping link: not a file: https://pypi.org/simple/binho-host-adapter/
2026-04-17T16:15:34,285 Given no hashes to check 3 links for project 'binho-host-adapter': discarding no candidates
2026-04-17T16:15:34,286 Collecting binho-host-adapter>=0.1.6 (from adafruit-blinka)
2026-04-17T16:15:34,286   Created temporary directory: /tmp/pip-unpack-iny_hf7e
2026-04-17T16:15:34,286   Found index url https://www.piwheels.org/simple/
2026-04-17T16:15:34,287   Looking up "https://www.piwheels.org/simple/binho-host-adapter/binho_host_adapter-0.1.6-py3-none-any.whl" in the cache
2026-04-17T16:15:34,287   Current age based on date: 79
2026-04-17T16:15:34,486   https://www.piwheels.org:443 "GET /simple/binho-host-adapter/binho_host_adapter-0.1.6-py3-none-any.whl HTTP/1.1" 304 0
2026-04-17T16:15:34,492   Using cached https://www.piwheels.org/simple/binho-host-adapter/binho_host_adapter-0.1.6-py3-none-any.whl (10 kB)
2026-04-17T16:15:34,493 2 location(s) to search for versions of pyftdi:
2026-04-17T16:15:34,493 * https://pypi.org/simple/pyftdi/
2026-04-17T16:15:34,493 * https://www.piwheels.org/simple/pyftdi/
2026-04-17T16:15:34,493 Fetching project page and analyzing links: https://pypi.org/simple/pyftdi/
2026-04-17T16:15:34,494 Getting page https://pypi.org/simple/pyftdi/
2026-04-17T16:15:34,494 Found index url https://pypi.org/simple/
2026-04-17T16:15:34,494 Looking up "https://pypi.org/simple/pyftdi/" in the cache
2026-04-17T16:15:34,495 Request header has "max_age" as 0, cache bypassed
2026-04-17T16:15:34,543 https://pypi.org:443 "GET /simple/pyftdi/ HTTP/1.1" 304 0
2026-04-17T16:15:34,549 Fetched page https://pypi.org/simple/pyftdi/ as application/vnd.pypi.simple.v1+json
2026-04-17T16:15:34,551   Found link https://files.pythonhosted.org/packages/c8/c2/f53746a04fa66b584e9a863d6a49c502f5eb1b9e58240e8d5076a5aefca1/pyftdi-0.4.5.tar.gz (from https://pypi.org/simple/pyftdi/), version: 0.4.5
2026-04-17T16:15:34,551   Found link https://files.pythonhosted.org/packages/7b/7c/61fd1ed2f73556b2ff81904a934f7ad25b79ace1fdc0960bccbb3c841f3e/pyftdi-0.5.1.tar.gz (from https://pypi.org/simple/pyftdi/), version: 0.5.1
2026-04-17T16:15:34,551   Found link https://files.pythonhosted.org/packages/89/08/b659f4af9eb1f0363e7e88e9f91d6447e9325c420bfba29a85685ae6a428/pyftdi-0.5.2.tar.gz (from https://pypi.org/simple/pyftdi/), version: 0.5.2
2026-04-17T16:15:34,551   Found link https://files.pythonhosted.org/packages/76/00/13608fa04fa9f4b004f503e7e1be4063616a360c1f0c8edd9af7e5e708ce/pyftdi-0.6.3.tar.gz (from https://pypi.org/simple/pyftdi/), version: 0.6.3
2026-04-17T16:15:34,551   Found link https://files.pythonhosted.org/packages/8f/16/949ec603497d1fd85f4cb8a111e03ef992421ffb2c6ee6703511c289571f/pyftdi-0.13.2.tar.gz (from https://pypi.org/simple/pyftdi/), version: 0.13.2
2026-04-17T16:15:34,551   Found link https://files.pythonhosted.org/packages/0d/84/b6999143d31af4881b17818581ce5f8f213b68aad64726d1336c4e5a84f3/pyftdi-0.13.4.tar.gz (from https://pypi.org/simple/pyftdi/), version: 0.13.4
2026-04-17T16:15:34,551   Found link https://files.pythonhosted.org/packages/c4/0f/f50caa40c99e80e417e4de81f8b625f18922b183cc7753753dd6bde058db/pyftdi-0.22.1.tar.gz (from https://pypi.org/simple/pyftdi/) (requires-python:>=3.5), version: 0.22.1
2026-04-17T16:15:34,551   Found link https://files.pythonhosted.org/packages/89/bf/7feb7676d943d773e287d9ee8920603342546685181e46d71f1a8c60b10d/pyftdi-0.25.0.tar.gz (from https://pypi.org/simple/pyftdi/) (requires-python:>=3.5), version: 0.25.0
2026-04-17T16:15:34,551   Found link https://files.pythonhosted.org/packages/35/93/e9d3258075f23580d2f67992cea84b502ce45c7eea42d695b0223a51a5c4/pyftdi-0.25.2.tar.gz (from https://pypi.org/simple/pyftdi/) (requires-python:>=3.5), version: 0.25.2
2026-04-17T16:15:34,551   Found link https://files.pythonhosted.org/packages/12/a4/5c4731fa3314073743b8189ef83273026de001c80e5a63a98fc52d676995/pyftdi-0.26.3.tar.gz (from https://pypi.org/simple/pyftdi/), version: 0.26.3
2026-04-17T16:15:34,551   Found link https://files.pythonhosted.org/packages/d0/8d/69965aee30e5d0693a12050b005727e4b5795b0f08bbd271d4f1a7ab6578/pyftdi-0.26.4.tar.gz (from https://pypi.org/simple/pyftdi/) (requires-python:>=3.5), version: 0.26.4
2026-04-17T16:15:34,551   Found link https://files.pythonhosted.org/packages/9a/8b/e9d39f25a1cfe62e8901efeacda2360db5e8f6d47465e4138e1c6486dab2/pyftdi-0.27.0.tar.gz (from https://pypi.org/simple/pyftdi/) (requires-python:>=3.5), version: 0.27.0
2026-04-17T16:15:34,551   Found link https://files.pythonhosted.org/packages/bd/af/d6170ea007b421ecb83f9c57e9850492045825b4bc12f8bbe96f4ecf0a01/pyftdi-0.28.0.tar.gz (from https://pypi.org/simple/pyftdi/), version: 0.28.0
2026-04-17T16:15:34,551   Found link https://files.pythonhosted.org/packages/31/4c/063de00522fcac03bf83e82f4796ee1075c97f9cb4db571750959363da24/pyftdi-0.28.2.tar.gz (from https://pypi.org/simple/pyftdi/) (requires-python:>=3.5), version: 0.28.2
2026-04-17T16:15:34,551   Found link https://files.pythonhosted.org/packages/d1/b3/499dad85fa85aaa64fea4e7afb29a11ed00ff19e1a182e8b63c14fd14e05/pyftdi-0.28.3.tar.gz (from https://pypi.org/simple/pyftdi/) (requires-python:>=3.5), version: 0.28.3
2026-04-17T16:15:34,552   Found link https://files.pythonhosted.org/packages/39/df/3b63fc0dd4f14e37429ec6a05396020652d80e008095650d7a5007882783/pyftdi-0.28.8.tar.gz (from https://pypi.org/simple/pyftdi/) (requires-python:>=3.5), version: 0.28.8
2026-04-17T16:15:34,552   Found link https://files.pythonhosted.org/packages/01/c8/396957ec7cf500b079418b8cd32c5d3487162416cf0950ce2afdd26be990/pyftdi-0.28.9.tar.gz (from https://pypi.org/simple/pyftdi/), version: 0.28.9
2026-04-17T16:15:34,552   Found link https://files.pythonhosted.org/packages/9b/9e/e89c8c40a03f0bce0e527f4ca6cc118dc8e6db90161dcf446e06ab32eb52/pyftdi-0.28.10.tar.gz (from https://pypi.org/simple/pyftdi/), version: 0.28.10
2026-04-17T16:15:34,552   Found link https://files.pythonhosted.org/packages/83/cb/e80219e9ba796630e135268be7ee0bd64d3065ad1b0bcb18b4227a5886a4/pyftdi-0.29.0.tar.gz (from https://pypi.org/simple/pyftdi/), version: 0.29.0
2026-04-17T16:15:34,552   Found link https://files.pythonhosted.org/packages/bb/82/ac5a2dcbbab65e2fe162c6222d8b565a7fcea72207ffa2cc759a67c39b7d/pyftdi-0.29.1.tar.gz (from https://pypi.org/simple/pyftdi/) (requires-python:>=3.5), version: 0.29.1
2026-04-17T16:15:34,552   Found link https://files.pythonhosted.org/packages/c1/5d/cbea286c5e774128180c14db9a9fce3cf3d2bbbc8afcc29a764344a41ee7/pyftdi-0.29.2.tar.gz (from https://pypi.org/simple/pyftdi/) (requires-python:>=3.5), version: 0.29.2
2026-04-17T16:15:34,552   Found link https://files.pythonhosted.org/packages/4b/9b/b2d2f16974a0b2622dbaa2f56501354800bc557ca4dbda2ed6e473be73f5/pyftdi-0.29.3.tar.gz (from https://pypi.org/simple/pyftdi/) (requires-python:>=3.5), version: 0.29.3
2026-04-17T16:15:34,552   Found link https://files.pythonhosted.org/packages/0f/08/bf1ab373dc8e10fc00e06f9a4d3105752960ae8873093d8d125beec7e96c/pyftdi-0.29.4.tar.gz (from https://pypi.org/simple/pyftdi/) (requires-python:>=3.5), version: 0.29.4
2026-04-17T16:15:34,552   Found link https://files.pythonhosted.org/packages/dc/6d/b0a18ec5382eb15e65fdc6ac60738549e2e2336bf9357f61ac5f402947fe/pyftdi-0.29.6.tar.gz (from https://pypi.org/simple/pyftdi/), version: 0.29.6
2026-04-17T16:15:34,552   Found link https://files.pythonhosted.org/packages/9a/44/ed6b11d6cf12a5312da6ff6b20d369b2c99d5fafb47b901fde534f05abc5/pyftdi-0.30.0.tar.gz (from https://pypi.org/simple/pyftdi/) (requires-python:>=3.5), version: 0.30.0
2026-04-17T16:15:34,552   Found link https://files.pythonhosted.org/packages/46/85/be91e97554afcaf44baa17c03b04a03973f6cddd1b7c6daf5317bcb50eb9/pyftdi-0.30.1.tar.gz (from https://pypi.org/simple/pyftdi/), version: 0.30.1
2026-04-17T16:15:34,552   Found link https://files.pythonhosted.org/packages/3d/4e/288a7bfe04b6c05f26d28e5fb32529abc53c97f59d6f74a9d88f9dcdfc5f/pyftdi-0.30.2.tar.gz (from https://pypi.org/simple/pyftdi/), version: 0.30.2
2026-04-17T16:15:34,552   Found link https://files.pythonhosted.org/packages/9e/75/370ac44845ecdb0d39c2ae3417c7ebc74a9fcae856e64601edb1d674058a/pyftdi-0.30.3.tar.gz (from https://pypi.org/simple/pyftdi/), version: 0.30.3
2026-04-17T16:15:34,552   Found link https://files.pythonhosted.org/packages/dd/be/c5137098efd167a6921bb5086ad4345ca3820350116e53c7dd5ba5d8ce9b/pyftdi-0.40.5.tar.gz (from https://pypi.org/simple/pyftdi/) (requires-python:>=3.5), version: 0.40.5
2026-04-17T16:15:34,552   Found link https://files.pythonhosted.org/packages/7c/d5/0cddabc5870d0a2ef2f29540ef88d648f8593b8bf61b3e8f035be1e91014/pyftdi-0.40.6.tar.gz (from https://pypi.org/simple/pyftdi/) (requires-python:>=3.5), version: 0.40.6
2026-04-17T16:15:34,552   Found link https://files.pythonhosted.org/packages/87/6c/2ee725c064b7ea8e94fe4fe18b312cf23d18424f27684bf7825b6756371b/pyftdi-0.42.0.macosx-10.14-x86_64.tar.gz (from https://pypi.org/simple/pyftdi/) (requires-python:>=3.5), version: 0.42.0.macosx-10.14-x86_64
2026-04-17T16:15:34,552   Found link https://files.pythonhosted.org/packages/e9/9f/6cecb794fd5a4f9f4026815e3138960aa8814634f2fa642a4c2eba980b46/pyftdi-0.42.2.tar.gz (from https://pypi.org/simple/pyftdi/) (requires-python:>=3.5), version: 0.42.2
2026-04-17T16:15:34,552   Found link https://files.pythonhosted.org/packages/f5/50/6b02ab971144636c3a52d9e04542056f771e283a9ca36adb9d1462e8916d/pyftdi-0.43.0.tar.gz (from https://pypi.org/simple/pyftdi/) (requires-python:>=3.5), version: 0.43.0
2026-04-17T16:15:34,552   Found link https://files.pythonhosted.org/packages/ac/86/bbb30c9f970b567eec38009f6be81eb3d7022e18f4faf3f4981fd4f69777/pyftdi-0.44.0.tar.gz (from https://pypi.org/simple/pyftdi/) (requires-python:>=3.5), version: 0.44.0
2026-04-17T16:15:34,552   Found link https://files.pythonhosted.org/packages/87/5a/e46edef2be45b45c0248823e929ce993845953210775f8d459d698f924c4/pyftdi-0.44.1.tar.gz (from https://pypi.org/simple/pyftdi/) (requires-python:>=3.5), version: 0.44.1
2026-04-17T16:15:34,552   Found link https://files.pythonhosted.org/packages/eb/2a/6c5c72782b610b325487a99fdf3a4ca4d3630fe48d8b49ff82f1ce8e65e3/pyftdi-0.44.2.tar.gz (from https://pypi.org/simple/pyftdi/) (requires-python:>=3.5), version: 0.44.2
2026-04-17T16:15:34,552   Found link https://files.pythonhosted.org/packages/7f/18/82888d91c4911328cf8e3ab678f04fd1f2be0983380a98e7f341e5f8d72b/pyftdi-0.47.2-py36-none-any.whl (from https://pypi.org/simple/pyftdi/) (requires-python:>=3.5), version: 0.47.2
2026-04-17T16:15:34,552   Found link https://files.pythonhosted.org/packages/e9/76/c6c8a823312bff0e2e1ade8605d5e1c9100d91b1b386067e829a510a06bb/pyftdi-0.47.2.tar.gz (from https://pypi.org/simple/pyftdi/) (requires-python:>=3.5), version: 0.47.2
2026-04-17T16:15:34,552   Found link https://files.pythonhosted.org/packages/77/b7/9e23c83d4883b5d0e5d28e86ed950692a2cbb84a39cb969207faee3ae082/pyftdi-0.48.2-py36-none-any.whl (from https://pypi.org/simple/pyftdi/) (requires-python:>=3.5), version: 0.48.2
2026-04-17T16:15:34,552   Found link https://files.pythonhosted.org/packages/d2/41/979881e7bbf64715666e11c25f176e0476533c5384e684e6bbb2eda5e316/pyftdi-0.48.2.tar.gz (from https://pypi.org/simple/pyftdi/) (requires-python:>=3.5), version: 0.48.2
2026-04-17T16:15:34,552   Found link https://files.pythonhosted.org/packages/51/65/060578507f58ed65f4cfe1c2263ed4fac9fa971c1588b122942e8e830a7a/pyftdi-0.48.3-py36-none-any.whl (from https://pypi.org/simple/pyftdi/) (requires-python:>=3.5), version: 0.48.3
2026-04-17T16:15:34,553   Found link https://files.pythonhosted.org/packages/62/11/030c749f9af944e57fc44090d9d2f8e6928e65241091f2037e633866200a/pyftdi-0.48.3.tar.gz (from https://pypi.org/simple/pyftdi/) (requires-python:>=3.5), version: 0.48.3
2026-04-17T16:15:34,553   Found link https://files.pythonhosted.org/packages/ee/7c/7b6c705b60159806c073e5539a233813f10b1c0c9a11a824b1a27ddddaad/pyftdi-0.50.0-py36-none-any.whl (from https://pypi.org/simple/pyftdi/) (requires-python:>=3.5), version: 0.50.0
2026-04-17T16:15:34,553   Found link https://files.pythonhosted.org/packages/cf/bf/ba4b9fe3d7011c65b5bce06a78181c1b9f97ee14c5a2d69b8311a15becab/pyftdi-0.50.0.tar.gz (from https://pypi.org/simple/pyftdi/) (requires-python:>=3.5), version: 0.50.0
2026-04-17T16:15:34,553   Found link https://files.pythonhosted.org/packages/59/f8/0b2df332ff5e6bcd5ab1e3456c2d831f8d31e8f915f57c1f8941ab0cae5d/pyftdi-0.50.1-py3-none-any.whl (from https://pypi.org/simple/pyftdi/) (requires-python:>=3.5), version: 0.50.1
2026-04-17T16:15:34,553   Found link https://files.pythonhosted.org/packages/5a/aa/b491e87a9b41f272aba440c649c4a23bc99552dfd355c681681a8e328dd3/pyftdi-0.50.1.tar.gz (from https://pypi.org/simple/pyftdi/) (requires-python:>=3.5), version: 0.50.1
2026-04-17T16:15:34,553   Found link https://files.pythonhosted.org/packages/df/d0/6907d46ef02d31a780956bc97a7516df0e8c624d8be68e92286f713b6059/pyftdi-0.50.2-py3-none-any.whl (from https://pypi.org/simple/pyftdi/) (requires-python:>=3.5), version: 0.50.2
2026-04-17T16:15:34,553   Found link https://files.pythonhosted.org/packages/2d/5d/50209b73ad369985233818d69c5a4a187a47cc2880eeb043cebe07b976c9/pyftdi-0.50.2.tar.gz (from https://pypi.org/simple/pyftdi/) (requires-python:>=3.5), version: 0.50.2
2026-04-17T16:15:34,553   Found link https://files.pythonhosted.org/packages/53/78/ca842f384bff4379e3d571363512750fc0d33329f4fa055e43ee938c229d/pyftdi-0.51.0-py3-none-any.whl (from https://pypi.org/simple/pyftdi/) (requires-python:>=3.5), version: 0.51.0
2026-04-17T16:15:34,553   Found link https://files.pythonhosted.org/packages/8c/69/b4b2a8d3f884df635304e57cd6a8efbcefdf35dc452e4542dcfcefd1a4da/pyftdi-0.51.0.tar.gz (from https://pypi.org/simple/pyftdi/) (requires-python:>=3.5), version: 0.51.0
2026-04-17T16:15:34,553   Found link https://files.pythonhosted.org/packages/80/9e/0893cd66e60946b881651012bbbb673a6bac1ceddf71d196fa17fb09dffa/pyftdi-0.51.2-py3-none-any.whl (from https://pypi.org/simple/pyftdi/) (requires-python:>=3.5), version: 0.51.2
2026-04-17T16:15:34,553   Found link https://files.pythonhosted.org/packages/64/14/f502462dfd8045884a03eb3920d49f359cdaf38d97d367469bf84c0847ad/pyftdi-0.51.2.tar.gz (from https://pypi.org/simple/pyftdi/) (requires-python:>=3.5), version: 0.51.2
2026-04-17T16:15:34,553   Found link https://files.pythonhosted.org/packages/b8/d4/5f8215300b1c8849ae3b614a3126edd6f940571f1ce24c175b6ccad8c3df/pyftdi-0.52.0-py3-none-any.whl (from https://pypi.org/simple/pyftdi/) (requires-python:>=3.5), version: 0.52.0
2026-04-17T16:15:34,553   Found link https://files.pythonhosted.org/packages/46/9d/78ef718e9616759fa249ba8e379d88014bd8e352beceb567042403b2be54/pyftdi-0.52.0.tar.gz (from https://pypi.org/simple/pyftdi/) (requires-python:>=3.5), version: 0.52.0
2026-04-17T16:15:34,553   Found link https://files.pythonhosted.org/packages/f3/95/8f6fe08d1f361c16f8ce384f85ea3b86739053c285b5db90dcc3c9d101d4/pyftdi-0.52.9-py3-none-any.whl (from https://pypi.org/simple/pyftdi/) (requires-python:>=3.5), version: 0.52.9
2026-04-17T16:15:34,553   Found link https://files.pythonhosted.org/packages/d1/75/6b70cd1d07767a093dccef5586aebb7ed72a3af89aa25b7d2d7f54caed50/pyftdi-0.52.9.tar.gz (from https://pypi.org/simple/pyftdi/) (requires-python:>=3.5), version: 0.52.9
2026-04-17T16:15:34,553   Found link https://files.pythonhosted.org/packages/48/88/6fce2fb9764ce74263c0c476f7b7e0aa5f69c094c2e2c786df1597fb5b96/pyftdi-0.53.0-py3-none-any.whl (from https://pypi.org/simple/pyftdi/) (requires-python:>=3.6), version: 0.53.0
2026-04-17T16:15:34,553   Found link https://files.pythonhosted.org/packages/ee/f6/b09e6fd40baf7adbc2d71ef2d98169437383cb59d8ea918427068cc1fb2a/pyftdi-0.53.0.tar.gz (from https://pypi.org/simple/pyftdi/) (requires-python:>=3.6), version: 0.53.0
2026-04-17T16:15:34,553   Found link https://files.pythonhosted.org/packages/7f/f0/d1eccc82e727e6fa332529ea5a59e9158a4f906b9cd0c990ca580cdafed1/pyftdi-0.53.1-py3-none-any.whl (from https://pypi.org/simple/pyftdi/) (requires-python:>=3.6), version: 0.53.1
2026-04-17T16:15:34,553   Found link https://files.pythonhosted.org/packages/e7/6a/dcb177e814a1d2fb26c1e229b497e3ac153b17823a84f7b747e6399a9c1a/pyftdi-0.53.1.tar.gz (from https://pypi.org/simple/pyftdi/) (requires-python:>=3.6), version: 0.53.1
2026-04-17T16:15:34,553   Found link https://files.pythonhosted.org/packages/db/d4/2aa53587bca47757351093656b3137dbcea68349ae993a459d8d7d30fc87/pyftdi-0.53.2-py3-none-any.whl (from https://pypi.org/simple/pyftdi/) (requires-python:>=3.6), version: 0.53.2
2026-04-17T16:15:34,553   Found link https://files.pythonhosted.org/packages/12/92/52d3dcf17f3cd59acbb15fa55c6cc935404e17fd1b58bedf461399099d09/pyftdi-0.53.2.tar.gz (from https://pypi.org/simple/pyftdi/) (requires-python:>=3.6), version: 0.53.2
2026-04-17T16:15:34,553   Found link https://files.pythonhosted.org/packages/e8/42/74fe01fe7533a58808b9f2a9a112b22ee39849c3ac3526f4f6e16ef56fb4/pyftdi-0.53.3-py3-none-any.whl (from https://pypi.org/simple/pyftdi/) (requires-python:>=3.6), version: 0.53.3
2026-04-17T16:15:34,554   Found link https://files.pythonhosted.org/packages/22/d7/9398c699e355f0aaab6b5e0a02dab9f15c2c73913647fb74425c89bddbd5/pyftdi-0.53.3.tar.gz (from https://pypi.org/simple/pyftdi/) (requires-python:>=3.6), version: 0.53.3
2026-04-17T16:15:34,554   Found link https://files.pythonhosted.org/packages/17/ce/a97811c3e7e2d5a9520b88801dcc70ac1b553ed31b9819b2fce14ffa9aa3/pyftdi-0.54.0-py3-none-any.whl (from https://pypi.org/simple/pyftdi/) (requires-python:>=3.7), version: 0.54.0
2026-04-17T16:15:34,554   Found link https://files.pythonhosted.org/packages/49/a3/6cd09c0493662b285b2ba87a08b1378a5b13e5cab44eb6a3f740c801c804/pyftdi-0.54.0.tar.gz (from https://pypi.org/simple/pyftdi/) (requires-python:>=3.7), version: 0.54.0
2026-04-17T16:15:34,554   Found link https://files.pythonhosted.org/packages/10/d0/ec7b1a4364b6b68952b6925841ef1b5ee2a4df75e27d9fd2527492cd7370/pyftdi-0.55.0-py3-none-any.whl (from https://pypi.org/simple/pyftdi/) (requires-python:>=3.8), version: 0.55.0
2026-04-17T16:15:34,554   Found link https://files.pythonhosted.org/packages/da/db/b900789a154e32dba50f132a2a76837331801f8b521b7e1bcbb852b01a35/pyftdi-0.55.0.tar.gz (from https://pypi.org/simple/pyftdi/) (requires-python:>=3.8), version: 0.55.0
2026-04-17T16:15:34,554   Found link https://files.pythonhosted.org/packages/84/79/53d0df7874a77552cef85c143b093cdc31a18af01f1e54ee3ef8aeccfa71/pyftdi-0.55.3-py3-none-any.whl (from https://pypi.org/simple/pyftdi/) (requires-python:>=3.8), version: 0.55.3
2026-04-17T16:15:34,554   Found link https://files.pythonhosted.org/packages/ff/9b/7aa3be5431bf7ddc7e5eda2f9e3f5b603df2d8d1cf36d6d330d79ebaadfe/pyftdi-0.55.3.tar.gz (from https://pypi.org/simple/pyftdi/) (requires-python:>=3.8), version: 0.55.3
2026-04-17T16:15:34,554   Found link https://files.pythonhosted.org/packages/03/ef/1d6dd88ec0a3e6741f0b1f7561b30d6715ecbf3bae7b2777e74439f3fff3/pyftdi-0.55.4-py3-none-any.whl (from https://pypi.org/simple/pyftdi/) (requires-python:>=3.8), version: 0.55.4
2026-04-17T16:15:34,554   Found link https://files.pythonhosted.org/packages/8f/b4/8578b8e4c1e69faa8297cb1e1fd0c86de03bb7eeb3e7cb63157e1e72abfb/pyftdi-0.55.4.tar.gz (from https://pypi.org/simple/pyftdi/) (requires-python:>=3.8), version: 0.55.4
2026-04-17T16:15:34,554   Found link https://files.pythonhosted.org/packages/5a/96/a8de7b7e5556d4b00d1ca1969fc34c89a1b6d177876c7a31d42631b090fc/pyftdi-0.56.0-py3-none-any.whl (from https://pypi.org/simple/pyftdi/) (requires-python:>=3.9), version: 0.56.0
2026-04-17T16:15:34,554   Found link https://files.pythonhosted.org/packages/a2/70/c35f25b85b56ee2fb8b14364cd5c82c36b88413b28cc36f18fe5296c1268/pyftdi-0.57.0-py3-none-any.whl (from https://pypi.org/simple/pyftdi/) (requires-python:>=3.9), version: 0.57.0
2026-04-17T16:15:34,554   Found link https://files.pythonhosted.org/packages/16/cd/0731490946e037e954ef83719f07c7672cf32bc90dd9c75201c40b827664/pyftdi-0.57.1-py3-none-any.whl (from https://pypi.org/simple/pyftdi/) (requires-python:>=3.9), version: 0.57.1
2026-04-17T16:15:34,554 Fetching project page and analyzing links: https://www.piwheels.org/simple/pyftdi/
2026-04-17T16:15:34,554 Getting page https://www.piwheels.org/simple/pyftdi/
2026-04-17T16:15:34,555 Found index url https://www.piwheels.org/simple/
2026-04-17T16:15:34,555 Looking up "https://www.piwheels.org/simple/pyftdi/" in the cache
2026-04-17T16:15:34,555 Request header has "max_age" as 0, cache bypassed
2026-04-17T16:15:34,754 https://www.piwheels.org:443 "GET /simple/pyftdi/ HTTP/1.1" 200 2789
2026-04-17T16:15:34,755 Updating cache with response from "https://www.piwheels.org/simple/pyftdi/"
2026-04-17T16:15:34,755 etag object cached for 1209600 seconds
2026-04-17T16:15:34,755 Caching due to etag
2026-04-17T16:15:34,765 Fetched page https://www.piwheels.org/simple/pyftdi/ as text/html
2026-04-17T16:15:34,767   Found link https://www.piwheels.org/simple/pyftdi/pyftdi-0.55.4-py3-none-any.whl#sha256=24dfadb6cff83e804f3a68a57d21c58e761fb79b402e6756638588bd2cb36a63 (from https://www.piwheels.org/simple/pyftdi/) (requires-python:>=3.8), version: 0.55.4
2026-04-17T16:15:34,767   Found link https://archive1.piwheels.org/simple/pyftdi/pyftdi-0.55.3-py3-none-any.whl#sha256=b1d35b4f179ec9ee990a72479bb2d839dbb27a7dd909118d22577b2285dba9d9 (from https://www.piwheels.org/simple/pyftdi/) (requires-python:>=3.8), version: 0.55.3
2026-04-17T16:15:34,767   Found link https://www.piwheels.org/simple/pyftdi/pyftdi-0.55.0-py3-none-any.whl#sha256=662770e70b3c26dd8832a63adc660836f6557808005dd2735182f0c5a6aaa449 (from https://www.piwheels.org/simple/pyftdi/) (requires-python:>=3.8), version: 0.55.0
2026-04-17T16:15:34,767   Found link https://www.piwheels.org/simple/pyftdi/pyftdi-0.54.0-py3-none-any.whl#sha256=f5060dd8df3cbf30c47237ad89db61680c70385aff52c00bc90826107430f330 (from https://www.piwheels.org/simple/pyftdi/) (requires-python:>=3.7), version: 0.54.0
2026-04-17T16:15:34,767   Found link https://archive1.piwheels.org/simple/pyftdi/pyftdi-0.53.3-py3-none-any.whl#sha256=600971d906f89d42f5eb7a3fc0cac71f18654cd374eee6db2e811382128d9a59 (from https://www.piwheels.org/simple/pyftdi/) (requires-python:>=3.6), version: 0.53.3
2026-04-17T16:15:34,767   Found link https://archive1.piwheels.org/simple/pyftdi/pyftdi-0.53.2-py3-none-any.whl#sha256=5ba6de65bfc7f9ac9ace145d0a3b5f6f24778a405876bd96a4e361437cc4ce77 (from https://www.piwheels.org/simple/pyftdi/) (requires-python:>=3.6), version: 0.53.2
2026-04-17T16:15:34,767   Found link https://archive1.piwheels.org/simple/pyftdi/pyftdi-0.53.1-py3-none-any.whl#sha256=64d3970e82e03fbbbceb075428306a1f3e7e88743a8fc6c9e12fdcbeb8af87f0 (from https://www.piwheels.org/simple/pyftdi/) (requires-python:>=3.6), version: 0.53.1
2026-04-17T16:15:34,767   Found link https://archive1.piwheels.org/simple/pyftdi/pyftdi-0.53.0-py3-none-any.whl#sha256=2da554ee8b61a0443c9b39113a15d31b98dbaccb04aa6bb03d17a3d206cc7a70 (from https://www.piwheels.org/simple/pyftdi/) (requires-python:>=3.6), version: 0.53.0
2026-04-17T16:15:34,767   Found link https://archive1.piwheels.org/simple/pyftdi/pyftdi-0.52.9-py3-none-any.whl#sha256=e8123dc3663ff3ac89eac962774e755b611e7f7202e9e36f6b6eb915fedc53f1 (from https://www.piwheels.org/simple/pyftdi/) (requires-python:>=3.5), version: 0.52.9
2026-04-17T16:15:34,767   Found link https://archive1.piwheels.org/simple/pyftdi/pyftdi-0.52.0-py3-none-any.whl#sha256=f26d61fe14a3d089ea7700e774501c52ce3312f3522763a407cd33988124bd5e (from https://www.piwheels.org/simple/pyftdi/) (requires-python:>=3.5), version: 0.52.0
2026-04-17T16:15:34,767   Found link https://archive1.piwheels.org/simple/pyftdi/pyftdi-0.51.2-py3-none-any.whl#sha256=6cacb8fe28491ee6d00b8d45e18f73ea539b31bcd785f5d8c80a60322297c007 (from https://www.piwheels.org/simple/pyftdi/) (requires-python:>=3.5), version: 0.51.2
2026-04-17T16:15:34,767   Found link https://archive1.piwheels.org/simple/pyftdi/pyftdi-0.51.0-py3-none-any.whl#sha256=f97e2f4649e3be5b3669d586fd9ced806980e86b9630dfc92a0aa06205da70a1 (from https://www.piwheels.org/simple/pyftdi/) (requires-python:>=3.5), version: 0.51.0
2026-04-17T16:15:34,767   Found link https://archive1.piwheels.org/simple/pyftdi/pyftdi-0.50.2-py3-none-any.whl#sha256=b5fed2348db2b342218d1d6f789c692732ba7570fccafe0b56de0a31a2efb526 (from https://www.piwheels.org/simple/pyftdi/) (requires-python:>=3.5), version: 0.50.2
2026-04-17T16:15:34,767   Found link https://archive1.piwheels.org/simple/pyftdi/pyftdi-0.50.1-py3-none-any.whl#sha256=a5e324c71abd4df223dfe7d084b7bf0f2aea682eacdcc5745227dde0923b43ec (from https://www.piwheels.org/simple/pyftdi/) (requires-python:>=3.5), version: 0.50.1
2026-04-17T16:15:34,768   Found link https://archive1.piwheels.org/simple/pyftdi/pyftdi-0.50.0-py36-none-any.whl#sha256=63e0f39f02169fe6b6e81c31f307022b6362a8365705c1ee000feb91e2fdc077 (from https://www.piwheels.org/simple/pyftdi/) (requires-python:>=3.5), version: 0.50.0
2026-04-17T16:15:34,768   Found link https://archive1.piwheels.org/simple/pyftdi/pyftdi-0.48.3-py36-none-any.whl#sha256=a98e683b7e3569814524a4bdd723e8b239072da30366071a9266ab80083f2135 (from https://www.piwheels.org/simple/pyftdi/) (requires-python:>=3.5), version: 0.48.3
2026-04-17T16:15:34,768   Found link https://archive1.piwheels.org/simple/pyftdi/pyftdi-0.48.2-py36-none-any.whl#sha256=d477d04439d8fba551bf34f5dce34180e9bee732c3d27c71267cf7f4c5d8e5a7 (from https://www.piwheels.org/simple/pyftdi/) (requires-python:>=3.5), version: 0.48.2
2026-04-17T16:15:34,768   Found link https://archive1.piwheels.org/simple/pyftdi/pyftdi-0.47.2-py36-none-any.whl#sha256=94f6ac05a6486177976f84c92f75ac8fb5defe55e14858603d98a368c06d351f (from https://www.piwheels.org/simple/pyftdi/) (requires-python:>=3.5), version: 0.47.2
2026-04-17T16:15:34,768   Found link https://archive1.piwheels.org/simple/pyftdi/pyftdi-0.44.2-py35-none-any.whl#sha256=d2e8abe36fa5baeef65ad884db88f2c2bcc5afccb066f10db20408f49549e6b9 (from https://www.piwheels.org/simple/pyftdi/) (requires-python:>=3.5), version: 0.44.2
2026-04-17T16:15:34,768   Found link https://archive1.piwheels.org/simple/pyftdi/pyftdi-0.44.1-py35-none-any.whl#sha256=d26445aebef8c60d09c69de8fffd7df86d9de0e9815330747e8da2e870d7f4a7 (from https://www.piwheels.org/simple/pyftdi/) (requires-python:>=3.5), version: 0.44.1
2026-04-17T16:15:34,768   Found link https://archive1.piwheels.org/simple/pyftdi/pyftdi-0.44.0-py35-none-any.whl#sha256=9a50ab36452de97a1181bd4351b92dc0120290853c309521a99f3c1796da75c8 (from https://www.piwheels.org/simple/pyftdi/) (requires-python:>=3.5), version: 0.44.0
2026-04-17T16:15:34,768   Found link https://archive1.piwheels.org/simple/pyftdi/pyftdi-0.43.0-py35-none-any.whl#sha256=4a2ad3df21440d164b45838323978dad9206d2f7d29d05337a21124275bbae3e (from https://www.piwheels.org/simple/pyftdi/) (requires-python:>=3.5), version: 0.43.0
2026-04-17T16:15:34,768   Found link https://www.piwheels.org/simple/pyftdi/pyftdi-0.42.2-py35-none-any.whl#sha256=60abfc63a215778f841f74e39dd6c9ad80f72ab61f9f305ba816243ff637888e (from https://www.piwheels.org/simple/pyftdi/) (requires-python:>=3.5), version: 0.42.2
2026-04-17T16:15:34,768   Found link https://archive1.piwheels.org/simple/pyftdi/pyftdi-0.40.6-py35-none-any.whl#sha256=45125e7cde061915e42b6addf6fd2ae0ccb348acb7b85adff69ef7e871b30784 (from https://www.piwheels.org/simple/pyftdi/) (requires-python:>=3.5), version: 0.40.6
2026-04-17T16:15:34,768   Found link https://archive1.piwheels.org/simple/pyftdi/pyftdi-0.40.5-py35-none-any.whl#sha256=f6a21c75923e4ec75347c191e080794b420f509739adaddabf0c08c5ab15c36c (from https://www.piwheels.org/simple/pyftdi/) (requires-python:>=3.5), version: 0.40.5
2026-04-17T16:15:34,768   Found link https://archive1.piwheels.org/simple/pyftdi/pyftdi-0.30.3-py35-none-any.whl#sha256=8f99a47d67089079c50f1f9c2f7778423a4c3708af15261e637ca0b1dee8ad15 (from https://www.piwheels.org/simple/pyftdi/) (requires-python:>=3.5), version: 0.30.3
2026-04-17T16:15:34,768   Found link https://archive1.piwheels.org/simple/pyftdi/pyftdi-0.30.2-py35-none-any.whl#sha256=8cfc65603f7c339a215a90d313e08e96c214d87116eba3e261f1abd05ced198e (from https://www.piwheels.org/simple/pyftdi/) (requires-python:>=3.5), version: 0.30.2
2026-04-17T16:15:34,768   Found link https://archive1.piwheels.org/simple/pyftdi/pyftdi-0.30.1-py35-none-any.whl#sha256=34f237d29456e87c4216c034c57043362341f3b6efd7b545a8fc94f21920be2b (from https://www.piwheels.org/simple/pyftdi/) (requires-python:>=3.5), version: 0.30.1
2026-04-17T16:15:34,768   Found link https://archive1.piwheels.org/simple/pyftdi/pyftdi-0.30.0-py35-none-any.whl#sha256=b98b11b0971365131cbecfea65549934e63ec0499effac96a73ce3601f46a130 (from https://www.piwheels.org/simple/pyftdi/) (requires-python:>=3.5), version: 0.30.0
2026-04-17T16:15:34,768   Found link https://archive1.piwheels.org/simple/pyftdi/pyftdi-0.29.6-py35-none-any.whl#sha256=cdbcb47558b39ead982508adee1eceef747f0e118346cfd95045e956eb5d3195 (from https://www.piwheels.org/simple/pyftdi/) (requires-python:>=3.5), version: 0.29.6
2026-04-17T16:15:34,768   Found link https://archive1.piwheels.org/simple/pyftdi/pyftdi-0.29.4-py35-none-any.whl#sha256=23cb64c283c27a4e74a64cf82e1220a72d6f0d3a8e0968a61b74100c223cffa0 (from https://www.piwheels.org/simple/pyftdi/) (requires-python:>=3.5), version: 0.29.4
2026-04-17T16:15:34,768   Found link https://archive1.piwheels.org/simple/pyftdi/pyftdi-0.29.3-py35-none-any.whl#sha256=c26a429e6c29edb44c6ac9e9e9ce9533fd88b6197e5bc7c7b88fa5e5a7943e3a (from https://www.piwheels.org/simple/pyftdi/) (requires-python:>=3.5), version: 0.29.3
2026-04-17T16:15:34,768   Found link https://archive1.piwheels.org/simple/pyftdi/pyftdi-0.29.2-py35-none-any.whl#sha256=f4d11ef8071bf43562eed73b77d46fba7b80e2712bf74367c71ad27dc01b39a3 (from https://www.piwheels.org/simple/pyftdi/) (requires-python:>=3.5), version: 0.29.2
2026-04-17T16:15:34,768   Found link https://archive1.piwheels.org/simple/pyftdi/pyftdi-0.29.1-py35-none-any.whl#sha256=c495e6bc1b47b8eb9dbb2a83a435a6c3ef49a1456561e9c3c3685770eeb20d6f (from https://www.piwheels.org/simple/pyftdi/) (requires-python:>=3.5), version: 0.29.1
2026-04-17T16:15:34,768   Found link https://archive1.piwheels.org/simple/pyftdi/pyftdi-0.29.0-py35-none-any.whl#sha256=69a0f3da77d96e814224c0b4d7f3d65404c98a981247309a0537cc8366c1826b (from https://www.piwheels.org/simple/pyftdi/) (requires-python:>=3.5), version: 0.29.0
2026-04-17T16:15:34,769   Found link https://archive1.piwheels.org/simple/pyftdi/pyftdi-0.28.10-py35-none-any.whl#sha256=f93f78079f843ac3548a1042fe64e7b94c2bcc4a4b622f58f5a7152f3e7a4a38 (from https://www.piwheels.org/simple/pyftdi/) (requires-python:>=3.5), version: 0.28.10
2026-04-17T16:15:34,769   Found link https://archive1.piwheels.org/simple/pyftdi/pyftdi-0.28.9-py35-none-any.whl#sha256=b9f65185fef835c265e17a11cd5ebbd73f84ac75ce5602d7d98d1bbd2cc78863 (from https://www.piwheels.org/simple/pyftdi/) (requires-python:>=3.5), version: 0.28.9
2026-04-17T16:15:34,769   Found link https://archive1.piwheels.org/simple/pyftdi/pyftdi-0.28.8-py35-none-any.whl#sha256=97274473f84f4b158ade563181b6d250b9255495acfe7c4a586bbb6ea2492521 (from https://www.piwheels.org/simple/pyftdi/) (requires-python:>=3.5), version: 0.28.8
2026-04-17T16:15:34,769   Found link https://archive1.piwheels.org/simple/pyftdi/pyftdi-0.28.3-py35-none-any.whl#sha256=b67aa899ebee228d3d23ab936d8061c7ca7e6cdb00340db33cea253803485fe5 (from https://www.piwheels.org/simple/pyftdi/) (requires-python:>=3.5), version: 0.28.3
2026-04-17T16:15:34,769   Found link https://archive1.piwheels.org/simple/pyftdi/pyftdi-0.28.2-py35-none-any.whl#sha256=d1b0b00602ceb6ecfd80159f6cf0fa54ad21363e804ee206d0968637aa0af70b (from https://www.piwheels.org/simple/pyftdi/) (requires-python:>=3.5), version: 0.28.2
2026-04-17T16:15:34,769   Found link https://archive1.piwheels.org/simple/pyftdi/pyftdi-0.28.0-py35-none-any.whl#sha256=5312b5e25bd13a8509c3308fe89611942819a1c759f0efe580df70997762c7e3 (from https://www.piwheels.org/simple/pyftdi/) (requires-python:>=3.5), version: 0.28.0
2026-04-17T16:15:34,769   Found link https://archive1.piwheels.org/simple/pyftdi/pyftdi-0.27.0-py35-none-any.whl#sha256=3a144a19bd69bb1d5792dfe05da2c4262414c6105251be5186559731f7b40895 (from https://www.piwheels.org/simple/pyftdi/) (requires-python:>=3.5), version: 0.27.0
2026-04-17T16:15:34,769   Found link https://archive1.piwheels.org/simple/pyftdi/pyftdi-0.26.4-py35-none-any.whl#sha256=8bf9496f71a4cd3c545a77c85a4c2e530713711b0c2a47636d1ba5f99d778469 (from https://www.piwheels.org/simple/pyftdi/) (requires-python:>=3.5), version: 0.26.4
2026-04-17T16:15:34,769   Found link https://archive1.piwheels.org/simple/pyftdi/pyftdi-0.26.3-py35-none-any.whl#sha256=142a2e2ec7306c7d1ae82b98637a872a8dec3ebe1cc52ee783e1aa50c9b9d4f1 (from https://www.piwheels.org/simple/pyftdi/) (requires-python:>=3.5), version: 0.26.3
2026-04-17T16:15:34,769   Found link https://archive1.piwheels.org/simple/pyftdi/pyftdi-0.25.2-py35-none-any.whl#sha256=82ffd2c9208630cacacf09b3c1a4e03852c7fc12429cd95225f5a674ad3822fa (from https://www.piwheels.org/simple/pyftdi/) (requires-python:>=3.5), version: 0.25.2
2026-04-17T16:15:34,769   Found link https://archive1.piwheels.org/simple/pyftdi/pyftdi-0.25.0-py35-none-any.whl#sha256=2e5914d99e9a3ec834f65f87263aecae51a34c11bf21aadbfa1c19229b9fb77d (from https://www.piwheels.org/simple/pyftdi/) (requires-python:>=3.5), version: 0.25.0
2026-04-17T16:15:34,769   Found link https://archive1.piwheels.org/simple/pyftdi/pyftdi-0.22.1-py35-none-any.whl#sha256=749aa01e8ef0a1e780fe9dc05ba5f625a187ece7f8a7328e880edb0e4176dd22 (from https://www.piwheels.org/simple/pyftdi/) (requires-python:>=3.5), version: 0.22.1
2026-04-17T16:15:34,769   Found link https://archive1.piwheels.org/simple/pyftdi/pyftdi-0.13.4-py3-none-any.whl#sha256=ceddcd76f2f2d28ed520b3c4bcd20b2323c1f4eba32b1b3d3642172c8d8dbe86 (from https://www.piwheels.org/simple/pyftdi/), version: 0.13.4
2026-04-17T16:15:34,770   Found link https://archive1.piwheels.org/simple/pyftdi/pyftdi-0.13.2-py3-none-any.whl#sha256=c30457965ca589f1f26732396c9697f0854a97ea57ef336c45ee87f390138664 (from https://www.piwheels.org/simple/pyftdi/), version: 0.13.2
2026-04-17T16:15:34,770   Found link https://archive1.piwheels.org/simple/pyftdi/pyftdi-0.6.3-py3-none-any.whl#sha256=1505ad2a7db837fe07dca64dfdca85a4a2df48aeb75e05b9c72d910a8bfbd70a (from https://www.piwheels.org/simple/pyftdi/), version: 0.6.3
2026-04-17T16:15:34,770   Found link https://archive1.piwheels.org/simple/pyftdi/pyftdi-0.5.2-py3-none-any.whl#sha256=b5e2afcd667b3200a80b29e834702eaecbfe4142d163563ff3bda6c88bc932fb (from https://www.piwheels.org/simple/pyftdi/), version: 0.5.2
2026-04-17T16:15:34,770   Found link https://archive1.piwheels.org/simple/pyftdi/pyftdi-0.5.1-py3-none-any.whl#sha256=55fbdca9317f276e775fa8c323ecb2c75f92bcb07cd789da7249a8841516c541 (from https://www.piwheels.org/simple/pyftdi/), version: 0.5.1
2026-04-17T16:15:34,770 Skipping link: not a file: https://www.piwheels.org/simple/pyftdi/
2026-04-17T16:15:34,770 Skipping link: not a file: https://pypi.org/simple/pyftdi/
2026-04-17T16:15:34,770 Given no hashes to check 71 links for project 'pyftdi': discarding no candidates
2026-04-17T16:15:34,773 Collecting pyftdi>=0.40.0 (from adafruit-blinka)
2026-04-17T16:15:34,773   Obtaining dependency information for pyftdi>=0.40.0 from https://files.pythonhosted.org/packages/16/cd/0731490946e037e954ef83719f07c7672cf32bc90dd9c75201c40b827664/pyftdi-0.57.1-py3-none-any.whl.metadata
2026-04-17T16:15:34,773   Created temporary directory: /tmp/pip-unpack-fj8p7hm7
2026-04-17T16:15:34,774   Looking up "https://files.pythonhosted.org/packages/16/cd/0731490946e037e954ef83719f07c7672cf32bc90dd9c75201c40b827664/pyftdi-0.57.1-py3-none-any.whl.metadata" in the cache
2026-04-17T16:15:34,775   Current age based on date: 6139087
2026-04-17T16:15:34,775   Ignoring unknown cache-control directive: immutable
2026-04-17T16:15:34,775   Freshness lifetime from max-age: 365000000
2026-04-17T16:15:34,775   The response is "fresh", returning cached response
2026-04-17T16:15:34,775   365000000 > 6139087
2026-04-17T16:15:34,776   Using cached pyftdi-0.57.1-py3-none-any.whl.metadata (3.5 kB)
2026-04-17T16:15:34,776   Created temporary directory: /tmp/pip-metadata-miivlxsp
2026-04-17T16:15:34,778 2 location(s) to search for versions of adafruit-circuitpython-typing:
2026-04-17T16:15:34,778 * https://pypi.org/simple/adafruit-circuitpython-typing/
2026-04-17T16:15:34,778 * https://www.piwheels.org/simple/adafruit-circuitpython-typing/
2026-04-17T16:15:34,778 Fetching project page and analyzing links: https://pypi.org/simple/adafruit-circuitpython-typing/
2026-04-17T16:15:34,778 Getting page https://pypi.org/simple/adafruit-circuitpython-typing/
2026-04-17T16:15:34,779 Found index url https://pypi.org/simple/
2026-04-17T16:15:34,779 Looking up "https://pypi.org/simple/adafruit-circuitpython-typing/" in the cache
2026-04-17T16:15:34,779 Request header has "max_age" as 0, cache bypassed
2026-04-17T16:15:34,828 https://pypi.org:443 "GET /simple/adafruit-circuitpython-typing/ HTTP/1.1" 304 0
2026-04-17T16:15:34,835 Fetched page https://pypi.org/simple/adafruit-circuitpython-typing/ as application/vnd.pypi.simple.v1+json
2026-04-17T16:15:34,836   Found link https://files.pythonhosted.org/packages/88/15/fd21032233fae87de43e538e131d884200a3e15fa41ea0d5e1f03ef9a867/adafruit-circuitpython-typing-1.0.0.tar.gz (from https://pypi.org/simple/adafruit-circuitpython-typing/), version: 1.0.0
2026-04-17T16:15:34,836   Found link https://files.pythonhosted.org/packages/36/47/d7fedd93240b59414992956cd5b8c5de1c2f1e9339c9d54d1ce5e5c87436/adafruit-circuitpython-typing-1.1.0.tar.gz (from https://pypi.org/simple/adafruit-circuitpython-typing/), version: 1.1.0
2026-04-17T16:15:34,836   Found link https://files.pythonhosted.org/packages/a2/6a/c260419ba573dcffb5d3852977e45af9e842172891e54792cc55e13b67bf/adafruit-circuitpython-typing-1.1.1.tar.gz (from https://pypi.org/simple/adafruit-circuitpython-typing/), version: 1.1.1
2026-04-17T16:15:34,836   Found link https://files.pythonhosted.org/packages/17/19/f83558f801a543f69266e3bb2c9bd3e2be8cf20c315ab0b8bcf1f4b8233d/adafruit-circuitpython-typing-1.2.0.tar.gz (from https://pypi.org/simple/adafruit-circuitpython-typing/), version: 1.2.0
2026-04-17T16:15:34,836   Found link https://files.pythonhosted.org/packages/cd/c3/c99be31163fd3b8fa1a6ec35b473ef706b2277f5f56065b889715c543313/adafruit-circuitpython-typing-1.3.0.tar.gz (from https://pypi.org/simple/adafruit-circuitpython-typing/), version: 1.3.0
2026-04-17T16:15:34,837   Found link https://files.pythonhosted.org/packages/60/52/c820e5ba5aa9a52fb143c1722d43210c687be388ba9cdeefdba80b403a5a/adafruit-circuitpython-typing-1.3.1.tar.gz (from https://pypi.org/simple/adafruit-circuitpython-typing/), version: 1.3.1
2026-04-17T16:15:34,837   Found link https://files.pythonhosted.org/packages/91/e0/bb29a0f5c850f4dca460acc30dc2f2eed977ef82a81986442003772940a0/adafruit-circuitpython-typing-1.4.0.tar.gz (from https://pypi.org/simple/adafruit-circuitpython-typing/), version: 1.4.0
2026-04-17T16:15:34,837   Found link https://files.pythonhosted.org/packages/fb/17/8bfc466c66bf39e2b002d37e99f6920df0b0b758656acbf67cce2393daeb/adafruit-circuitpython-typing-1.5.0.tar.gz (from https://pypi.org/simple/adafruit-circuitpython-typing/), version: 1.5.0
2026-04-17T16:15:34,837   Found link https://files.pythonhosted.org/packages/d0/5a/0733d555df2be9ba2b59f823693f167f6f84f868383e8f8497f0cb3fefde/adafruit-circuitpython-typing-1.6.0.tar.gz (from https://pypi.org/simple/adafruit-circuitpython-typing/), version: 1.6.0
2026-04-17T16:15:34,837   Found link https://files.pythonhosted.org/packages/eb/1d/cadac05840930be96356f8607c6b1f60469f81b489e2bcf1e4fcf8eff3d7/adafruit-circuitpython-typing-1.6.1.tar.gz (from https://pypi.org/simple/adafruit-circuitpython-typing/), version: 1.6.1
2026-04-17T16:15:34,837   Found link https://files.pythonhosted.org/packages/d9/1c/0d03bcd9e9dcc05a054ca0a8bbde9e278abc36769c4336d96418ad6fd2dc/adafruit-circuitpython-typing-1.7.0.tar.gz (from https://pypi.org/simple/adafruit-circuitpython-typing/), version: 1.7.0
2026-04-17T16:15:34,837   Found link https://files.pythonhosted.org/packages/5f/36/e600e4aebafc447b0db7784aff7b8b9a8f7a6b13c8e15d07c8ee3ea88e9e/adafruit-circuitpython-typing-1.7.1.tar.gz (from https://pypi.org/simple/adafruit-circuitpython-typing/), version: 1.7.1
2026-04-17T16:15:34,837   Found link https://files.pythonhosted.org/packages/3a/e1/e000f5d8f9ca37c1f793f14ffcece3626e3443c9d01c686c32462a6853bf/adafruit-circuitpython-typing-1.7.2.tar.gz (from https://pypi.org/simple/adafruit-circuitpython-typing/), version: 1.7.2
2026-04-17T16:15:34,837   Found link https://files.pythonhosted.org/packages/30/ec/0d8d894d7681d48b38c0fe1e1a5fd1333c4dff245ff18751d52c3bfee5fb/adafruit_circuitpython_typing-1.7.2-py3-none-any.whl (from https://pypi.org/simple/adafruit-circuitpython-typing/), version: 1.7.2
2026-04-17T16:15:34,837   Found link https://files.pythonhosted.org/packages/83/20/17a188080a6907f4be74a71f1ac9b37f64f144d4156e4465078bb8309d3d/adafruit-circuitpython-typing-1.7.3.tar.gz (from https://pypi.org/simple/adafruit-circuitpython-typing/), version: 1.7.3
2026-04-17T16:15:34,837   Found link https://files.pythonhosted.org/packages/ce/6e/ff8df83a7ddd218e01a84e7ed8f418fdfc97cf7ec6ebbf08836416560d2f/adafruit_circuitpython_typing-1.7.3-py3-none-any.whl (from https://pypi.org/simple/adafruit-circuitpython-typing/), version: 1.7.3
2026-04-17T16:15:34,837   Found link https://files.pythonhosted.org/packages/81/58/2660e9d2b9986e3425f3e4f1ff664f3573d8a4f8902e78b4836f24ac4d88/adafruit-circuitpython-typing-1.8.0.tar.gz (from https://pypi.org/simple/adafruit-circuitpython-typing/), version: 1.8.0
2026-04-17T16:15:34,837   Found link https://files.pythonhosted.org/packages/39/12/952b46f482f1ee36c8b56f88c7515b185ede6a2f2a356c65f72a77f4bc6f/adafruit_circuitpython_typing-1.8.0-py3-none-any.whl (from https://pypi.org/simple/adafruit-circuitpython-typing/), version: 1.8.0
2026-04-17T16:15:34,837   Found link https://files.pythonhosted.org/packages/d3/70/386707eefefd62e8ae17b097a437c74313a5de99cf8c12cef88ed3e58f44/adafruit-circuitpython-typing-1.8.1.tar.gz (from https://pypi.org/simple/adafruit-circuitpython-typing/), version: 1.8.1
2026-04-17T16:15:34,837   Found link https://files.pythonhosted.org/packages/ba/7a/11506aacbc4fe0cd14b77a4d19f551b420096b36f70b9a941e34d67c4dd2/adafruit_circuitpython_typing-1.8.1-py3-none-any.whl (from https://pypi.org/simple/adafruit-circuitpython-typing/), version: 1.8.1
2026-04-17T16:15:34,837   Found link https://files.pythonhosted.org/packages/ea/f8/0def3318c05df04911b250e5eecfc124331ea84988e882dbfd91abff4f58/adafruit-circuitpython-typing-1.8.2.tar.gz (from https://pypi.org/simple/adafruit-circuitpython-typing/), version: 1.8.2
2026-04-17T16:15:34,837   Found link https://files.pythonhosted.org/packages/3e/bf/8fdc57b7d59969966359e724281ee363e457c783886c952c654ec85eb83f/adafruit_circuitpython_typing-1.8.2-py3-none-any.whl (from https://pypi.org/simple/adafruit-circuitpython-typing/), version: 1.8.2
2026-04-17T16:15:34,837   Found link https://files.pythonhosted.org/packages/8a/f6/edbca0fe12e8a7bfa6026f420b09e6e541662040e62680eb98493803c87a/adafruit-circuitpython-typing-1.8.3.tar.gz (from https://pypi.org/simple/adafruit-circuitpython-typing/), version: 1.8.3
2026-04-17T16:15:34,837   Found link https://files.pythonhosted.org/packages/10/23/d0046c67a2789c7e189deef2fcbadfafc83826be36b7bb23f80eca62b158/adafruit_circuitpython_typing-1.8.3-py3-none-any.whl (from https://pypi.org/simple/adafruit-circuitpython-typing/), version: 1.8.3
2026-04-17T16:15:34,837   Found link https://files.pythonhosted.org/packages/c7/0b/8f93640737623a95ef1e0b5ea7e7346ac8402b2e3c7e5315367529987445/adafruit-circuitpython-typing-1.9.0.tar.gz (from https://pypi.org/simple/adafruit-circuitpython-typing/), version: 1.9.0
2026-04-17T16:15:34,837   Found link https://files.pythonhosted.org/packages/7a/52/59273c81e10a8844d57283241d87cdc966e394937eff535602741e9fd2a2/adafruit_circuitpython_typing-1.9.0-py3-none-any.whl (from https://pypi.org/simple/adafruit-circuitpython-typing/), version: 1.9.0
2026-04-17T16:15:34,837   Found link https://files.pythonhosted.org/packages/f0/85/4b9b1c1ee833cf1c8562477d57abba4cef3ca73180f3913d5a9b2f3fdaff/adafruit-circuitpython-typing-1.9.1.tar.gz (from https://pypi.org/simple/adafruit-circuitpython-typing/), version: 1.9.1
2026-04-17T16:15:34,838   Found link https://files.pythonhosted.org/packages/0e/ae/6a36484eaad324f0958b9ebb31516bba74f2761a946d8cedab065d9f5ce1/adafruit_circuitpython_typing-1.9.1-py3-none-any.whl (from https://pypi.org/simple/adafruit-circuitpython-typing/), version: 1.9.1
2026-04-17T16:15:34,838   Found link https://files.pythonhosted.org/packages/e1/cf/030ab10f3aff916679ac459eacff4280d345f709edd904caa55ec2a40d9e/adafruit-circuitpython-typing-1.9.2.tar.gz (from https://pypi.org/simple/adafruit-circuitpython-typing/), version: 1.9.2
2026-04-17T16:15:34,838   Found link https://files.pythonhosted.org/packages/eb/08/8497eb8cd051c006676bb8cb3e38ddc2f25d3e338474d991957017dd0ca4/adafruit_circuitpython_typing-1.9.2-py3-none-any.whl (from https://pypi.org/simple/adafruit-circuitpython-typing/), version: 1.9.2
2026-04-17T16:15:34,838   Found link https://files.pythonhosted.org/packages/d0/63/8abb1b61f18ac137deccd8c1225b90911ad9703a5b5f2740d9a27315a429/adafruit-circuitpython-typing-1.9.3.tar.gz (from https://pypi.org/simple/adafruit-circuitpython-typing/), version: 1.9.3
2026-04-17T16:15:34,838   Found link https://files.pythonhosted.org/packages/26/f3/4a1539e00053fd90ea487b3185cd6a654e714e49fb3e9b6b79a25f2afe77/adafruit_circuitpython_typing-1.9.3-py3-none-any.whl (from https://pypi.org/simple/adafruit-circuitpython-typing/), version: 1.9.3
2026-04-17T16:15:34,838   Found link https://files.pythonhosted.org/packages/ef/dc/39366cead59897923c5c88ec7e44ba967c9929f7f203180e0acbd1f476a3/adafruit-circuitpython-typing-1.9.4.tar.gz (from https://pypi.org/simple/adafruit-circuitpython-typing/), version: 1.9.4
2026-04-17T16:15:34,838   Found link https://files.pythonhosted.org/packages/76/69/df6a3330d86119b3dc15a3cea3284cacbf65a6eda29c422f012afa57ef44/adafruit_circuitpython_typing-1.9.4-py3-none-any.whl (from https://pypi.org/simple/adafruit-circuitpython-typing/), version: 1.9.4
2026-04-17T16:15:34,838   Found link https://files.pythonhosted.org/packages/e2/c0/ab04599f7093dda3902b403235c0f117d0e4bcd2ea36ed6060339394ddf3/adafruit-circuitpython-typing-1.9.5.tar.gz (from https://pypi.org/simple/adafruit-circuitpython-typing/), version: 1.9.5
2026-04-17T16:15:34,838   Found link https://files.pythonhosted.org/packages/d5/10/f14305a3bd360b003a5ad5372482ceb4b7fff51958a8d1caad6f5c71a218/adafruit_circuitpython_typing-1.9.5-py3-none-any.whl (from https://pypi.org/simple/adafruit-circuitpython-typing/), version: 1.9.5
2026-04-17T16:15:34,838   Found link https://files.pythonhosted.org/packages/c7/2e/acfeeed27e42cfcb0450bc4afe0746e4d8ddd5d9081b7d7cec01705149e1/adafruit-circuitpython-typing-1.9.6.tar.gz (from https://pypi.org/simple/adafruit-circuitpython-typing/), version: 1.9.6
2026-04-17T16:15:34,838   Found link https://files.pythonhosted.org/packages/07/aa/cd06a3d7146bcedb6d68312c237cf40c506275e446691fedf9424ec9156b/adafruit_circuitpython_typing-1.9.6-py3-none-any.whl (from https://pypi.org/simple/adafruit-circuitpython-typing/), version: 1.9.6
2026-04-17T16:15:34,838   Found link https://files.pythonhosted.org/packages/f0/6d/ea6a8a93d7a0674f6486b12c60762e8a481f22a7e9571b1eeae33a468b64/adafruit-circuitpython-typing-1.10.0.tar.gz (from https://pypi.org/simple/adafruit-circuitpython-typing/), version: 1.10.0
2026-04-17T16:15:34,838   Found link https://files.pythonhosted.org/packages/e4/5c/fe9807b0ad45dd72f52ba3fae512168a9d44bda041cbc0f315fe973bd333/adafruit_circuitpython_typing-1.10.0-py3-none-any.whl (from https://pypi.org/simple/adafruit-circuitpython-typing/), version: 1.10.0
2026-04-17T16:15:34,838   Found link https://files.pythonhosted.org/packages/36/d9/8c20a684f16525cc2b18418ff4dbd6c0b74a8faa9b989fbdbcfe027dfd51/adafruit-circuitpython-typing-1.10.1.tar.gz (from https://pypi.org/simple/adafruit-circuitpython-typing/), version: 1.10.1
2026-04-17T16:15:34,838   Found link https://files.pythonhosted.org/packages/09/02/838b820e7aedff032a5d228128c670c4d8b22a603a404d142e2397a7eeea/adafruit_circuitpython_typing-1.10.1-py3-none-any.whl (from https://pypi.org/simple/adafruit-circuitpython-typing/), version: 1.10.1
2026-04-17T16:15:34,838   Found link https://files.pythonhosted.org/packages/a0/0d/beb2c834f59583c990df03a55e204240a0efb33944c9280dfed0f8a32ce1/adafruit-circuitpython-typing-1.10.2.tar.gz (from https://pypi.org/simple/adafruit-circuitpython-typing/), version: 1.10.2
2026-04-17T16:15:34,838   Found link https://files.pythonhosted.org/packages/55/46/117aed56aeb53420b1ba8432e5a20f3bfb427c0fa187975e155df727bdac/adafruit_circuitpython_typing-1.10.2-py3-none-any.whl (from https://pypi.org/simple/adafruit-circuitpython-typing/), version: 1.10.2
2026-04-17T16:15:34,838   Found link https://files.pythonhosted.org/packages/35/0b/3bdb065264f061e5ab8bbf8b0746b349ff3adbf219dc69c39f7d8e2427c3/adafruit-circuitpython-typing-1.10.3.tar.gz (from https://pypi.org/simple/adafruit-circuitpython-typing/) (requires-python:>=3.8), version: 1.10.3
2026-04-17T16:15:34,838   Found link https://files.pythonhosted.org/packages/d5/a2/e3dff5327a527468c50d814a335370ddbcc8e90898560ea0a2e9b1c8ce95/adafruit_circuitpython_typing-1.10.3-py3-none-any.whl (from https://pypi.org/simple/adafruit-circuitpython-typing/) (requires-python:>=3.8), version: 1.10.3
2026-04-17T16:15:34,838   Found link https://files.pythonhosted.org/packages/a9/22/e69f534dea6dea9ddd71985cb09b850fa8ee989a4eb5d0f185e3f1955bb3/adafruit_circuitpython_typing-1.11.0-py3-none-any.whl (from https://pypi.org/simple/adafruit-circuitpython-typing/) (requires-python:>=3.8), version: 1.11.0
2026-04-17T16:15:34,838   Found link https://files.pythonhosted.org/packages/4a/31/e1414252d8dfd4ddaaa6b5ae11eab47bea20965d5059f6fae01ee6aac442/adafruit_circuitpython_typing-1.11.0.tar.gz (from https://pypi.org/simple/adafruit-circuitpython-typing/) (requires-python:>=3.8), version: 1.11.0
2026-04-17T16:15:34,838   Found link https://files.pythonhosted.org/packages/5f/a0/88d9210a0c2bcf4ae6819d791f9e912ca405ddab25763df6b1b27a9acdfb/adafruit_circuitpython_typing-1.11.1-py3-none-any.whl (from https://pypi.org/simple/adafruit-circuitpython-typing/) (requires-python:>=3.8), version: 1.11.1
2026-04-17T16:15:34,838   Found link https://files.pythonhosted.org/packages/ed/60/9fb9c83a32b3508b287e686293fb92038760b314d106cf6bfd17efc6dee6/adafruit_circuitpython_typing-1.11.1.tar.gz (from https://pypi.org/simple/adafruit-circuitpython-typing/) (requires-python:>=3.8), version: 1.11.1
2026-04-17T16:15:34,839   Found link https://files.pythonhosted.org/packages/dd/d5/76a6bca9cf08907b48dfc8ccbccbd190155353f521876e02d6b7bb244003/adafruit_circuitpython_typing-1.11.2-py3-none-any.whl (from https://pypi.org/simple/adafruit-circuitpython-typing/) (requires-python:>=3.8), version: 1.11.2
2026-04-17T16:15:34,839   Found link https://files.pythonhosted.org/packages/24/80/8c280fa7d42a23dce40b2fe64f708d18fa32b384adbf6934955d2c2ebecf/adafruit_circuitpython_typing-1.11.2.tar.gz (from https://pypi.org/simple/adafruit-circuitpython-typing/) (requires-python:>=3.8), version: 1.11.2
2026-04-17T16:15:34,839   Found link https://files.pythonhosted.org/packages/0a/5c/84603ea7c947f30033799554617434211425cb1ef3f11d87dee5d5ec085b/adafruit_circuitpython_typing-1.12.0-py3-none-any.whl (from https://pypi.org/simple/adafruit-circuitpython-typing/) (requires-python:>=3.8), version: 1.12.0
2026-04-17T16:15:34,839   Found link https://files.pythonhosted.org/packages/85/c3/3e85e1a0a2b5a749390fd0b67c4edabceaaf46b5d09c21f3bbb6cc521bce/adafruit_circuitpython_typing-1.12.0.tar.gz (from https://pypi.org/simple/adafruit-circuitpython-typing/) (requires-python:>=3.8), version: 1.12.0
2026-04-17T16:15:34,839   Found link https://files.pythonhosted.org/packages/6c/d9/fe145e99e1251a0dcdace585477875eef8db915f04647197aa3aa50c51d6/adafruit_circuitpython_typing-1.12.1-py3-none-any.whl (from https://pypi.org/simple/adafruit-circuitpython-typing/) (requires-python:>=3.8), version: 1.12.1
2026-04-17T16:15:34,839   Found link https://files.pythonhosted.org/packages/77/d6/cb9a842dd89afcc53d21327cef5d3ee0149cfd3d90677c9dd68274b0bfae/adafruit_circuitpython_typing-1.12.1.tar.gz (from https://pypi.org/simple/adafruit-circuitpython-typing/) (requires-python:>=3.8), version: 1.12.1
2026-04-17T16:15:34,839   Found link https://files.pythonhosted.org/packages/dc/9b/87d9f26652b10250d427f50116c00fa90c80d21c9c6cc361b69692cc29ca/adafruit_circuitpython_typing-1.12.2-py3-none-any.whl (from https://pypi.org/simple/adafruit-circuitpython-typing/) (requires-python:>=3.8), version: 1.12.2
2026-04-17T16:15:34,839   Found link https://files.pythonhosted.org/packages/31/12/cd335c0adfdbf836cd6cfc0658238fe1e056481cc9d83d1960acd4af6b0b/adafruit_circuitpython_typing-1.12.2.tar.gz (from https://pypi.org/simple/adafruit-circuitpython-typing/) (requires-python:>=3.8), version: 1.12.2
2026-04-17T16:15:34,839   Found link https://files.pythonhosted.org/packages/cc/a1/578a03ba2bce0809b4e30974b47958963c9efe67b9fe74e7dbcdbbd45318/adafruit_circuitpython_typing-1.12.3-py3-none-any.whl (from https://pypi.org/simple/adafruit-circuitpython-typing/) (requires-python:>=3.8), version: 1.12.3
2026-04-17T16:15:34,839   Found link https://files.pythonhosted.org/packages/65/a2/40a3440aed2375371507af668570b68523ee01db9c25c47ce5a05883170e/adafruit_circuitpython_typing-1.12.3.tar.gz (from https://pypi.org/simple/adafruit-circuitpython-typing/) (requires-python:>=3.8), version: 1.12.3
2026-04-17T16:15:34,839 Fetching project page and analyzing links: https://www.piwheels.org/simple/adafruit-circuitpython-typing/
2026-04-17T16:15:34,839 Getting page https://www.piwheels.org/simple/adafruit-circuitpython-typing/
2026-04-17T16:15:34,839 Found index url https://www.piwheels.org/simple/
2026-04-17T16:15:34,839 Looking up "https://www.piwheels.org/simple/adafruit-circuitpython-typing/" in the cache
2026-04-17T16:15:34,840 Request header has "max_age" as 0, cache bypassed
2026-04-17T16:15:35,039 https://www.piwheels.org:443 "GET /simple/adafruit-circuitpython-typing/ HTTP/1.1" 200 2053
2026-04-17T16:15:35,039 Updating cache with response from "https://www.piwheels.org/simple/adafruit-circuitpython-typing/"
2026-04-17T16:15:35,039 etag object cached for 1209600 seconds
2026-04-17T16:15:35,039 Caching due to etag
2026-04-17T16:15:35,049 Fetched page https://www.piwheels.org/simple/adafruit-circuitpython-typing/ as text/html
2026-04-17T16:15:35,051   Found link https://www.piwheels.org/simple/adafruit-circuitpython-typing/adafruit_circuitpython_typing-1.12.3-py3-none-any.whl#sha256=91b1aadc1af601a70292979c24457f365de9fda31d8501bc4c806ac2346cbbf9 (from https://www.piwheels.org/simple/adafruit-circuitpython-typing/) (requires-python:>=3.8), version: 1.12.3
2026-04-17T16:15:35,051   Found link https://www.piwheels.org/simple/adafruit-circuitpython-typing/adafruit_circuitpython_typing-1.12.2-py3-none-any.whl#sha256=59b62e7692284c6fc0db3468d3d9b3f9e1776316d5ce620d2365cd80cfbe21cf (from https://www.piwheels.org/simple/adafruit-circuitpython-typing/) (requires-python:>=3.8), version: 1.12.2
2026-04-17T16:15:35,051   Found link https://www.piwheels.org/simple/adafruit-circuitpython-typing/adafruit_circuitpython_typing-1.12.1-py3-none-any.whl#sha256=a521e2e2e44c2d04d99d0607ba5d53d155ecbf1be8ab3377543d91b1c58cb1ea (from https://www.piwheels.org/simple/adafruit-circuitpython-typing/) (requires-python:>=3.8), version: 1.12.1
2026-04-17T16:15:35,051   Found link https://archive1.piwheels.org/simple/adafruit-circuitpython-typing/adafruit_circuitpython_typing-1.12.0-py3-none-any.whl#sha256=47609561735054d0f6659019f2407114849043e60514ae4894984e493fd5dfe3 (from https://www.piwheels.org/simple/adafruit-circuitpython-typing/) (requires-python:>=3.8), version: 1.12.0
2026-04-17T16:15:35,051   Found link https://www.piwheels.org/simple/adafruit-circuitpython-typing/adafruit_circuitpython_typing-1.11.2-py3-none-any.whl#sha256=4708772f7f4c185e472574926065927992e9fc3e2f450b970498a34cf9072c65 (from https://www.piwheels.org/simple/adafruit-circuitpython-typing/) (requires-python:>=3.8), version: 1.11.2
2026-04-17T16:15:35,051   Found link https://www.piwheels.org/simple/adafruit-circuitpython-typing/adafruit_circuitpython_typing-1.11.1-py3-none-any.whl#sha256=abcf6ef6f02b6efcfc315f538ddbb4834635d9b15f9621d532d164a21affada5 (from https://www.piwheels.org/simple/adafruit-circuitpython-typing/) (requires-python:>=3.8), version: 1.11.1
2026-04-17T16:15:35,051   Found link https://www.piwheels.org/simple/adafruit-circuitpython-typing/adafruit_circuitpython_typing-1.11.0-py3-none-any.whl#sha256=ef62fb7e620dd477a3ba4c231d14795d5e9bac1376f47c471f3f36d39d57cb0a (from https://www.piwheels.org/simple/adafruit-circuitpython-typing/) (requires-python:>=3.8), version: 1.11.0
2026-04-17T16:15:35,051   Found link https://www.piwheels.org/simple/adafruit-circuitpython-typing/adafruit_circuitpython_typing-1.10.3-py3-none-any.whl#sha256=43ae1cca51305c9de2e6b092aafeb5eb24018e6d8aec98dff317daf765e455c4 (from https://www.piwheels.org/simple/adafruit-circuitpython-typing/) (requires-python:>=3.8), version: 1.10.3
2026-04-17T16:15:35,051   Found link https://archive1.piwheels.org/simple/adafruit-circuitpython-typing/adafruit_circuitpython_typing-1.10.2-py3-none-any.whl#sha256=44fe054431a867c7523f5f8b50b73c79c51d4b24b5bdf62947a064fa26791c31 (from https://www.piwheels.org/simple/adafruit-circuitpython-typing/), version: 1.10.2
2026-04-17T16:15:35,051   Found link https://www.piwheels.org/simple/adafruit-circuitpython-typing/adafruit_circuitpython_typing-1.10.1-py3-none-any.whl#sha256=1a4a2e395c663eb605effe42128fc1ab4244fbd9a35a961aa07c1e14f7a9eda7 (from https://www.piwheels.org/simple/adafruit-circuitpython-typing/), version: 1.10.1
2026-04-17T16:15:35,052   Found link https://archive1.piwheels.org/simple/adafruit-circuitpython-typing/adafruit_circuitpython_typing-1.10.0-py3-none-any.whl#sha256=b647a0a2b224cb0164e64d9acd42dcf7f66044a09c127f1a70aa84ebc21effb9 (from https://www.piwheels.org/simple/adafruit-circuitpython-typing/), version: 1.10.0
2026-04-17T16:15:35,052   Found link https://www.piwheels.org/simple/adafruit-circuitpython-typing/adafruit_circuitpython_typing-1.9.6-py3-none-any.whl#sha256=725fa30e0b8cdd5cf1e241064cd63a47beb632b5f519a3a23ecfdb766021bfa8 (from https://www.piwheels.org/simple/adafruit-circuitpython-typing/), version: 1.9.6
2026-04-17T16:15:35,052   Found link https://www.piwheels.org/simple/adafruit-circuitpython-typing/adafruit_circuitpython_typing-1.9.5-py3-none-any.whl#sha256=48d5e975d91da328bd4339a743c4ce2c3c475f20432e394642f416388079496a (from https://www.piwheels.org/simple/adafruit-circuitpython-typing/), version: 1.9.5
2026-04-17T16:15:35,052   Found link https://www.piwheels.org/simple/adafruit-circuitpython-typing/adafruit_circuitpython_typing-1.9.4-py3-none-any.whl#sha256=6bf5e287130e8b9b838afdf7fe1ee3e309558cea22737c6dd55113aeaaa88ec0 (from https://www.piwheels.org/simple/adafruit-circuitpython-typing/), version: 1.9.4
2026-04-17T16:15:35,052   Found link https://archive1.piwheels.org/simple/adafruit-circuitpython-typing/adafruit_circuitpython_typing-1.9.3-py3-none-any.whl#sha256=5338dece781816cb2bf911e5dfaf2931c1b82adc2823339bcd852514c85025e2 (from https://www.piwheels.org/simple/adafruit-circuitpython-typing/), version: 1.9.3
2026-04-17T16:15:35,052   Found link https://archive1.piwheels.org/simple/adafruit-circuitpython-typing/adafruit_circuitpython_typing-1.9.2-py3-none-any.whl#sha256=3bb42bca24ac4e17c5dc861fe27de056404ac8b0d94b2e37a69287fcc18de901 (from https://www.piwheels.org/simple/adafruit-circuitpython-typing/), version: 1.9.2
2026-04-17T16:15:35,052   Found link https://archive1.piwheels.org/simple/adafruit-circuitpython-typing/adafruit_circuitpython_typing-1.9.1-py3-none-any.whl#sha256=22dc8e4e59046049cbe542d48447f8c416e62ae43e2e58ade2f7dd5471b9fccc (from https://www.piwheels.org/simple/adafruit-circuitpython-typing/), version: 1.9.1
2026-04-17T16:15:35,052   Found link https://archive1.piwheels.org/simple/adafruit-circuitpython-typing/adafruit_circuitpython_typing-1.9.0-py3-none-any.whl#sha256=5556e51ecd9b1be5d8308d94cb303a700b81f85b20c54a5fb2ddf365554bc7df (from https://www.piwheels.org/simple/adafruit-circuitpython-typing/), version: 1.9.0
2026-04-17T16:15:35,052   Found link https://archive1.piwheels.org/simple/adafruit-circuitpython-typing/adafruit_circuitpython_typing-1.8.3-py3-none-any.whl#sha256=88ff53851af0038c2a51e88274322036b9c5341bef540827db32f06cceb198e8 (from https://www.piwheels.org/simple/adafruit-circuitpython-typing/), version: 1.8.3
2026-04-17T16:15:35,052   Found link https://archive1.piwheels.org/simple/adafruit-circuitpython-typing/adafruit_circuitpython_typing-1.8.2-py3-none-any.whl#sha256=473145bebc8de06d44258e4ff5782dd594324f74f47eff2ef5ad5a08bd43f5ce (from https://www.piwheels.org/simple/adafruit-circuitpython-typing/), version: 1.8.2
2026-04-17T16:15:35,052   Found link https://archive1.piwheels.org/simple/adafruit-circuitpython-typing/adafruit_circuitpython_typing-1.8.1-py3-none-any.whl#sha256=e894b7df0e5dcf61aa84b695e14efbcc5f76f92b64d05f71dada275decaf80ac (from https://www.piwheels.org/simple/adafruit-circuitpython-typing/), version: 1.8.1
2026-04-17T16:15:35,052   Found link https://archive1.piwheels.org/simple/adafruit-circuitpython-typing/adafruit_circuitpython_typing-1.8.0-py3-none-any.whl#sha256=0439f156e370c079f78e425c0fa51fe350303029641a02fccef0447c05fb9bd3 (from https://www.piwheels.org/simple/adafruit-circuitpython-typing/), version: 1.8.0
2026-04-17T16:15:35,052   Found link https://archive1.piwheels.org/simple/adafruit-circuitpython-typing/adafruit_circuitpython_typing-1.7.3-py3-none-any.whl#sha256=2a9a48659f3cc483eec7a9dce2423abff3b690b45524ec31a73348111d4d0f9f (from https://www.piwheels.org/simple/adafruit-circuitpython-typing/), version: 1.7.3
2026-04-17T16:15:35,052   Found link https://archive1.piwheels.org/simple/adafruit-circuitpython-typing/adafruit_circuitpython_typing-1.7.2-py3-none-any.whl#sha256=8dc6ab06e8e954b7bb934de8b839a2bc5834f39c6aebc1382becea771385f2f5 (from https://www.piwheels.org/simple/adafruit-circuitpython-typing/), version: 1.7.2
2026-04-17T16:15:35,052   Found link https://archive1.piwheels.org/simple/adafruit-circuitpython-typing/adafruit_circuitpython_typing-1.7.1-py3-none-any.whl#sha256=6376142f925b673e1c41eaa9d970a4897cf661dd9ca816bc8eb348257c206f20 (from https://www.piwheels.org/simple/adafruit-circuitpython-typing/), version: 1.7.1
2026-04-17T16:15:35,052   Found link https://archive1.piwheels.org/simple/adafruit-circuitpython-typing/adafruit_circuitpython_typing-1.7.0-py3-none-any.whl#sha256=85b8a37f4070ecbf1f80cfa9525913cc1609d8f20d7180821524ba832b7f8bf7 (from https://www.piwheels.org/simple/adafruit-circuitpython-typing/), version: 1.7.0
2026-04-17T16:15:35,052   Found link https://archive1.piwheels.org/simple/adafruit-circuitpython-typing/adafruit_circuitpython_typing-1.6.1-py3-none-any.whl#sha256=f1ab63db650369da5bf2731e4e09886f0857d48fce5056682541e851586e1229 (from https://www.piwheels.org/simple/adafruit-circuitpython-typing/), version: 1.6.1
2026-04-17T16:15:35,052   Found link https://archive1.piwheels.org/simple/adafruit-circuitpython-typing/adafruit_circuitpython_typing-1.6.0-py3-none-any.whl#sha256=5ee3bcf8ae24dd313cb7bb17d240315e8cf4679b18238e7adcff0eee7f945f64 (from https://www.piwheels.org/simple/adafruit-circuitpython-typing/), version: 1.6.0
2026-04-17T16:15:35,052   Found link https://archive1.piwheels.org/simple/adafruit-circuitpython-typing/adafruit_circuitpython_typing-1.5.0-py3-none-any.whl#sha256=2df111281be227329828571a05823b22ca16b7ec7926ce8a3900129bde3d4014 (from https://www.piwheels.org/simple/adafruit-circuitpython-typing/), version: 1.5.0
2026-04-17T16:15:35,052   Found link https://archive1.piwheels.org/simple/adafruit-circuitpython-typing/adafruit_circuitpython_typing-1.4.0-py3-none-any.whl#sha256=146add863522acdf0919a6170f5c0b4ecb3ed8f028511a917b178d2f908b32f2 (from https://www.piwheels.org/simple/adafruit-circuitpython-typing/), version: 1.4.0
2026-04-17T16:15:35,053   Found link https://archive1.piwheels.org/simple/adafruit-circuitpython-typing/adafruit_circuitpython_typing-1.3.1-py3-none-any.whl#sha256=2152527d64b5dc2dde08cb487f09449b97378cb80a0b181360bd436d83e0a89b (from https://www.piwheels.org/simple/adafruit-circuitpython-typing/), version: 1.3.1
2026-04-17T16:15:35,053   Found link https://archive1.piwheels.org/simple/adafruit-circuitpython-typing/adafruit_circuitpython_typing-1.3.0-py3-none-any.whl#sha256=5e2523cf16674d6ee74a5a230b36533f449983651437b0befa73667b15509eba (from https://www.piwheels.org/simple/adafruit-circuitpython-typing/), version: 1.3.0
2026-04-17T16:15:35,053   Found link https://www.piwheels.org/simple/adafruit-circuitpython-typing/adafruit_circuitpython_typing-1.2.0-py3-none-any.whl#sha256=88c5985d9972b88b39318540492d6db86d286df53e21daddabb23650f330d93e (from https://www.piwheels.org/simple/adafruit-circuitpython-typing/), version: 1.2.0
2026-04-17T16:15:35,053   Found link https://archive1.piwheels.org/simple/adafruit-circuitpython-typing/adafruit_circuitpython_typing-1.1.1-py3-none-any.whl#sha256=a1513a72aaa5d90e65dac7c97d79ed9d2aa7dffd74d3be5507a164a7e2800283 (from https://www.piwheels.org/simple/adafruit-circuitpython-typing/), version: 1.1.1
2026-04-17T16:15:35,053   Found link https://archive1.piwheels.org/simple/adafruit-circuitpython-typing/adafruit_circuitpython_typing-1.1.0-py3-none-any.whl#sha256=18080903cee63bb0535b0a3435d384e7fba02f553f9b017484c2f1f602326c14 (from https://www.piwheels.org/simple/adafruit-circuitpython-typing/), version: 1.1.0
2026-04-17T16:15:35,053   Found link https://archive1.piwheels.org/simple/adafruit-circuitpython-typing/adafruit_circuitpython_typing-1.0.0-py3-none-any.whl#sha256=fe97d094a934a4550c296eab46898519189b5941f8a7a35737508b33d8f7594b (from https://www.piwheels.org/simple/adafruit-circuitpython-typing/), version: 1.0.0
2026-04-17T16:15:35,053 Skipping link: not a file: https://www.piwheels.org/simple/adafruit-circuitpython-typing/
2026-04-17T16:15:35,053 Skipping link: not a file: https://pypi.org/simple/adafruit-circuitpython-typing/
2026-04-17T16:15:35,053 Given no hashes to check 96 links for project 'adafruit-circuitpython-typing': discarding no candidates
2026-04-17T16:15:35,056 Collecting adafruit-circuitpython-typing (from adafruit-blinka)
2026-04-17T16:15:35,056   Created temporary directory: /tmp/pip-unpack-9tkfrmk1
2026-04-17T16:15:35,057   Found index url https://www.piwheels.org/simple/
2026-04-17T16:15:35,057   Looking up "https://www.piwheels.org/simple/adafruit-circuitpython-typing/adafruit_circuitpython_typing-1.12.3-py3-none-any.whl" in the cache
2026-04-17T16:15:35,057   Current age based on date: 80
2026-04-17T16:15:35,257   https://www.piwheels.org:443 "GET /simple/adafruit-circuitpython-typing/adafruit_circuitpython_typing-1.12.3-py3-none-any.whl HTTP/1.1" 304 0
2026-04-17T16:15:35,262   Using cached https://www.piwheels.org/simple/adafruit-circuitpython-typing/adafruit_circuitpython_typing-1.12.3-py3-none-any.whl (11 kB)
2026-04-17T16:15:35,265 2 location(s) to search for versions of sysv-ipc:
2026-04-17T16:15:35,265 * https://pypi.org/simple/sysv-ipc/
2026-04-17T16:15:35,265 * https://www.piwheels.org/simple/sysv-ipc/
2026-04-17T16:15:35,265 Fetching project page and analyzing links: https://pypi.org/simple/sysv-ipc/
2026-04-17T16:15:35,265 Getting page https://pypi.org/simple/sysv-ipc/
2026-04-17T16:15:35,265 Found index url https://pypi.org/simple/
2026-04-17T16:15:35,265 Looking up "https://pypi.org/simple/sysv-ipc/" in the cache
2026-04-17T16:15:35,265 Request header has "max_age" as 0, cache bypassed
2026-04-17T16:15:35,314 https://pypi.org:443 "GET /simple/sysv-ipc/ HTTP/1.1" 304 0
2026-04-17T16:15:35,321 Fetched page https://pypi.org/simple/sysv-ipc/ as application/vnd.pypi.simple.v1+json
2026-04-17T16:15:35,326   Found link https://files.pythonhosted.org/packages/ad/2a/9f5f7603315af493302864f6e9ad4f0e3a1f125b394b73e80a518b0669a7/sysv_ipc-0.6.7.tar.gz (from https://pypi.org/simple/sysv-ipc/), version: 0.6.7
2026-04-17T16:15:35,327   Found link https://files.pythonhosted.org/packages/13/c1/00517864a217b56d292f7939c0f4f95f285e01e6bf7a02f4f87bcfccd2c0/sysv_ipc-0.6.8.tar.gz (from https://pypi.org/simple/sysv-ipc/), version: 0.6.8
2026-04-17T16:15:35,327   Skipping link: none of the wheel's tags (cp27-cp27m-macosx_10_6_x86_64) are compatible (run pip debug --verbose to show compatible tags): https://files.pythonhosted.org/packages/e7/dc/2318919422d288ad0201cae18fc7985dd8ecf7ae5aa0ae7ce5931daef41e/sysv_ipc-0.7.0-cp27-cp27m-macosx_10_6_x86_64.whl (from https://pypi.org/simple/sysv-ipc/)
2026-04-17T16:15:35,327   Skipping link: none of the wheel's tags (cp34-cp34m-macosx_10_6_intel) are compatible (run pip debug --verbose to show compatible tags): https://files.pythonhosted.org/packages/d8/1f/ae7123bc22e897160f504873c420ee847a619ca945fba344694e2c979225/sysv_ipc-0.7.0-cp34-cp34m-macosx_10_6_intel.whl (from https://pypi.org/simple/sysv-ipc/)
2026-04-17T16:15:35,327   Found link https://files.pythonhosted.org/packages/56/1b/ae0d5deb57192ee07d98bf08ac790eade1b0d8a98049fc6079f462feb28b/sysv_ipc-0.7.0.tar.gz (from https://pypi.org/simple/sysv-ipc/), version: 0.7.0
2026-04-17T16:15:35,327   Skipping link: none of the wheel's tags (cp27-cp27m-macosx_10_6_intel) are compatible (run pip debug --verbose to show compatible tags): https://files.pythonhosted.org/packages/9e/d7/4e014c5a7ae9571798c776cd3f85af4c4646cb7045f3b6925a9e2c68fb01/sysv_ipc-1.0.0-cp27-cp27m-macosx_10_6_intel.whl (from https://pypi.org/simple/sysv-ipc/)
2026-04-17T16:15:35,327   Skipping link: none of the wheel's tags (cp36-cp36m-macosx_10_6_intel) are compatible (run pip debug --verbose to show compatible tags): https://files.pythonhosted.org/packages/7d/4b/4d364ea52097ecf1dcf1afd10812b443cd837f4eb73999239810737c716c/sysv_ipc-1.0.0-cp36-cp36m-macosx_10_6_intel.whl (from https://pypi.org/simple/sysv-ipc/)
2026-04-17T16:15:35,327   Found link https://files.pythonhosted.org/packages/08/7d/a862f3045fa191eeece23650725273f2ccaf9ac6b95443dfe4cac6508638/sysv_ipc-1.0.0.tar.gz (from https://pypi.org/simple/sysv-ipc/), version: 1.0.0
2026-04-17T16:15:35,327   Skipping link: none of the wheel's tags (cp27-cp27m-macosx_10_9_x86_64) are compatible (run pip debug --verbose to show compatible tags): https://files.pythonhosted.org/packages/d3/70/04be1ee7030a345bee2a1bb644b0ca3e3fa400be66e21b36d8873176f1a0/sysv_ipc-1.0.1-cp27-cp27m-macosx_10_9_x86_64.whl (from https://pypi.org/simple/sysv-ipc/)
2026-04-17T16:15:35,327   Skipping link: none of the wheel's tags (cp36-cp36m-macosx_10_6_intel) are compatible (run pip debug --verbose to show compatible tags): https://files.pythonhosted.org/packages/b8/f0/7e2d94d49fa49568b053c1f634057a673615c9aec01008a0a820616230b3/sysv_ipc-1.0.1-cp36-cp36m-macosx_10_6_intel.whl (from https://pypi.org/simple/sysv-ipc/)
2026-04-17T16:15:35,327   Found link https://files.pythonhosted.org/packages/57/8a/9bbb064566320cd66c6e32c35db76d43932d7b94348f0c4c1e74d03ec261/sysv_ipc-1.0.1.tar.gz (from https://pypi.org/simple/sysv-ipc/), version: 1.0.1
2026-04-17T16:15:35,327   Skipping link: none of the wheel's tags (cp36-cp36m-macosx_10_9_x86_64) are compatible (run pip debug --verbose to show compatible tags): https://files.pythonhosted.org/packages/57/4b/ceb25dfa92f66ecbe9b4d5b5fa50b8429d5ece32f3a335389a3d4f63b199/sysv_ipc-1.1.0-cp36-cp36m-macosx_10_9_x86_64.whl (from https://pypi.org/simple/sysv-ipc/)
2026-04-17T16:15:35,327   Skipping link: none of the wheel's tags (cp37-cp37m-macosx_10_9_x86_64) are compatible (run pip debug --verbose to show compatible tags): https://files.pythonhosted.org/packages/b0/30/9858ebea6a6d7f108cf52eb7b53df336ba24b772dd746407cb06be13c0d7/sysv_ipc-1.1.0-cp37-cp37m-macosx_10_9_x86_64.whl (from https://pypi.org/simple/sysv-ipc/)
2026-04-17T16:15:35,327   Skipping link: none of the wheel's tags (cp38-cp38-macosx_10_9_x86_64) are compatible (run pip debug --verbose to show compatible tags): https://files.pythonhosted.org/packages/f7/00/a786eaefccc9d6f2ead8b6aeecda11360a4a9a053ad2a34b74ddd7f7b3e7/sysv_ipc-1.1.0-cp38-cp38-macosx_10_9_x86_64.whl (from https://pypi.org/simple/sysv-ipc/)
2026-04-17T16:15:35,327   Skipping link: none of the wheel's tags (cp39-cp39-macosx_10_9_x86_64) are compatible (run pip debug --verbose to show compatible tags): https://files.pythonhosted.org/packages/3e/1a/873ba063935b4a3224c7d97726756051181eec656404607676e0f24cd49b/sysv_ipc-1.1.0-cp39-cp39-macosx_10_9_x86_64.whl (from https://pypi.org/simple/sysv-ipc/)
2026-04-17T16:15:35,327   Found link https://files.pythonhosted.org/packages/0c/d7/5d2f861155e9749f981e6c58f2a482d3ab458bf8c35ae24d4b4d5899ebf9/sysv_ipc-1.1.0.tar.gz (from https://pypi.org/simple/sysv-ipc/), version: 1.1.0
2026-04-17T16:15:35,327   Skipping link: none of the wheel's tags (cp310-cp310-macosx_10_9_x86_64) are compatible (run pip debug --verbose to show compatible tags): https://files.pythonhosted.org/packages/7b/e4/6b14af4b1048255b229a9a7b5772f7367658fed09848f3c89caeb5bc09f1/sysv_ipc-1.2.0-cp310-cp310-macosx_10_9_x86_64.whl (from https://pypi.org/simple/sysv-ipc/)
2026-04-17T16:15:35,327   Skipping link: none of the wheel's tags (cp310-cp310-macosx_11_0_arm64) are compatible (run pip debug --verbose to show compatible tags): https://files.pythonhosted.org/packages/a0/16/b68131731443ee838717f8b4185cacd5bcde9b7b76bbaf459c8f51c6a394/sysv_ipc-1.2.0-cp310-cp310-macosx_11_0_arm64.whl (from https://pypi.org/simple/sysv-ipc/)
2026-04-17T16:15:35,327   Skipping link: none of the wheel's tags (cp310-cp310-manylinux2014_aarch64, cp310-cp310-manylinux_2_17_aarch64, cp310-cp310-manylinux_2_28_aarch64) are compatible (run pip debug --verbose to show compatible tags): https://files.pythonhosted.org/packages/06/a7/5a3705f9564d1f5a9bb946bcca9d249e7b3d4c684d16615413942d0a5ba7/sysv_ipc-1.2.0-cp310-cp310-manylinux2014_aarch64.manylinux_2_17_aarch64.manylinux_2_28_aarch64.whl (from https://pypi.org/simple/sysv-ipc/)
2026-04-17T16:15:35,327   Skipping link: none of the wheel's tags (cp310-cp310-manylinux2014_x86_64, cp310-cp310-manylinux_2_17_x86_64, cp310-cp310-manylinux_2_28_x86_64) are compatible (run pip debug --verbose to show compatible tags): https://files.pythonhosted.org/packages/ad/de/644d8e78a06ba567031f4e8d1440f9f2214ba1c8f12f600a0cf858cb0bdf/sysv_ipc-1.2.0-cp310-cp310-manylinux2014_x86_64.manylinux_2_17_x86_64.manylinux_2_28_x86_64.whl (from https://pypi.org/simple/sysv-ipc/)
2026-04-17T16:15:35,327   Skipping link: none of the wheel's tags (cp310-cp310-musllinux_1_2_aarch64) are compatible (run pip debug --verbose to show compatible tags): https://files.pythonhosted.org/packages/5e/46/a8d2f9dee84e12c6e9338a08ea79ccc5ccff6b93cd746208f7c1ec8fc9f3/sysv_ipc-1.2.0-cp310-cp310-musllinux_1_2_aarch64.whl (from https://pypi.org/simple/sysv-ipc/)
2026-04-17T16:15:35,327   Skipping link: none of the wheel's tags (cp310-cp310-musllinux_1_2_x86_64) are compatible (run pip debug --verbose to show compatible tags): https://files.pythonhosted.org/packages/2e/d5/943285f3012d4d13565b16e8b5f6535fb22947b87f7364d14edad56cdfb8/sysv_ipc-1.2.0-cp310-cp310-musllinux_1_2_x86_64.whl (from https://pypi.org/simple/sysv-ipc/)
2026-04-17T16:15:35,328   Skipping link: none of the wheel's tags (cp311-cp311-macosx_10_9_x86_64) are compatible (run pip debug --verbose to show compatible tags): https://files.pythonhosted.org/packages/c4/d8/d4c76bf7b7fa1c8959741c252e06d1edb686b3328a2a3cbac73fd6d4c310/sysv_ipc-1.2.0-cp311-cp311-macosx_10_9_x86_64.whl (from https://pypi.org/simple/sysv-ipc/)
2026-04-17T16:15:35,328   Skipping link: none of the wheel's tags (cp311-cp311-macosx_11_0_arm64) are compatible (run pip debug --verbose to show compatible tags): https://files.pythonhosted.org/packages/ad/a7/9c438181a6caf3b87e329b96d354bcc3d9c9e29b2dcabe9eb2ee8c46638a/sysv_ipc-1.2.0-cp311-cp311-macosx_11_0_arm64.whl (from https://pypi.org/simple/sysv-ipc/)
2026-04-17T16:15:35,328   Skipping link: none of the wheel's tags (cp311-cp311-manylinux2014_aarch64, cp311-cp311-manylinux_2_17_aarch64, cp311-cp311-manylinux_2_28_aarch64) are compatible (run pip debug --verbose to show compatible tags): https://files.pythonhosted.org/packages/69/bb/fc8598eae00697586a4a60684e61f402ee1ed189bbacf137ac87ba661655/sysv_ipc-1.2.0-cp311-cp311-manylinux2014_aarch64.manylinux_2_17_aarch64.manylinux_2_28_aarch64.whl (from https://pypi.org/simple/sysv-ipc/)
2026-04-17T16:15:35,328   Skipping link: none of the wheel's tags (cp311-cp311-manylinux2014_x86_64, cp311-cp311-manylinux_2_17_x86_64, cp311-cp311-manylinux_2_28_x86_64) are compatible (run pip debug --verbose to show compatible tags): https://files.pythonhosted.org/packages/4b/39/f0934017b66ba178d7cb6e830ef122c8fe908c1178b70485c0a4b6f12baa/sysv_ipc-1.2.0-cp311-cp311-manylinux2014_x86_64.manylinux_2_17_x86_64.manylinux_2_28_x86_64.whl (from https://pypi.org/simple/sysv-ipc/)
2026-04-17T16:15:35,328   Skipping link: none of the wheel's tags (cp311-cp311-musllinux_1_2_aarch64) are compatible (run pip debug --verbose to show compatible tags): https://files.pythonhosted.org/packages/42/92/50341228685ddd2b7dc7416f91c7dbba9841c4d40fe6779543e063d08970/sysv_ipc-1.2.0-cp311-cp311-musllinux_1_2_aarch64.whl (from https://pypi.org/simple/sysv-ipc/)
2026-04-17T16:15:35,328   Skipping link: none of the wheel's tags (cp311-cp311-musllinux_1_2_x86_64) are compatible (run pip debug --verbose to show compatible tags): https://files.pythonhosted.org/packages/22/df/a7a32863e8fc96e673d2a6beb68b862e5c9e0927b13d55973b18cdcedde6/sysv_ipc-1.2.0-cp311-cp311-musllinux_1_2_x86_64.whl (from https://pypi.org/simple/sysv-ipc/)
2026-04-17T16:15:35,328   Skipping link: none of the wheel's tags (cp312-cp312-macosx_10_13_x86_64) are compatible (run pip debug --verbose to show compatible tags): https://files.pythonhosted.org/packages/4d/29/7a4dec40fe300f79b5a3f721cf240b3b4798e7960f1b9e2c8205e7ddfcb2/sysv_ipc-1.2.0-cp312-cp312-macosx_10_13_x86_64.whl (from https://pypi.org/simple/sysv-ipc/)
2026-04-17T16:15:35,328   Skipping link: none of the wheel's tags (cp312-cp312-macosx_11_0_arm64) are compatible (run pip debug --verbose to show compatible tags): https://files.pythonhosted.org/packages/a5/b3/0889dcb9f6e5c36880e30eae2d73916a960e94a1b045a6caf68ad6ab4653/sysv_ipc-1.2.0-cp312-cp312-macosx_11_0_arm64.whl (from https://pypi.org/simple/sysv-ipc/)
2026-04-17T16:15:35,328   Skipping link: none of the wheel's tags (cp312-cp312-manylinux2014_aarch64, cp312-cp312-manylinux_2_17_aarch64, cp312-cp312-manylinux_2_28_aarch64) are compatible (run pip debug --verbose to show compatible tags): https://files.pythonhosted.org/packages/e7/98/b35eba27297a886931d69352c171cfd53ea9b4a9097d282f80556046bc39/sysv_ipc-1.2.0-cp312-cp312-manylinux2014_aarch64.manylinux_2_17_aarch64.manylinux_2_28_aarch64.whl (from https://pypi.org/simple/sysv-ipc/)
2026-04-17T16:15:35,328   Skipping link: none of the wheel's tags (cp312-cp312-manylinux2014_x86_64, cp312-cp312-manylinux_2_17_x86_64, cp312-cp312-manylinux_2_28_x86_64) are compatible (run pip debug --verbose to show compatible tags): https://files.pythonhosted.org/packages/5d/6f/906724d4ca94cc5c0a6c419ed0ec2a0b64b41de6771590ebf9db59cc97db/sysv_ipc-1.2.0-cp312-cp312-manylinux2014_x86_64.manylinux_2_17_x86_64.manylinux_2_28_x86_64.whl (from https://pypi.org/simple/sysv-ipc/)
2026-04-17T16:15:35,328   Skipping link: none of the wheel's tags (cp312-cp312-musllinux_1_2_aarch64) are compatible (run pip debug --verbose to show compatible tags): https://files.pythonhosted.org/packages/ea/3a/818d7634f31484e35ffee1b018287a0007e24a98709d06ecc544e7c7cba8/sysv_ipc-1.2.0-cp312-cp312-musllinux_1_2_aarch64.whl (from https://pypi.org/simple/sysv-ipc/)
2026-04-17T16:15:35,328   Skipping link: none of the wheel's tags (cp312-cp312-musllinux_1_2_x86_64) are compatible (run pip debug --verbose to show compatible tags): https://files.pythonhosted.org/packages/1b/80/e3881c84573206563191d8c13711382dc22bf54a7ae4d09d099271cf3703/sysv_ipc-1.2.0-cp312-cp312-musllinux_1_2_x86_64.whl (from https://pypi.org/simple/sysv-ipc/)
2026-04-17T16:15:35,328   Skipping link: none of the wheel's tags (cp313-cp313-macosx_10_13_x86_64) are compatible (run pip debug --verbose to show compatible tags): https://files.pythonhosted.org/packages/56/0e/2199098fb53465699139eb6cdf066403b6d901bd341d8237634a98ecd290/sysv_ipc-1.2.0-cp313-cp313-macosx_10_13_x86_64.whl (from https://pypi.org/simple/sysv-ipc/)
2026-04-17T16:15:35,328   Skipping link: none of the wheel's tags (cp313-cp313-macosx_11_0_arm64) are compatible (run pip debug --verbose to show compatible tags): https://files.pythonhosted.org/packages/d9/9f/78eaf22542dce8ebe9d2b658664b61c756f548b8e382d8d8b004b11e5a90/sysv_ipc-1.2.0-cp313-cp313-macosx_11_0_arm64.whl (from https://pypi.org/simple/sysv-ipc/)
2026-04-17T16:15:35,328   Found link https://files.pythonhosted.org/packages/a2/2d/2e4f55201cca54666c08468538348be4af16a52c7296bdd038a303e7be9f/sysv_ipc-1.2.0-cp313-cp313-manylinux2014_aarch64.manylinux_2_17_aarch64.manylinux_2_28_aarch64.whl (from https://pypi.org/simple/sysv-ipc/), version: 1.2.0
2026-04-17T16:15:35,328   Skipping link: none of the wheel's tags (cp313-cp313-manylinux2014_x86_64, cp313-cp313-manylinux_2_17_x86_64, cp313-cp313-manylinux_2_28_x86_64) are compatible (run pip debug --verbose to show compatible tags): https://files.pythonhosted.org/packages/d0/6a/e04914984503317dd2481d6ff5fa9ab85e70960b79514309b0bcb0ef08d8/sysv_ipc-1.2.0-cp313-cp313-manylinux2014_x86_64.manylinux_2_17_x86_64.manylinux_2_28_x86_64.whl (from https://pypi.org/simple/sysv-ipc/)
2026-04-17T16:15:35,328   Skipping link: none of the wheel's tags (cp313-cp313-musllinux_1_2_aarch64) are compatible (run pip debug --verbose to show compatible tags): https://files.pythonhosted.org/packages/54/46/6f9aacbbf4c71ddce08f645bd67fa4223573a3191fd938acc926ca2b94c4/sysv_ipc-1.2.0-cp313-cp313-musllinux_1_2_aarch64.whl (from https://pypi.org/simple/sysv-ipc/)
2026-04-17T16:15:35,328   Skipping link: none of the wheel's tags (cp313-cp313-musllinux_1_2_x86_64) are compatible (run pip debug --verbose to show compatible tags): https://files.pythonhosted.org/packages/34/21/0127cb9ecbc281c5b5a79d4be7a61e2d35442f72baaa1594e089dbe9206a/sysv_ipc-1.2.0-cp313-cp313-musllinux_1_2_x86_64.whl (from https://pypi.org/simple/sysv-ipc/)
2026-04-17T16:15:35,328   Skipping link: none of the wheel's tags (cp314-cp314-macosx_10_15_x86_64) are compatible (run pip debug --verbose to show compatible tags): https://files.pythonhosted.org/packages/58/10/d85c8358bf3eebe1f2ecf43b27bb6f6e893ab3e70b4e08f329f9bbc7caf2/sysv_ipc-1.2.0-cp314-cp314-macosx_10_15_x86_64.whl (from https://pypi.org/simple/sysv-ipc/)
2026-04-17T16:15:35,328   Skipping link: none of the wheel's tags (cp314-cp314-macosx_11_0_arm64) are compatible (run pip debug --verbose to show compatible tags): https://files.pythonhosted.org/packages/ee/1c/b519f41a7b79622eb7851554530a7e5a541679229fece638ee870ec2d4a6/sysv_ipc-1.2.0-cp314-cp314-macosx_11_0_arm64.whl (from https://pypi.org/simple/sysv-ipc/)
2026-04-17T16:15:35,328   Skipping link: none of the wheel's tags (cp314-cp314-manylinux2014_aarch64, cp314-cp314-manylinux_2_17_aarch64, cp314-cp314-manylinux_2_28_aarch64) are compatible (run pip debug --verbose to show compatible tags): https://files.pythonhosted.org/packages/e4/a5/1d0f4a95ba040987266af995eb973f2d469fa61452cc925a8ff95401927f/sysv_ipc-1.2.0-cp314-cp314-manylinux2014_aarch64.manylinux_2_17_aarch64.manylinux_2_28_aarch64.whl (from https://pypi.org/simple/sysv-ipc/)
2026-04-17T16:15:35,328   Skipping link: none of the wheel's tags (cp314-cp314-manylinux2014_x86_64, cp314-cp314-manylinux_2_17_x86_64, cp314-cp314-manylinux_2_28_x86_64) are compatible (run pip debug --verbose to show compatible tags): https://files.pythonhosted.org/packages/8e/7a/25d2a8a7bde7165a0260d06e83a57ecfe8668802f31ffea47620cfcb56eb/sysv_ipc-1.2.0-cp314-cp314-manylinux2014_x86_64.manylinux_2_17_x86_64.manylinux_2_28_x86_64.whl (from https://pypi.org/simple/sysv-ipc/)
2026-04-17T16:15:35,329   Skipping link: none of the wheel's tags (cp314-cp314-musllinux_1_2_aarch64) are compatible (run pip debug --verbose to show compatible tags): https://files.pythonhosted.org/packages/8f/77/2be88d40d24a780f56ca74ff01802f8cb548a1def4c50da7094720fcd41c/sysv_ipc-1.2.0-cp314-cp314-musllinux_1_2_aarch64.whl (from https://pypi.org/simple/sysv-ipc/)
2026-04-17T16:15:35,329   Skipping link: none of the wheel's tags (cp314-cp314-musllinux_1_2_x86_64) are compatible (run pip debug --verbose to show compatible tags): https://files.pythonhosted.org/packages/2f/04/b7657691f0274bd22fb66fc772e567c78dffb96f6943cbb16352e20b55a1/sysv_ipc-1.2.0-cp314-cp314-musllinux_1_2_x86_64.whl (from https://pypi.org/simple/sysv-ipc/)
2026-04-17T16:15:35,329   Skipping link: none of the wheel's tags (cp314-cp314t-macosx_10_15_x86_64) are compatible (run pip debug --verbose to show compatible tags): https://files.pythonhosted.org/packages/d5/1e/664ab7697b1b787ec12417b384dba8e245fe203e17ece7eadcebb4df4174/sysv_ipc-1.2.0-cp314-cp314t-macosx_10_15_x86_64.whl (from https://pypi.org/simple/sysv-ipc/)
2026-04-17T16:15:35,329   Skipping link: none of the wheel's tags (cp314-cp314t-macosx_11_0_arm64) are compatible (run pip debug --verbose to show compatible tags): https://files.pythonhosted.org/packages/6c/5d/dec740756570132de94e8e03134b3639a99401495b2dddbcc36298afefb0/sysv_ipc-1.2.0-cp314-cp314t-macosx_11_0_arm64.whl (from https://pypi.org/simple/sysv-ipc/)
2026-04-17T16:15:35,329   Skipping link: none of the wheel's tags (cp314-cp314t-manylinux2014_aarch64, cp314-cp314t-manylinux_2_17_aarch64, cp314-cp314t-manylinux_2_28_aarch64) are compatible (run pip debug --verbose to show compatible tags): https://files.pythonhosted.org/packages/cc/61/ff85f043f507d4d9d5a84411dfd18f8f896dc3f77d29f5f4f6ee1d48ec9c/sysv_ipc-1.2.0-cp314-cp314t-manylinux2014_aarch64.manylinux_2_17_aarch64.manylinux_2_28_aarch64.whl (from https://pypi.org/simple/sysv-ipc/)
2026-04-17T16:15:35,329   Skipping link: none of the wheel's tags (cp314-cp314t-manylinux2014_x86_64, cp314-cp314t-manylinux_2_17_x86_64, cp314-cp314t-manylinux_2_28_x86_64) are compatible (run pip debug --verbose to show compatible tags): https://files.pythonhosted.org/packages/ff/39/02d900a035c674c6e4edb263ea0061c0fa8389ad9a2270150dc2a1fee476/sysv_ipc-1.2.0-cp314-cp314t-manylinux2014_x86_64.manylinux_2_17_x86_64.manylinux_2_28_x86_64.whl (from https://pypi.org/simple/sysv-ipc/)
2026-04-17T16:15:35,329   Skipping link: none of the wheel's tags (cp314-cp314t-musllinux_1_2_aarch64) are compatible (run pip debug --verbose to show compatible tags): https://files.pythonhosted.org/packages/46/5a/d269d9aca6f2eda908c58a244488bcca751004c8f954742fd8aadf2e0a6d/sysv_ipc-1.2.0-cp314-cp314t-musllinux_1_2_aarch64.whl (from https://pypi.org/simple/sysv-ipc/)
2026-04-17T16:15:35,329   Skipping link: none of the wheel's tags (cp314-cp314t-musllinux_1_2_x86_64) are compatible (run pip debug --verbose to show compatible tags): https://files.pythonhosted.org/packages/8d/13/a49595e0056dc607e7530b946c7b62f11ec514822c40d54d94287e534e9d/sysv_ipc-1.2.0-cp314-cp314t-musllinux_1_2_x86_64.whl (from https://pypi.org/simple/sysv-ipc/)
2026-04-17T16:15:35,329   Skipping link: none of the wheel's tags (cp38-cp38-macosx_10_9_x86_64) are compatible (run pip debug --verbose to show compatible tags): https://files.pythonhosted.org/packages/ad/72/1195d8f2ab6a5ef7ccc58aac1c98963f7daf747a1c3f6fad20fb9b955d2b/sysv_ipc-1.2.0-cp38-cp38-macosx_10_9_x86_64.whl (from https://pypi.org/simple/sysv-ipc/)
2026-04-17T16:15:35,329   Skipping link: none of the wheel's tags (cp38-cp38-macosx_11_0_arm64) are compatible (run pip debug --verbose to show compatible tags): https://files.pythonhosted.org/packages/89/20/e393d0cb7b7460cb32476e79eb46692fdaa038696777211db9b720d1a78a/sysv_ipc-1.2.0-cp38-cp38-macosx_11_0_arm64.whl (from https://pypi.org/simple/sysv-ipc/)
2026-04-17T16:15:35,329   Skipping link: none of the wheel's tags (cp38-cp38-manylinux2014_aarch64, cp38-cp38-manylinux_2_17_aarch64, cp38-cp38-manylinux_2_28_aarch64) are compatible (run pip debug --verbose to show compatible tags): https://files.pythonhosted.org/packages/18/10/83cb8c3bf5c9df3e1e60298f6413110a21afcbddfc88dbae4ea8b6401ca3/sysv_ipc-1.2.0-cp38-cp38-manylinux2014_aarch64.manylinux_2_17_aarch64.manylinux_2_28_aarch64.whl (from https://pypi.org/simple/sysv-ipc/)
2026-04-17T16:15:35,329   Skipping link: none of the wheel's tags (cp38-cp38-manylinux2014_x86_64, cp38-cp38-manylinux_2_17_x86_64, cp38-cp38-manylinux_2_28_x86_64) are compatible (run pip debug --verbose to show compatible tags): https://files.pythonhosted.org/packages/71/0a/43ec1c67a015f8d0293efd12f8df56fb66b5e5fd8b1128038422c4bbdc18/sysv_ipc-1.2.0-cp38-cp38-manylinux2014_x86_64.manylinux_2_17_x86_64.manylinux_2_28_x86_64.whl (from https://pypi.org/simple/sysv-ipc/)
2026-04-17T16:15:35,329   Skipping link: none of the wheel's tags (cp38-cp38-musllinux_1_2_aarch64) are compatible (run pip debug --verbose to show compatible tags): https://files.pythonhosted.org/packages/96/5c/8ade13e359ca6317284253e7e4d20529b12c0b370a63bdab338e93b60695/sysv_ipc-1.2.0-cp38-cp38-musllinux_1_2_aarch64.whl (from https://pypi.org/simple/sysv-ipc/)
2026-04-17T16:15:35,329   Skipping link: none of the wheel's tags (cp38-cp38-musllinux_1_2_x86_64) are compatible (run pip debug --verbose to show compatible tags): https://files.pythonhosted.org/packages/3e/c1/51ac56e1e97c7163422013f63e3f86ccc4fd08238eded29ab6ddaff02c4a/sysv_ipc-1.2.0-cp38-cp38-musllinux_1_2_x86_64.whl (from https://pypi.org/simple/sysv-ipc/)
2026-04-17T16:15:35,329   Skipping link: none of the wheel's tags (cp39-cp39-macosx_10_9_x86_64) are compatible (run pip debug --verbose to show compatible tags): https://files.pythonhosted.org/packages/a5/21/5808b78c5de11931f2941347a721f42d531212c21a0fb71d8d7eac330a25/sysv_ipc-1.2.0-cp39-cp39-macosx_10_9_x86_64.whl (from https://pypi.org/simple/sysv-ipc/)
2026-04-17T16:15:35,329   Skipping link: none of the wheel's tags (cp39-cp39-macosx_11_0_arm64) are compatible (run pip debug --verbose to show compatible tags): https://files.pythonhosted.org/packages/63/c9/a95f029c25ee3296f239bf2e244a35f5998ed078535bd2889f0f3748283d/sysv_ipc-1.2.0-cp39-cp39-macosx_11_0_arm64.whl (from https://pypi.org/simple/sysv-ipc/)
2026-04-17T16:15:35,329   Skipping link: none of the wheel's tags (cp39-cp39-manylinux2014_aarch64, cp39-cp39-manylinux_2_17_aarch64, cp39-cp39-manylinux_2_28_aarch64) are compatible (run pip debug --verbose to show compatible tags): https://files.pythonhosted.org/packages/06/37/578c9d68e61c5727fcf3e62cc32b62a7d803f53e334baaa99e7662d2d263/sysv_ipc-1.2.0-cp39-cp39-manylinux2014_aarch64.manylinux_2_17_aarch64.manylinux_2_28_aarch64.whl (from https://pypi.org/simple/sysv-ipc/)
2026-04-17T16:15:35,329   Skipping link: none of the wheel's tags (cp39-cp39-manylinux2014_x86_64, cp39-cp39-manylinux_2_17_x86_64, cp39-cp39-manylinux_2_28_x86_64) are compatible (run pip debug --verbose to show compatible tags): https://files.pythonhosted.org/packages/86/57/c4850c2ca8548ac567f67dccb6163bc34cc8a09745a6a06bbde6ce605bc1/sysv_ipc-1.2.0-cp39-cp39-manylinux2014_x86_64.manylinux_2_17_x86_64.manylinux_2_28_x86_64.whl (from https://pypi.org/simple/sysv-ipc/)
2026-04-17T16:15:35,329   Skipping link: none of the wheel's tags (cp39-cp39-musllinux_1_2_aarch64) are compatible (run pip debug --verbose to show compatible tags): https://files.pythonhosted.org/packages/5f/7d/9d34220a8367c6c968fa4606491231781c3b651aed32b30f5c80f24a4f8e/sysv_ipc-1.2.0-cp39-cp39-musllinux_1_2_aarch64.whl (from https://pypi.org/simple/sysv-ipc/)
2026-04-17T16:15:35,329   Skipping link: none of the wheel's tags (cp39-cp39-musllinux_1_2_x86_64) are compatible (run pip debug --verbose to show compatible tags): https://files.pythonhosted.org/packages/b9/47/717ebb1a363958cf9c33028bb93f92b777041a45508cfde8832f0ebeb065/sysv_ipc-1.2.0-cp39-cp39-musllinux_1_2_x86_64.whl (from https://pypi.org/simple/sysv-ipc/)
2026-04-17T16:15:35,329   Skipping link: none of the wheel's tags (pp311-pypy311_pp73-macosx_10_15_x86_64) are compatible (run pip debug --verbose to show compatible tags): https://files.pythonhosted.org/packages/7e/f9/8488047a9b24f966c86d0f6590dcb9509e8eaf8ca3a527862a79e008418d/sysv_ipc-1.2.0-pp311-pypy311_pp73-macosx_10_15_x86_64.whl (from https://pypi.org/simple/sysv-ipc/)
2026-04-17T16:15:35,329   Skipping link: none of the wheel's tags (pp311-pypy311_pp73-macosx_11_0_arm64) are compatible (run pip debug --verbose to show compatible tags): https://files.pythonhosted.org/packages/46/08/da8c43853db1bc093bd97770ccee204b4a66c90a1a5047e0d7c205b90ecd/sysv_ipc-1.2.0-pp311-pypy311_pp73-macosx_11_0_arm64.whl (from https://pypi.org/simple/sysv-ipc/)
2026-04-17T16:15:35,330   Skipping link: none of the wheel's tags (pp311-pypy311_pp73-manylinux2014_aarch64, pp311-pypy311_pp73-manylinux_2_17_aarch64, pp311-pypy311_pp73-manylinux_2_28_aarch64) are compatible (run pip debug --verbose to show compatible tags): https://files.pythonhosted.org/packages/82/89/6ab21a4568e65630385a715a8c8f9019e1a21cf1d57ba3e7358c62d14d63/sysv_ipc-1.2.0-pp311-pypy311_pp73-manylinux2014_aarch64.manylinux_2_17_aarch64.manylinux_2_28_aarch64.whl (from https://pypi.org/simple/sysv-ipc/)
2026-04-17T16:15:35,330   Skipping link: none of the wheel's tags (pp311-pypy311_pp73-manylinux2014_x86_64, pp311-pypy311_pp73-manylinux_2_17_x86_64, pp311-pypy311_pp73-manylinux_2_28_x86_64) are compatible (run pip debug --verbose to show compatible tags): https://files.pythonhosted.org/packages/f3/df/a6f6a945a69ad796c7de91e489aeecb6a9b6d3437f8c927f3ad3194d9cc5/sysv_ipc-1.2.0-pp311-pypy311_pp73-manylinux2014_x86_64.manylinux_2_17_x86_64.manylinux_2_28_x86_64.whl (from https://pypi.org/simple/sysv-ipc/)
2026-04-17T16:15:35,330   Found link https://files.pythonhosted.org/packages/f2/5e/59208c6dd05ebc6f46ce2023c4fc01ffe814a1967d21b35d312c7e6ffeae/sysv_ipc-1.2.0.tar.gz (from https://pypi.org/simple/sysv-ipc/), version: 1.2.0
2026-04-17T16:15:35,330 Fetching project page and analyzing links: https://www.piwheels.org/simple/sysv-ipc/
2026-04-17T16:15:35,330 Getting page https://www.piwheels.org/simple/sysv-ipc/
2026-04-17T16:15:35,330 Found index url https://www.piwheels.org/simple/
2026-04-17T16:15:35,330 Looking up "https://www.piwheels.org/simple/sysv-ipc/" in the cache
2026-04-17T16:15:35,330 Request header has "max_age" as 0, cache bypassed
2026-04-17T16:15:35,530 https://www.piwheels.org:443 "GET /simple/sysv-ipc/ HTTP/1.1" 200 2314
2026-04-17T16:15:35,530 Updating cache with response from "https://www.piwheels.org/simple/sysv-ipc/"
2026-04-17T16:15:35,530 etag object cached for 1209600 seconds
2026-04-17T16:15:35,531 Caching due to etag
2026-04-17T16:15:35,540 Fetched page https://www.piwheels.org/simple/sysv-ipc/ as text/html
2026-04-17T16:15:35,545   Skipping link: none of the wheel's tags (cp311-cp311-linux_armv6l) are compatible (run pip debug --verbose to show compatible tags): https://www.piwheels.org/simple/sysv-ipc/sysv_ipc-1.2.0-cp311-cp311-linux_armv6l.whl#sha256=9b803670ffa9e40233e243d0684854576833a6f650b8ba2bc24e96f072922a7e (from https://www.piwheels.org/simple/sysv-ipc/)
2026-04-17T16:15:35,545   Skipping link: none of the wheel's tags (cp311-cp311-linux_armv7l) are compatible (run pip debug --verbose to show compatible tags): https://www.piwheels.org/simple/sysv-ipc/sysv_ipc-1.2.0-cp311-cp311-linux_armv7l.whl#sha256=9b803670ffa9e40233e243d0684854576833a6f650b8ba2bc24e96f072922a7e (from https://www.piwheels.org/simple/sysv-ipc/)
2026-04-17T16:15:35,545   Skipping link: none of the wheel's tags (cp313-cp313-linux_armv6l) are compatible (run pip debug --verbose to show compatible tags): https://www.piwheels.org/simple/sysv-ipc/sysv_ipc-1.2.0-cp313-cp313-linux_armv6l.whl#sha256=64cb9623aa26ffb92cb52a14d9981eeac3634a92dc146afae794849b2a8c1067 (from https://www.piwheels.org/simple/sysv-ipc/)
2026-04-17T16:15:35,545   Skipping link: none of the wheel's tags (cp313-cp313-linux_armv7l) are compatible (run pip debug --verbose to show compatible tags): https://www.piwheels.org/simple/sysv-ipc/sysv_ipc-1.2.0-cp313-cp313-linux_armv7l.whl#sha256=64cb9623aa26ffb92cb52a14d9981eeac3634a92dc146afae794849b2a8c1067 (from https://www.piwheels.org/simple/sysv-ipc/)
2026-04-17T16:15:35,545   Skipping link: none of the wheel's tags (cp39-cp39-linux_armv6l) are compatible (run pip debug --verbose to show compatible tags): https://www.piwheels.org/simple/sysv-ipc/sysv_ipc-1.2.0-cp39-cp39-linux_armv6l.whl#sha256=b517826679f76fe1a88a371b8793ab3c5be6df6dd8b0ceaf873e69831e889d12 (from https://www.piwheels.org/simple/sysv-ipc/)
2026-04-17T16:15:35,545   Skipping link: none of the wheel's tags (cp39-cp39-linux_armv7l) are compatible (run pip debug --verbose to show compatible tags): https://www.piwheels.org/simple/sysv-ipc/sysv_ipc-1.2.0-cp39-cp39-linux_armv7l.whl#sha256=b517826679f76fe1a88a371b8793ab3c5be6df6dd8b0ceaf873e69831e889d12 (from https://www.piwheels.org/simple/sysv-ipc/)
2026-04-17T16:15:35,545   Skipping link: none of the wheel's tags (cp37-cp37m-linux_armv6l) are compatible (run pip debug --verbose to show compatible tags): https://www.piwheels.org/simple/sysv-ipc/sysv_ipc-1.1.0-cp37-cp37m-linux_armv6l.whl#sha256=3cc523ce39338200c0ad7735c48267a26735690977b4eb4879bd8e10b4e7a82d (from https://www.piwheels.org/simple/sysv-ipc/)
2026-04-17T16:15:35,545   Skipping link: none of the wheel's tags (cp37-cp37m-linux_armv7l) are compatible (run pip debug --verbose to show compatible tags): https://www.piwheels.org/simple/sysv-ipc/sysv_ipc-1.1.0-cp37-cp37m-linux_armv7l.whl#sha256=3cc523ce39338200c0ad7735c48267a26735690977b4eb4879bd8e10b4e7a82d (from https://www.piwheels.org/simple/sysv-ipc/)
2026-04-17T16:15:35,545   Skipping link: none of the wheel's tags (cp311-cp311-linux_armv6l) are compatible (run pip debug --verbose to show compatible tags): https://www.piwheels.org/simple/sysv-ipc/sysv_ipc-1.1.0-cp311-cp311-linux_armv6l.whl#sha256=5fb634b7ff62415d240a6a37a7e7c0ed6fe708b2bb541a81bfaf3da4df7a47ff (from https://www.piwheels.org/simple/sysv-ipc/)
2026-04-17T16:15:35,545   Skipping link: none of the wheel's tags (cp311-cp311-linux_armv7l) are compatible (run pip debug --verbose to show compatible tags): https://www.piwheels.org/simple/sysv-ipc/sysv_ipc-1.1.0-cp311-cp311-linux_armv7l.whl#sha256=5fb634b7ff62415d240a6a37a7e7c0ed6fe708b2bb541a81bfaf3da4df7a47ff (from https://www.piwheels.org/simple/sysv-ipc/)
2026-04-17T16:15:35,545   Skipping link: none of the wheel's tags (cp39-cp39-linux_armv6l) are compatible (run pip debug --verbose to show compatible tags): https://www.piwheels.org/simple/sysv-ipc/sysv_ipc-1.1.0-cp39-cp39-linux_armv6l.whl#sha256=0ef1f4360d0c4e353f63d43743911c060881ebf920c95ec8adfa4fcbf58955da (from https://www.piwheels.org/simple/sysv-ipc/)
2026-04-17T16:15:35,545   Skipping link: none of the wheel's tags (cp39-cp39-linux_armv7l) are compatible (run pip debug --verbose to show compatible tags): https://www.piwheels.org/simple/sysv-ipc/sysv_ipc-1.1.0-cp39-cp39-linux_armv7l.whl#sha256=0ef1f4360d0c4e353f63d43743911c060881ebf920c95ec8adfa4fcbf58955da (from https://www.piwheels.org/simple/sysv-ipc/)
2026-04-17T16:15:35,546   Skipping link: none of the wheel's tags (cp313-cp313-linux_armv6l) are compatible (run pip debug --verbose to show compatible tags): https://www.piwheels.org/simple/sysv-ipc/sysv_ipc-1.1.0-cp313-cp313-linux_armv6l.whl#sha256=082907c7a531ad7be8cb76b3f3c08d9e9952b26afa42074b9dafc115babb712d (from https://www.piwheels.org/simple/sysv-ipc/)
2026-04-17T16:15:35,546   Skipping link: none of the wheel's tags (cp313-cp313-linux_armv7l) are compatible (run pip debug --verbose to show compatible tags): https://www.piwheels.org/simple/sysv-ipc/sysv_ipc-1.1.0-cp313-cp313-linux_armv7l.whl#sha256=082907c7a531ad7be8cb76b3f3c08d9e9952b26afa42074b9dafc115babb712d (from https://www.piwheels.org/simple/sysv-ipc/)
2026-04-17T16:15:35,546   Skipping link: none of the wheel's tags (cp35-cp35m-linux_armv6l) are compatible (run pip debug --verbose to show compatible tags): https://archive1.piwheels.org/simple/sysv-ipc/sysv_ipc-1.0.1-cp35-cp35m-linux_armv6l.whl#sha256=e163a3a952ba1b97b47d76a4ab075bd70bcb2a696ea76782b93f26b06b58c206 (from https://www.piwheels.org/simple/sysv-ipc/)
2026-04-17T16:15:35,546   Skipping link: none of the wheel's tags (cp35-cp35m-linux_armv7l) are compatible (run pip debug --verbose to show compatible tags): https://archive1.piwheels.org/simple/sysv-ipc/sysv_ipc-1.0.1-cp35-cp35m-linux_armv7l.whl#sha256=e163a3a952ba1b97b47d76a4ab075bd70bcb2a696ea76782b93f26b06b58c206 (from https://www.piwheels.org/simple/sysv-ipc/)
2026-04-17T16:15:35,546   Skipping link: none of the wheel's tags (cp37-cp37m-linux_armv7l) are compatible (run pip debug --verbose to show compatible tags): https://archive1.piwheels.org/simple/sysv-ipc/sysv_ipc-1.0.1-cp37-cp37m-linux_armv7l.whl#sha256=344cd5349518bb11c18ed06c9e92ed3f1e4630754a472bda0ea68bff1b397983 (from https://www.piwheels.org/simple/sysv-ipc/)
2026-04-17T16:15:35,546   Skipping link: none of the wheel's tags (cp37-cp37m-linux_armv6l) are compatible (run pip debug --verbose to show compatible tags): https://archive1.piwheels.org/simple/sysv-ipc/sysv_ipc-1.0.1-cp37-cp37m-linux_armv6l.whl#sha256=344cd5349518bb11c18ed06c9e92ed3f1e4630754a472bda0ea68bff1b397983 (from https://www.piwheels.org/simple/sysv-ipc/)
2026-04-17T16:15:35,546   Skipping link: none of the wheel's tags (cp34-cp34m-linux_armv7l) are compatible (run pip debug --verbose to show compatible tags): https://archive1.piwheels.org/simple/sysv-ipc/sysv_ipc-1.0.1-cp34-cp34m-linux_armv7l.whl#sha256=719339a30411aa9d79179e91974e5cb432f30af44c6d32b3e1768dc634803ba7 (from https://www.piwheels.org/simple/sysv-ipc/)
2026-04-17T16:15:35,546   Skipping link: none of the wheel's tags (cp34-cp34m-linux_armv6l) are compatible (run pip debug --verbose to show compatible tags): https://archive1.piwheels.org/simple/sysv-ipc/sysv_ipc-1.0.1-cp34-cp34m-linux_armv6l.whl#sha256=719339a30411aa9d79179e91974e5cb432f30af44c6d32b3e1768dc634803ba7 (from https://www.piwheels.org/simple/sysv-ipc/)
2026-04-17T16:15:35,546   Skipping link: none of the wheel's tags (cp39-cp39-linux_armv6l) are compatible (run pip debug --verbose to show compatible tags): https://archive1.piwheels.org/simple/sysv-ipc/sysv_ipc-1.0.1-cp39-cp39-linux_armv6l.whl#sha256=04926a3c84eeaa7646141bd17ff1c7a0141e0d8e85e96eb29ae11f6dce227010 (from https://www.piwheels.org/simple/sysv-ipc/)
2026-04-17T16:15:35,546   Skipping link: none of the wheel's tags (cp39-cp39-linux_armv7l) are compatible (run pip debug --verbose to show compatible tags): https://archive1.piwheels.org/simple/sysv-ipc/sysv_ipc-1.0.1-cp39-cp39-linux_armv7l.whl#sha256=04926a3c84eeaa7646141bd17ff1c7a0141e0d8e85e96eb29ae11f6dce227010 (from https://www.piwheels.org/simple/sysv-ipc/)
2026-04-17T16:15:35,546   Skipping link: none of the wheel's tags (cp311-cp311-linux_armv6l) are compatible (run pip debug --verbose to show compatible tags): https://archive1.piwheels.org/simple/sysv-ipc/sysv_ipc-1.0.1-cp311-cp311-linux_armv6l.whl#sha256=f5291d10787f8d41f0f75857537eef3fea522ec1b5fd37b15a58542d20198359 (from https://www.piwheels.org/simple/sysv-ipc/)
2026-04-17T16:15:35,546   Skipping link: none of the wheel's tags (cp311-cp311-linux_armv7l) are compatible (run pip debug --verbose to show compatible tags): https://archive1.piwheels.org/simple/sysv-ipc/sysv_ipc-1.0.1-cp311-cp311-linux_armv7l.whl#sha256=f5291d10787f8d41f0f75857537eef3fea522ec1b5fd37b15a58542d20198359 (from https://www.piwheels.org/simple/sysv-ipc/)
2026-04-17T16:15:35,546   Skipping link: none of the wheel's tags (cp313-cp313-linux_armv6l) are compatible (run pip debug --verbose to show compatible tags): https://www.piwheels.org/simple/sysv-ipc/sysv_ipc-1.0.1-cp313-cp313-linux_armv6l.whl#sha256=ee4bbcb375dada972d6258dfbe01127c3f231699d5aa0ec6abb74db2016e6906 (from https://www.piwheels.org/simple/sysv-ipc/)
2026-04-17T16:15:35,546   Skipping link: none of the wheel's tags (cp313-cp313-linux_armv7l) are compatible (run pip debug --verbose to show compatible tags): https://www.piwheels.org/simple/sysv-ipc/sysv_ipc-1.0.1-cp313-cp313-linux_armv7l.whl#sha256=ee4bbcb375dada972d6258dfbe01127c3f231699d5aa0ec6abb74db2016e6906 (from https://www.piwheels.org/simple/sysv-ipc/)
2026-04-17T16:15:35,546   Skipping link: none of the wheel's tags (cp37-cp37m-linux_armv6l) are compatible (run pip debug --verbose to show compatible tags): https://archive1.piwheels.org/simple/sysv-ipc/sysv_ipc-1.0.0-cp37-cp37m-linux_armv6l.whl#sha256=bfbde90d4a0e6369ec11d2d401c26eb18b47f4c01d63d413c76b1314865bbd1d (from https://www.piwheels.org/simple/sysv-ipc/)
2026-04-17T16:15:35,546   Skipping link: none of the wheel's tags (cp37-cp37m-linux_armv7l) are compatible (run pip debug --verbose to show compatible tags): https://archive1.piwheels.org/simple/sysv-ipc/sysv_ipc-1.0.0-cp37-cp37m-linux_armv7l.whl#sha256=bfbde90d4a0e6369ec11d2d401c26eb18b47f4c01d63d413c76b1314865bbd1d (from https://www.piwheels.org/simple/sysv-ipc/)
2026-04-17T16:15:35,547   Skipping link: none of the wheel's tags (cp35-cp35m-linux_armv7l) are compatible (run pip debug --verbose to show compatible tags): https://archive1.piwheels.org/simple/sysv-ipc/sysv_ipc-1.0.0-cp35-cp35m-linux_armv7l.whl#sha256=9e26e7648069a63afd70ce59c11a50d57f8a264b1330a85a5748660c73101cf3 (from https://www.piwheels.org/simple/sysv-ipc/)
2026-04-17T16:15:35,547   Skipping link: none of the wheel's tags (cp35-cp35m-linux_armv6l) are compatible (run pip debug --verbose to show compatible tags): https://archive1.piwheels.org/simple/sysv-ipc/sysv_ipc-1.0.0-cp35-cp35m-linux_armv6l.whl#sha256=9e26e7648069a63afd70ce59c11a50d57f8a264b1330a85a5748660c73101cf3 (from https://www.piwheels.org/simple/sysv-ipc/)
2026-04-17T16:15:35,547   Skipping link: none of the wheel's tags (cp34-cp34m-linux_armv7l) are compatible (run pip debug --verbose to show compatible tags): https://archive1.piwheels.org/simple/sysv-ipc/sysv_ipc-1.0.0-cp34-cp34m-linux_armv7l.whl#sha256=5e98ea29d5db59f7ca5b0e216865c0bbeae5ac39e4ccf2e7e4ca836dba197a55 (from https://www.piwheels.org/simple/sysv-ipc/)
2026-04-17T16:15:35,547   Skipping link: none of the wheel's tags (cp34-cp34m-linux_armv6l) are compatible (run pip debug --verbose to show compatible tags): https://archive1.piwheels.org/simple/sysv-ipc/sysv_ipc-1.0.0-cp34-cp34m-linux_armv6l.whl#sha256=5e98ea29d5db59f7ca5b0e216865c0bbeae5ac39e4ccf2e7e4ca836dba197a55 (from https://www.piwheels.org/simple/sysv-ipc/)
2026-04-17T16:15:35,547   Skipping link: none of the wheel's tags (cp311-cp311-linux_armv6l) are compatible (run pip debug --verbose to show compatible tags): https://archive1.piwheels.org/simple/sysv-ipc/sysv_ipc-1.0.0-cp311-cp311-linux_armv6l.whl#sha256=09c0121c4eda840094a0c888ca8d2e6a378284c38f5b9df7fc032799c64b2755 (from https://www.piwheels.org/simple/sysv-ipc/)
2026-04-17T16:15:35,547   Skipping link: none of the wheel's tags (cp311-cp311-linux_armv7l) are compatible (run pip debug --verbose to show compatible tags): https://archive1.piwheels.org/simple/sysv-ipc/sysv_ipc-1.0.0-cp311-cp311-linux_armv7l.whl#sha256=09c0121c4eda840094a0c888ca8d2e6a378284c38f5b9df7fc032799c64b2755 (from https://www.piwheels.org/simple/sysv-ipc/)
2026-04-17T16:15:35,547   Skipping link: none of the wheel's tags (cp39-cp39-linux_armv6l) are compatible (run pip debug --verbose to show compatible tags): https://archive1.piwheels.org/simple/sysv-ipc/sysv_ipc-1.0.0-cp39-cp39-linux_armv6l.whl#sha256=a1c40506444ef998957ccc38d5cb9b171b1dcca4a02d90c2dcb86b0ef8d8083c (from https://www.piwheels.org/simple/sysv-ipc/)
2026-04-17T16:15:35,547   Skipping link: none of the wheel's tags (cp39-cp39-linux_armv7l) are compatible (run pip debug --verbose to show compatible tags): https://archive1.piwheels.org/simple/sysv-ipc/sysv_ipc-1.0.0-cp39-cp39-linux_armv7l.whl#sha256=a1c40506444ef998957ccc38d5cb9b171b1dcca4a02d90c2dcb86b0ef8d8083c (from https://www.piwheels.org/simple/sysv-ipc/)
2026-04-17T16:15:35,547   Skipping link: none of the wheel's tags (cp313-cp313-linux_armv6l) are compatible (run pip debug --verbose to show compatible tags): https://www.piwheels.org/simple/sysv-ipc/sysv_ipc-1.0.0-cp313-cp313-linux_armv6l.whl#sha256=a4c0ad78d9c8fdd96ad16d703955e2d2010576efce8b8f18ccba8f6478fea0ad (from https://www.piwheels.org/simple/sysv-ipc/)
2026-04-17T16:15:35,547   Skipping link: none of the wheel's tags (cp313-cp313-linux_armv7l) are compatible (run pip debug --verbose to show compatible tags): https://www.piwheels.org/simple/sysv-ipc/sysv_ipc-1.0.0-cp313-cp313-linux_armv7l.whl#sha256=a4c0ad78d9c8fdd96ad16d703955e2d2010576efce8b8f18ccba8f6478fea0ad (from https://www.piwheels.org/simple/sysv-ipc/)
2026-04-17T16:15:35,547   Skipping link: none of the wheel's tags (cp34-cp34m-linux_armv7l) are compatible (run pip debug --verbose to show compatible tags): https://archive1.piwheels.org/simple/sysv-ipc/sysv_ipc-0.7.0-cp34-cp34m-linux_armv7l.whl#sha256=c11b5d95fe61adaec55f6483babd537bcc227534712ecb6864ae352f2671031e (from https://www.piwheels.org/simple/sysv-ipc/)
2026-04-17T16:15:35,547   Skipping link: none of the wheel's tags (cp34-cp34m-linux_armv6l) are compatible (run pip debug --verbose to show compatible tags): https://archive1.piwheels.org/simple/sysv-ipc/sysv_ipc-0.7.0-cp34-cp34m-linux_armv6l.whl#sha256=c11b5d95fe61adaec55f6483babd537bcc227534712ecb6864ae352f2671031e (from https://www.piwheels.org/simple/sysv-ipc/)
2026-04-17T16:15:35,547   Skipping link: none of the wheel's tags (cp35-cp35m-linux_armv7l) are compatible (run pip debug --verbose to show compatible tags): https://archive1.piwheels.org/simple/sysv-ipc/sysv_ipc-0.7.0-cp35-cp35m-linux_armv7l.whl#sha256=d4c9b9a6d4aec6066216c71f597aeebdedcef3c89cdc5331ca477c484ea75b60 (from https://www.piwheels.org/simple/sysv-ipc/)
2026-04-17T16:15:35,547   Skipping link: none of the wheel's tags (cp35-cp35m-linux_armv6l) are compatible (run pip debug --verbose to show compatible tags): https://archive1.piwheels.org/simple/sysv-ipc/sysv_ipc-0.7.0-cp35-cp35m-linux_armv6l.whl#sha256=d4c9b9a6d4aec6066216c71f597aeebdedcef3c89cdc5331ca477c484ea75b60 (from https://www.piwheels.org/simple/sysv-ipc/)
2026-04-17T16:15:35,547   Skipping link: none of the wheel's tags (cp37-cp37m-linux_armv7l) are compatible (run pip debug --verbose to show compatible tags): https://archive1.piwheels.org/simple/sysv-ipc/sysv_ipc-0.7.0-cp37-cp37m-linux_armv7l.whl#sha256=e46c570dc0adca1a8bcb6dd66f91a2b01e47cccdefb8de206fdd10a4067b9070 (from https://www.piwheels.org/simple/sysv-ipc/)
2026-04-17T16:15:35,547   Skipping link: none of the wheel's tags (cp37-cp37m-linux_armv6l) are compatible (run pip debug --verbose to show compatible tags): https://archive1.piwheels.org/simple/sysv-ipc/sysv_ipc-0.7.0-cp37-cp37m-linux_armv6l.whl#sha256=e46c570dc0adca1a8bcb6dd66f91a2b01e47cccdefb8de206fdd10a4067b9070 (from https://www.piwheels.org/simple/sysv-ipc/)
2026-04-17T16:15:35,548   Skipping link: none of the wheel's tags (cp311-cp311-linux_armv6l) are compatible (run pip debug --verbose to show compatible tags): https://archive1.piwheels.org/simple/sysv-ipc/sysv_ipc-0.7.0-cp311-cp311-linux_armv6l.whl#sha256=25228b45aec8ac1b1b3e7ccf86f9d4e8cc7d19c8261b417807726d8599493e8b (from https://www.piwheels.org/simple/sysv-ipc/)
2026-04-17T16:15:35,548   Skipping link: none of the wheel's tags (cp311-cp311-linux_armv7l) are compatible (run pip debug --verbose to show compatible tags): https://archive1.piwheels.org/simple/sysv-ipc/sysv_ipc-0.7.0-cp311-cp311-linux_armv7l.whl#sha256=25228b45aec8ac1b1b3e7ccf86f9d4e8cc7d19c8261b417807726d8599493e8b (from https://www.piwheels.org/simple/sysv-ipc/)
2026-04-17T16:15:35,548   Skipping link: none of the wheel's tags (cp39-cp39-linux_armv6l) are compatible (run pip debug --verbose to show compatible tags): https://archive1.piwheels.org/simple/sysv-ipc/sysv_ipc-0.7.0-cp39-cp39-linux_armv6l.whl#sha256=233143fafce665abc30298133b47f09dd9cf9f1af5c3f2695fc4be30eafbb137 (from https://www.piwheels.org/simple/sysv-ipc/)
2026-04-17T16:15:35,548   Skipping link: none of the wheel's tags (cp39-cp39-linux_armv7l) are compatible (run pip debug --verbose to show compatible tags): https://archive1.piwheels.org/simple/sysv-ipc/sysv_ipc-0.7.0-cp39-cp39-linux_armv7l.whl#sha256=233143fafce665abc30298133b47f09dd9cf9f1af5c3f2695fc4be30eafbb137 (from https://www.piwheels.org/simple/sysv-ipc/)
2026-04-17T16:15:35,548   Skipping link: none of the wheel's tags (cp313-cp313-linux_armv6l) are compatible (run pip debug --verbose to show compatible tags): https://www.piwheels.org/simple/sysv-ipc/sysv_ipc-0.7.0-cp313-cp313-linux_armv6l.whl#sha256=256e6618b0c5b9055fb97402e7c24f1c2108df288f44a9c743d9652d85e4e754 (from https://www.piwheels.org/simple/sysv-ipc/)
2026-04-17T16:15:35,548   Skipping link: none of the wheel's tags (cp313-cp313-linux_armv7l) are compatible (run pip debug --verbose to show compatible tags): https://www.piwheels.org/simple/sysv-ipc/sysv_ipc-0.7.0-cp313-cp313-linux_armv7l.whl#sha256=256e6618b0c5b9055fb97402e7c24f1c2108df288f44a9c743d9652d85e4e754 (from https://www.piwheels.org/simple/sysv-ipc/)
2026-04-17T16:15:35,548   Skipping link: none of the wheel's tags (cp34-cp34m-linux_armv7l) are compatible (run pip debug --verbose to show compatible tags): https://archive1.piwheels.org/simple/sysv-ipc/sysv_ipc-0.6.8-cp34-cp34m-linux_armv7l.whl#sha256=54d213548c3485f41bc90f03d877d0f1f7e665b9a7d5b4b16866051c21de09f4 (from https://www.piwheels.org/simple/sysv-ipc/)
2026-04-17T16:15:35,548   Skipping link: none of the wheel's tags (cp34-cp34m-linux_armv6l) are compatible (run pip debug --verbose to show compatible tags): https://archive1.piwheels.org/simple/sysv-ipc/sysv_ipc-0.6.8-cp34-cp34m-linux_armv6l.whl#sha256=54d213548c3485f41bc90f03d877d0f1f7e665b9a7d5b4b16866051c21de09f4 (from https://www.piwheels.org/simple/sysv-ipc/)
2026-04-17T16:15:35,548   Skipping link: none of the wheel's tags (cp37-cp37m-linux_armv7l) are compatible (run pip debug --verbose to show compatible tags): https://archive1.piwheels.org/simple/sysv-ipc/sysv_ipc-0.6.8-cp37-cp37m-linux_armv7l.whl#sha256=99e9c3bc4c9c5ab803d3f6fe276457fae7467b72d174eb37303f8b62868adb67 (from https://www.piwheels.org/simple/sysv-ipc/)
2026-04-17T16:15:35,548   Skipping link: none of the wheel's tags (cp37-cp37m-linux_armv6l) are compatible (run pip debug --verbose to show compatible tags): https://archive1.piwheels.org/simple/sysv-ipc/sysv_ipc-0.6.8-cp37-cp37m-linux_armv6l.whl#sha256=99e9c3bc4c9c5ab803d3f6fe276457fae7467b72d174eb37303f8b62868adb67 (from https://www.piwheels.org/simple/sysv-ipc/)
2026-04-17T16:15:35,548   Skipping link: none of the wheel's tags (cp35-cp35m-linux_armv6l) are compatible (run pip debug --verbose to show compatible tags): https://archive1.piwheels.org/simple/sysv-ipc/sysv_ipc-0.6.8-cp35-cp35m-linux_armv6l.whl#sha256=40eaf911261364dd803b55866caec98eced8cfa729d2a4957dbaba23a397f1c3 (from https://www.piwheels.org/simple/sysv-ipc/)
2026-04-17T16:15:35,548   Skipping link: none of the wheel's tags (cp35-cp35m-linux_armv7l) are compatible (run pip debug --verbose to show compatible tags): https://archive1.piwheels.org/simple/sysv-ipc/sysv_ipc-0.6.8-cp35-cp35m-linux_armv7l.whl#sha256=40eaf911261364dd803b55866caec98eced8cfa729d2a4957dbaba23a397f1c3 (from https://www.piwheels.org/simple/sysv-ipc/)
2026-04-17T16:15:35,548   Skipping link: none of the wheel's tags (cp311-cp311-linux_armv6l) are compatible (run pip debug --verbose to show compatible tags): https://archive1.piwheels.org/simple/sysv-ipc/sysv_ipc-0.6.8-cp311-cp311-linux_armv6l.whl#sha256=d2392b007fb9eaab0cf30b7981cccbef2a4d68f46112f6d8a590a79f0df95cff (from https://www.piwheels.org/simple/sysv-ipc/)
2026-04-17T16:15:35,548   Skipping link: none of the wheel's tags (cp311-cp311-linux_armv7l) are compatible (run pip debug --verbose to show compatible tags): https://archive1.piwheels.org/simple/sysv-ipc/sysv_ipc-0.6.8-cp311-cp311-linux_armv7l.whl#sha256=d2392b007fb9eaab0cf30b7981cccbef2a4d68f46112f6d8a590a79f0df95cff (from https://www.piwheels.org/simple/sysv-ipc/)
2026-04-17T16:15:35,548   Skipping link: none of the wheel's tags (cp39-cp39-linux_armv6l) are compatible (run pip debug --verbose to show compatible tags): https://archive1.piwheels.org/simple/sysv-ipc/sysv_ipc-0.6.8-cp39-cp39-linux_armv6l.whl#sha256=fad0fb95935fc42cfed71f65e8d4bff5bdad5384d3301b45086b97e2e4796f90 (from https://www.piwheels.org/simple/sysv-ipc/)
2026-04-17T16:15:35,548   Skipping link: none of the wheel's tags (cp39-cp39-linux_armv7l) are compatible (run pip debug --verbose to show compatible tags): https://archive1.piwheels.org/simple/sysv-ipc/sysv_ipc-0.6.8-cp39-cp39-linux_armv7l.whl#sha256=fad0fb95935fc42cfed71f65e8d4bff5bdad5384d3301b45086b97e2e4796f90 (from https://www.piwheels.org/simple/sysv-ipc/)
2026-04-17T16:15:35,548   Skipping link: none of the wheel's tags (cp313-cp313-linux_armv6l) are compatible (run pip debug --verbose to show compatible tags): https://www.piwheels.org/simple/sysv-ipc/sysv_ipc-0.6.8-cp313-cp313-linux_armv6l.whl#sha256=c5804d9a8a7b824882f58483c3ea26a2a5725680f12becf917cba95c1430e920 (from https://www.piwheels.org/simple/sysv-ipc/)
2026-04-17T16:15:35,549   Skipping link: none of the wheel's tags (cp313-cp313-linux_armv7l) are compatible (run pip debug --verbose to show compatible tags): https://www.piwheels.org/simple/sysv-ipc/sysv_ipc-0.6.8-cp313-cp313-linux_armv7l.whl#sha256=c5804d9a8a7b824882f58483c3ea26a2a5725680f12becf917cba95c1430e920 (from https://www.piwheels.org/simple/sysv-ipc/)
2026-04-17T16:15:35,549   Skipping link: none of the wheel's tags (cp34-cp34m-linux_armv7l) are compatible (run pip debug --verbose to show compatible tags): https://archive1.piwheels.org/simple/sysv-ipc/sysv_ipc-0.6.7-cp34-cp34m-linux_armv7l.whl#sha256=3f211f7d08ff62480d54debaf951396f02a783a218e991c245e77ac98fadf057 (from https://www.piwheels.org/simple/sysv-ipc/)
2026-04-17T16:15:35,549   Skipping link: none of the wheel's tags (cp34-cp34m-linux_armv6l) are compatible (run pip debug --verbose to show compatible tags): https://archive1.piwheels.org/simple/sysv-ipc/sysv_ipc-0.6.7-cp34-cp34m-linux_armv6l.whl#sha256=3f211f7d08ff62480d54debaf951396f02a783a218e991c245e77ac98fadf057 (from https://www.piwheels.org/simple/sysv-ipc/)
2026-04-17T16:15:35,549   Skipping link: none of the wheel's tags (cp35-cp35m-linux_armv6l) are compatible (run pip debug --verbose to show compatible tags): https://archive1.piwheels.org/simple/sysv-ipc/sysv_ipc-0.6.7-cp35-cp35m-linux_armv6l.whl#sha256=8ff8000eb3af56d1c25c12e05db254ccd79f3c59c9806a792355f3fd9703e784 (from https://www.piwheels.org/simple/sysv-ipc/)
2026-04-17T16:15:35,549   Skipping link: none of the wheel's tags (cp35-cp35m-linux_armv7l) are compatible (run pip debug --verbose to show compatible tags): https://archive1.piwheels.org/simple/sysv-ipc/sysv_ipc-0.6.7-cp35-cp35m-linux_armv7l.whl#sha256=8ff8000eb3af56d1c25c12e05db254ccd79f3c59c9806a792355f3fd9703e784 (from https://www.piwheels.org/simple/sysv-ipc/)
2026-04-17T16:15:35,549   Skipping link: none of the wheel's tags (cp37-cp37m-linux_armv6l) are compatible (run pip debug --verbose to show compatible tags): https://archive1.piwheels.org/simple/sysv-ipc/sysv_ipc-0.6.7-cp37-cp37m-linux_armv6l.whl#sha256=5d7a422607a6fdc909c723bb826e753b3795a575f866b71f952d6905b5359533 (from https://www.piwheels.org/simple/sysv-ipc/)
2026-04-17T16:15:35,549   Skipping link: none of the wheel's tags (cp37-cp37m-linux_armv7l) are compatible (run pip debug --verbose to show compatible tags): https://archive1.piwheels.org/simple/sysv-ipc/sysv_ipc-0.6.7-cp37-cp37m-linux_armv7l.whl#sha256=5d7a422607a6fdc909c723bb826e753b3795a575f866b71f952d6905b5359533 (from https://www.piwheels.org/simple/sysv-ipc/)
2026-04-17T16:15:35,549   Skipping link: none of the wheel's tags (cp311-cp311-linux_armv6l) are compatible (run pip debug --verbose to show compatible tags): https://archive1.piwheels.org/simple/sysv-ipc/sysv_ipc-0.6.7-cp311-cp311-linux_armv6l.whl#sha256=4f40dfae8ddbd1960126724131d3a5c426638f9bc5c8c7b06985c8fe10f844a2 (from https://www.piwheels.org/simple/sysv-ipc/)
2026-04-17T16:15:35,549   Skipping link: none of the wheel's tags (cp311-cp311-linux_armv7l) are compatible (run pip debug --verbose to show compatible tags): https://archive1.piwheels.org/simple/sysv-ipc/sysv_ipc-0.6.7-cp311-cp311-linux_armv7l.whl#sha256=4f40dfae8ddbd1960126724131d3a5c426638f9bc5c8c7b06985c8fe10f844a2 (from https://www.piwheels.org/simple/sysv-ipc/)
2026-04-17T16:15:35,549   Skipping link: none of the wheel's tags (cp39-cp39-linux_armv6l) are compatible (run pip debug --verbose to show compatible tags): https://archive1.piwheels.org/simple/sysv-ipc/sysv_ipc-0.6.7-cp39-cp39-linux_armv6l.whl#sha256=04edd10353e870478efed1c06b25ef914685672c91243636490c835c66881943 (from https://www.piwheels.org/simple/sysv-ipc/)
2026-04-17T16:15:35,549   Skipping link: none of the wheel's tags (cp39-cp39-linux_armv7l) are compatible (run pip debug --verbose to show compatible tags): https://archive1.piwheels.org/simple/sysv-ipc/sysv_ipc-0.6.7-cp39-cp39-linux_armv7l.whl#sha256=04edd10353e870478efed1c06b25ef914685672c91243636490c835c66881943 (from https://www.piwheels.org/simple/sysv-ipc/)
2026-04-17T16:15:35,549   Skipping link: none of the wheel's tags (cp313-cp313-linux_armv6l) are compatible (run pip debug --verbose to show compatible tags): https://www.piwheels.org/simple/sysv-ipc/sysv_ipc-0.6.7-cp313-cp313-linux_armv6l.whl#sha256=5909533c64b3c3fd402c4f0e25b935ad36439959268ca507c001f577f32eda1b (from https://www.piwheels.org/simple/sysv-ipc/)
2026-04-17T16:15:35,549   Skipping link: none of the wheel's tags (cp313-cp313-linux_armv7l) are compatible (run pip debug --verbose to show compatible tags): https://www.piwheels.org/simple/sysv-ipc/sysv_ipc-0.6.7-cp313-cp313-linux_armv7l.whl#sha256=5909533c64b3c3fd402c4f0e25b935ad36439959268ca507c001f577f32eda1b (from https://www.piwheels.org/simple/sysv-ipc/)
2026-04-17T16:15:35,549 Skipping link: not a file: https://www.piwheels.org/simple/sysv-ipc/
2026-04-17T16:15:35,549 Skipping link: not a file: https://pypi.org/simple/sysv-ipc/
2026-04-17T16:15:35,550 Given no hashes to check 3 links for project 'sysv-ipc': discarding no candidates
2026-04-17T16:15:35,551 Collecting sysv_ipc>=1.1.0 (from adafruit-blinka)
2026-04-17T16:15:35,551   Obtaining dependency information for sysv_ipc>=1.1.0 from https://files.pythonhosted.org/packages/a2/2d/2e4f55201cca54666c08468538348be4af16a52c7296bdd038a303e7be9f/sysv_ipc-1.2.0-cp313-cp313-manylinux2014_aarch64.manylinux_2_17_aarch64.manylinux_2_28_aarch64.whl.metadata
2026-04-17T16:15:35,551   Created temporary directory: /tmp/pip-unpack-cytlgg3o
2026-04-17T16:15:35,552   Looking up "https://files.pythonhosted.org/packages/a2/2d/2e4f55201cca54666c08468538348be4af16a52c7296bdd038a303e7be9f/sysv_ipc-1.2.0-cp313-cp313-manylinux2014_aarch64.manylinux_2_17_aarch64.manylinux_2_28_aarch64.whl.metadata" in the cache
2026-04-17T16:15:35,553   Current age based on date: 6139087
2026-04-17T16:15:35,553   Ignoring unknown cache-control directive: immutable
2026-04-17T16:15:35,553   Freshness lifetime from max-age: 365000000
2026-04-17T16:15:35,553   The response is "fresh", returning cached response
2026-04-17T16:15:35,553   365000000 > 6139087
2026-04-17T16:15:35,553   Using cached sysv_ipc-1.2.0-cp313-cp313-manylinux2014_aarch64.manylinux_2_17_aarch64.manylinux_2_28_aarch64.whl.metadata (2.4 kB)
2026-04-17T16:15:35,554   Created temporary directory: /tmp/pip-metadata-90992n5v
2026-04-17T16:15:35,557 2 location(s) to search for versions of rpi-ws281x:
2026-04-17T16:15:35,557 * https://pypi.org/simple/rpi-ws281x/
2026-04-17T16:15:35,557 * https://www.piwheels.org/simple/rpi-ws281x/
2026-04-17T16:15:35,557 Fetching project page and analyzing links: https://pypi.org/simple/rpi-ws281x/
2026-04-17T16:15:35,557 Getting page https://pypi.org/simple/rpi-ws281x/
2026-04-17T16:15:35,557 Found index url https://pypi.org/simple/
2026-04-17T16:15:35,558 Looking up "https://pypi.org/simple/rpi-ws281x/" in the cache
2026-04-17T16:15:35,558 Request header has "max_age" as 0, cache bypassed
2026-04-17T16:15:35,608 https://pypi.org:443 "GET /simple/rpi-ws281x/ HTTP/1.1" 304 0
2026-04-17T16:15:35,614 Fetched page https://pypi.org/simple/rpi-ws281x/ as application/vnd.pypi.simple.v1+json
2026-04-17T16:15:35,617   Found link https://files.pythonhosted.org/packages/53/db/1ac60225b7ed69df7f69aa835b292b133dd66c581a0ee81a3dc0149a872e/rpi_ws281x-1.0.0.tar.gz (from https://pypi.org/simple/rpi-ws281x/), version: 1.0.0
2026-04-17T16:15:35,617   Found link https://files.pythonhosted.org/packages/73/85/2f30b0310fcfa60209c2a02ca1a4b035f3a05a755c648877231526783354/rpi_ws281x-1.0.1.tar.gz (from https://pypi.org/simple/rpi-ws281x/), version: 1.0.1
2026-04-17T16:15:35,617   Found link https://files.pythonhosted.org/packages/09/ad/a2cb5cee9c79adfd63b1f38d25302059f20ec7660b4bbbac737dd373e601/rpi_ws281x-1.1.0.tar.gz (from https://pypi.org/simple/rpi-ws281x/), version: 1.1.0
2026-04-17T16:15:35,617   Found link https://files.pythonhosted.org/packages/5d/ff/d8558d37beb316d485925cf428bc7ed1ac5c8cc05a02cdf69c6076d5e3f5/rpi_ws281x-1.1.1.tar.gz (from https://pypi.org/simple/rpi-ws281x/), version: 1.1.1
2026-04-17T16:15:35,618   Found link https://files.pythonhosted.org/packages/f1/03/2532ca3474d3e4b25c325404dcd972496cdb7f6745c0a79db8748f04a2c7/rpi_ws281x-1.1.2.tar.gz (from https://pypi.org/simple/rpi-ws281x/), version: 1.1.2
2026-04-17T16:15:35,618   Found link https://files.pythonhosted.org/packages/50/9c/6ed1122e029e98cf9f6f8a13925e17c58d906d75e424abd9567816c522d3/rpi_ws281x-1.1.3.tar.gz (from https://pypi.org/simple/rpi-ws281x/), version: 1.1.3
2026-04-17T16:15:35,618   Found link https://files.pythonhosted.org/packages/af/1a/c8bff8857b882fb1c26a5a369fa2bc795d1a5c2c486e52219e6028880be4/rpi_ws281x-1.2.0.tar.gz (from https://pypi.org/simple/rpi-ws281x/), version: 1.2.0
2026-04-17T16:15:35,618   Found link https://files.pythonhosted.org/packages/5f/e5/72a9b090ebd27b056c188afd077841b271e7a773af59083db3b76137c60c/rpi_ws281x-1.2.1.tar.gz (from https://pypi.org/simple/rpi-ws281x/), version: 1.2.1
2026-04-17T16:15:35,618   Found link https://files.pythonhosted.org/packages/e9/7e/e01eb74a53d532b9a8ce124b6e32a197e33d2817ba34ccc82522def1fa93/rpi_ws281x-1.2.2.tar.gz (from https://pypi.org/simple/rpi-ws281x/), version: 1.2.2
2026-04-17T16:15:35,618   Found link https://files.pythonhosted.org/packages/2d/0f/24c55e9604574db8a52ae791464e1522ffa46c0fdaf6628cd667889a8748/rpi_ws281x-2.0.0.tar.gz (from https://pypi.org/simple/rpi-ws281x/), version: 2.0.0
2026-04-17T16:15:35,618   Found link https://files.pythonhosted.org/packages/d4/51/154af43bbcae9035a5af9729db6a9c3dc2423daeb53230391c92c1d9ca66/rpi_ws281x-2.0.1.tar.gz (from https://pypi.org/simple/rpi-ws281x/), version: 2.0.1
2026-04-17T16:15:35,618   Found link https://files.pythonhosted.org/packages/56/9d/d0505e388ad47932382afae113ee681edc16b82ec788457fe35a206693be/rpi_ws281x-2.0.2.tar.gz (from https://pypi.org/simple/rpi-ws281x/), version: 2.0.2
2026-04-17T16:15:35,618   Found link https://files.pythonhosted.org/packages/75/a8/ae9c2497ec5dc49527fc2805921e1d325685a7eefa0cb56c58c6bf3a13e0/rpi_ws281x-2.0.3.tar.gz (from https://pypi.org/simple/rpi-ws281x/), version: 2.0.3
2026-04-17T16:15:35,618   Found link https://files.pythonhosted.org/packages/90/31/2a6dcca30d6b78277dec2b50e93505265213805660278fed8803ec0b5548/rpi_ws281x-2.0.4.tar.gz (from https://pypi.org/simple/rpi-ws281x/), version: 2.0.4
2026-04-17T16:15:35,618   Found link https://files.pythonhosted.org/packages/ab/47/95e0ae76e59c414912d6136e3913d54b3b71fe0e03d687749c5584e6bc8b/rpi_ws281x-2.0.5.tar.gz (from https://pypi.org/simple/rpi-ws281x/), version: 2.0.5
2026-04-17T16:15:35,618   Found link https://files.pythonhosted.org/packages/24/ee/0e305d1dd4eac3238d42a56d71101c097d74dbeb9722efca83c7bd136089/rpi_ws281x-3.0.0.tar.gz (from https://pypi.org/simple/rpi-ws281x/), version: 3.0.0
2026-04-17T16:15:35,618   Found link https://files.pythonhosted.org/packages/59/a9/d1c5bcc4b98c1723ee875a01066650b9ccc9e5ea0b9cfa915d30d536fe4b/rpi_ws281x-3.0.1.tar.gz (from https://pypi.org/simple/rpi-ws281x/), version: 3.0.1
2026-04-17T16:15:35,618   Found link https://files.pythonhosted.org/packages/d1/98/f7951d30c5a279721c5e52cfff46344bd3bdeb549064a86ce37d36bb1987/rpi_ws281x-3.0.2.tar.gz (from https://pypi.org/simple/rpi-ws281x/), version: 3.0.2
2026-04-17T16:15:35,618   Found link https://files.pythonhosted.org/packages/78/a6/9083060d6d347f02be810ad05cf93c4245fb48f0ce188ea8341fe24f17c0/rpi_ws281x-3.0.3.tar.gz (from https://pypi.org/simple/rpi-ws281x/), version: 3.0.3
2026-04-17T16:15:35,618   Skipping link: none of the wheel's tags (cp27-none-linux_armv7l) are compatible (run pip debug --verbose to show compatible tags): https://files.pythonhosted.org/packages/4e/e2/5be61c672395ec9bf56a9bd0e2f47a9b44def6c2c0bdeebef283c7b9287d/rpi_ws281x-3.0.4-cp27-none-linux_armv7l.whl (from https://pypi.org/simple/rpi-ws281x/)
2026-04-17T16:15:35,618   Found link https://files.pythonhosted.org/packages/ad/6e/15c106decc334d6bea5460f253e407979e9e0560de3ae323fe8395a1a37e/rpi_ws281x-3.0.4.tar.gz (from https://pypi.org/simple/rpi-ws281x/), version: 3.0.4
2026-04-17T16:15:35,619   Skipping link: none of the wheel's tags (cp27-none-linux_armv7l) are compatible (run pip debug --verbose to show compatible tags): https://files.pythonhosted.org/packages/31/8c/022df216228b37d81f9984349a21e90ba30fd5ce13ad1709dec2de87e276/rpi_ws281x-3.0.5-cp27-none-linux_armv7l.whl (from https://pypi.org/simple/rpi-ws281x/)
2026-04-17T16:15:35,619   Found link https://files.pythonhosted.org/packages/9e/4b/9b28700f6a1c9962a61f4831d5a7985247adfee34116937a83d853a07bc2/rpi_ws281x-3.0.5.tar.gz (from https://pypi.org/simple/rpi-ws281x/), version: 3.0.5
2026-04-17T16:15:35,619   Skipping link: none of the wheel's tags (cp27-none-linux_armv7l) are compatible (run pip debug --verbose to show compatible tags): https://files.pythonhosted.org/packages/2f/d3/d88d09415a8bdc30c8d6fd9f75f96083675fd17a46004d97fd91606fb3ad/rpi_ws281x-3.0.6-cp27-none-linux_armv7l.whl (from https://pypi.org/simple/rpi-ws281x/)
2026-04-17T16:15:35,619   Found link https://files.pythonhosted.org/packages/5c/29/74aa927fcf241e1be64d7aad13b24cece13e9b62783fe00cf67e3d528088/rpi_ws281x-3.0.6.tar.gz (from https://pypi.org/simple/rpi-ws281x/), version: 3.0.6
2026-04-17T16:15:35,619   Skipping link: none of the wheel's tags (cp27-none-linux_armv7l) are compatible (run pip debug --verbose to show compatible tags): https://files.pythonhosted.org/packages/c0/cf/e754e157a99897fb1379c2bc0203b0efa5b4b6e5a36ad5dc5c5945380b8a/rpi_ws281x-3.0.7-cp27-none-linux_armv7l.whl (from https://pypi.org/simple/rpi-ws281x/)
2026-04-17T16:15:35,619   Skipping link: none of the wheel's tags (cp34-cp34m-linux_armv7l) are compatible (run pip debug --verbose to show compatible tags): https://files.pythonhosted.org/packages/f7/19/240079bf16f378ade5ca3a798221066343ec841d5ffd515088850a7b1b0a/rpi_ws281x-3.0.7-cp34-cp34m-linux_armv7l.whl (from https://pypi.org/simple/rpi-ws281x/)
2026-04-17T16:15:35,619   Skipping link: none of the wheel's tags (cp27-cp27mu-linux_armv7l) are compatible (run pip debug --verbose to show compatible tags): https://files.pythonhosted.org/packages/1c/51/37252d94f4c740f34a092b91b3259f55a194ba9779587ba34ff73c277341/rpi_ws281x-3.1.0-cp27-cp27mu-linux_armv7l.whl (from https://pypi.org/simple/rpi-ws281x/)
2026-04-17T16:15:35,619   Skipping link: none of the wheel's tags (cp34-cp34m-linux_armv7l) are compatible (run pip debug --verbose to show compatible tags): https://files.pythonhosted.org/packages/ff/0c/9cee747a3f3d332c6936a4ba2cb4de8d2d7786794278577aeed32186d7e9/rpi_ws281x-3.1.0-cp34-cp34m-linux_armv7l.whl (from https://pypi.org/simple/rpi-ws281x/)
2026-04-17T16:15:35,619   Skipping link: none of the wheel's tags (cp35-cp35m-linux_armv7l) are compatible (run pip debug --verbose to show compatible tags): https://files.pythonhosted.org/packages/1c/e0/dcec97382c98442820404992ded59d5d1cf68f28566ce9280ef7f4291fc0/rpi_ws281x-3.1.0-cp35-cp35m-linux_armv7l.whl (from https://pypi.org/simple/rpi-ws281x/)
2026-04-17T16:15:35,619   Found link https://files.pythonhosted.org/packages/20/63/8e6ee92120b556dec3ee0b28e3919e6d61cee54bb9438b9e18ae9f6558b3/rpi_ws281x-3.1.0.tar.gz (from https://pypi.org/simple/rpi-ws281x/), version: 3.1.0
2026-04-17T16:15:35,619   Skipping link: none of the wheel's tags (cp27-none-linux_armv7l) are compatible (run pip debug --verbose to show compatible tags): https://files.pythonhosted.org/packages/b7/66/1e8abae1f1035f1a4475f2a9b521b650e1efccff6da55da5616ecd36e3a6/rpi_ws281x-4.0.0-cp27-none-linux_armv7l.whl (from https://pypi.org/simple/rpi-ws281x/)
2026-04-17T16:15:35,619   Skipping link: none of the wheel's tags (cp34-cp34m-linux_armv7l) are compatible (run pip debug --verbose to show compatible tags): https://files.pythonhosted.org/packages/37/e0/baeb890ad7b2d39843c7cc7f0ac755778f735c7701ecfc414366574af978/rpi_ws281x-4.0.0-cp34-cp34m-linux_armv7l.whl (from https://pypi.org/simple/rpi-ws281x/)
2026-04-17T16:15:35,619   Skipping link: none of the wheel's tags (cp35-cp35m-linux_armv7l) are compatible (run pip debug --verbose to show compatible tags): https://files.pythonhosted.org/packages/1a/b8/5fd4ce79c9abc3cc40504d123dd1040b953515b3a19bbd22b52ca6b6d5a1/rpi_ws281x-4.0.0-cp35-cp35m-linux_armv7l.whl (from https://pypi.org/simple/rpi-ws281x/)
2026-04-17T16:15:35,619   Found link https://files.pythonhosted.org/packages/e9/8b/f61faa997ca2d027f986b3932c6919f6f0f4c003395853289e9c6d700f12/rpi_ws281x-4.0.0.tar.gz (from https://pypi.org/simple/rpi-ws281x/), version: 4.0.0
2026-04-17T16:15:35,619   Skipping link: none of the wheel's tags (cp27-cp27mu-linux_armv7l) are compatible (run pip debug --verbose to show compatible tags): https://files.pythonhosted.org/packages/67/e6/1d28eeb432b83da626a12a76b27a6adf4525aa8f80e9f95b5cd72463edd3/rpi_ws281x-4.1.0-cp27-cp27mu-linux_armv7l.whl (from https://pypi.org/simple/rpi-ws281x/)
2026-04-17T16:15:35,619   Skipping link: none of the wheel's tags (cp34-cp34m-linux_armv7l) are compatible (run pip debug --verbose to show compatible tags): https://files.pythonhosted.org/packages/ba/9b/080a8b542a758566008f930d10bfc3e04a65025dd372cee6505c6227aff9/rpi_ws281x-4.1.0-cp34-cp34m-linux_armv7l.whl (from https://pypi.org/simple/rpi-ws281x/)
2026-04-17T16:15:35,619   Skipping link: none of the wheel's tags (cp35-cp35m-linux_armv7l) are compatible (run pip debug --verbose to show compatible tags): https://files.pythonhosted.org/packages/dc/46/934500cf2f68c63842839ae7584225c95a18749ca1b8d33da2a30f3930d4/rpi_ws281x-4.1.0-cp35-cp35m-linux_armv7l.whl (from https://pypi.org/simple/rpi-ws281x/)
2026-04-17T16:15:35,619   Found link https://files.pythonhosted.org/packages/fc/84/65afe833d695fb8e654fa71020926a7a64d2817ffb2d381022b92d310d37/rpi_ws281x-4.1.0.tar.gz (from https://pypi.org/simple/rpi-ws281x/), version: 4.1.0
2026-04-17T16:15:35,620   Skipping link: none of the wheel's tags (cp27-cp27mu-linux_armv7l) are compatible (run pip debug --verbose to show compatible tags): https://files.pythonhosted.org/packages/6c/1c/5da365b86dc22e0149a9ad2a9b283e6a72d3903ac2c61f1c27004db0f5de/rpi_ws281x-4.2.0-cp27-cp27mu-linux_armv7l.whl (from https://pypi.org/simple/rpi-ws281x/)
2026-04-17T16:15:35,620   Skipping link: none of the wheel's tags (cp37-cp37m-linux_armv7l) are compatible (run pip debug --verbose to show compatible tags): https://files.pythonhosted.org/packages/6c/46/b7e78fe4dbc4d7ccd2dcfb5b152f0ccb7ea69eadf822a3a60d2bdd5e30ec/rpi_ws281x-4.2.0-cp37-cp37m-linux_armv7l.whl (from https://pypi.org/simple/rpi-ws281x/)
2026-04-17T16:15:35,620   Found link https://files.pythonhosted.org/packages/20/b7/73617c97a9e901a0f94de0968068bfb638badf09f838bdf1afb92c86dd94/rpi_ws281x-4.2.0.tar.gz (from https://pypi.org/simple/rpi-ws281x/), version: 4.2.0
2026-04-17T16:15:35,620   Skipping link: none of the wheel's tags (cp27-cp27mu-linux_armv7l) are compatible (run pip debug --verbose to show compatible tags): https://files.pythonhosted.org/packages/e6/2e/ec156bf6e0f2288a18fc148cc5b985f6eb2e2bb202859046e633e841c636/rpi_ws281x-4.2.1-cp27-cp27mu-linux_armv7l.whl (from https://pypi.org/simple/rpi-ws281x/)
2026-04-17T16:15:35,620   Skipping link: none of the wheel's tags (cp37-cp37m-linux_armv7l) are compatible (run pip debug --verbose to show compatible tags): https://files.pythonhosted.org/packages/17/06/0d0dce69518ad6d6c912268cc27eddaa8a40e343bcbc528b90a6cfdb273f/rpi_ws281x-4.2.1-cp37-cp37m-linux_armv7l.whl (from https://pypi.org/simple/rpi-ws281x/)
2026-04-17T16:15:35,620   Found link https://files.pythonhosted.org/packages/ff/57/350b538e1ebeda82188720303309314266f698e119fca777c4b5bc303ee7/rpi_ws281x-4.2.1.tar.gz (from https://pypi.org/simple/rpi-ws281x/), version: 4.2.1
2026-04-17T16:15:35,620   Skipping link: none of the wheel's tags (cp27-cp27mu-linux_armv7l) are compatible (run pip debug --verbose to show compatible tags): https://files.pythonhosted.org/packages/94/ac/84e88cc07510858c37ae4907e3e61f025729935b44027ea4010d5b669c45/rpi_ws281x-4.2.2-cp27-cp27mu-linux_armv7l.whl (from https://pypi.org/simple/rpi-ws281x/)
2026-04-17T16:15:35,620   Skipping link: none of the wheel's tags (cp34-cp34m-linux_armv7l) are compatible (run pip debug --verbose to show compatible tags): https://files.pythonhosted.org/packages/5b/44/341b291801817bd258adf709d1d62cbc5ea647d2d9ea5c35aaa369c6b43e/rpi_ws281x-4.2.2-cp34-cp34m-linux_armv7l.whl (from https://pypi.org/simple/rpi-ws281x/)
2026-04-17T16:15:35,620   Skipping link: none of the wheel's tags (cp35-cp35m-linux_armv7l) are compatible (run pip debug --verbose to show compatible tags): https://files.pythonhosted.org/packages/32/99/1140d72d58e31d1251c2009238473e818f2d991e130c59f09dc7502d99bc/rpi_ws281x-4.2.2-cp35-cp35m-linux_armv7l.whl (from https://pypi.org/simple/rpi-ws281x/)
2026-04-17T16:15:35,620   Skipping link: none of the wheel's tags (cp37-cp37m-linux_armv7l) are compatible (run pip debug --verbose to show compatible tags): https://files.pythonhosted.org/packages/cb/64/15806dab1fa49f91a3983b6bc8c128ff247450232855b8ba175772865c98/rpi_ws281x-4.2.2-cp37-cp37m-linux_armv7l.whl (from https://pypi.org/simple/rpi-ws281x/)
2026-04-17T16:15:35,620   Found link https://files.pythonhosted.org/packages/3b/b3/cdc84887ead3f15b9f3f2b5fe2b48168757a606c6d08feb53536a8afb396/rpi_ws281x-4.2.2.tar.gz (from https://pypi.org/simple/rpi-ws281x/), version: 4.2.2
2026-04-17T16:15:35,620   Skipping link: none of the wheel's tags (cp27-cp27mu-linux_armv7l) are compatible (run pip debug --verbose to show compatible tags): https://files.pythonhosted.org/packages/e1/16/c405abf9a7e3ab890c41255cbe77aacdcf592760fb7cbee7ff533d598554/rpi_ws281x-4.2.3-cp27-cp27mu-linux_armv7l.whl (from https://pypi.org/simple/rpi-ws281x/)
2026-04-17T16:15:35,620   Skipping link: none of the wheel's tags (cp34-cp34m-linux_armv7l) are compatible (run pip debug --verbose to show compatible tags): https://files.pythonhosted.org/packages/99/b9/bcc8f6437076ab59607c00c2c1fe3faad8bb914f8abb08ed1f1c52bc38fe/rpi_ws281x-4.2.3-cp34-cp34m-linux_armv7l.whl (from https://pypi.org/simple/rpi-ws281x/)
2026-04-17T16:15:35,620   Skipping link: none of the wheel's tags (cp35-cp35m-linux_armv7l) are compatible (run pip debug --verbose to show compatible tags): https://files.pythonhosted.org/packages/a6/13/5a5290467f47b69eb0564c7fdd21f00d578f029d1ee5c088ca9c30c51b34/rpi_ws281x-4.2.3-cp35-cp35m-linux_armv7l.whl (from https://pypi.org/simple/rpi-ws281x/)
2026-04-17T16:15:35,620   Skipping link: none of the wheel's tags (cp37-cp37m-linux_armv7l) are compatible (run pip debug --verbose to show compatible tags): https://files.pythonhosted.org/packages/f9/e3/13390da99f1741683bbf8f1d44f2960da736a34d848f220479ce4726345b/rpi_ws281x-4.2.3-cp37-cp37m-linux_armv7l.whl (from https://pypi.org/simple/rpi-ws281x/)
2026-04-17T16:15:35,620   Found link https://files.pythonhosted.org/packages/03/6c/46fad1bace9d5917190fd76e1550ec6727010cff6d3e5818b8c3a5405ba3/rpi_ws281x-4.2.3.tar.gz (from https://pypi.org/simple/rpi-ws281x/), version: 4.2.3
2026-04-17T16:15:35,620   Skipping link: none of the wheel's tags (cp27-cp27mu-linux_armv7l) are compatible (run pip debug --verbose to show compatible tags): https://files.pythonhosted.org/packages/a6/54/b195f05006cd7b591cc7fa64efa01dd3d5a2486ed993fb728ff4d789d841/rpi_ws281x-4.2.4-cp27-cp27mu-linux_armv7l.whl (from https://pypi.org/simple/rpi-ws281x/)
2026-04-17T16:15:35,620   Skipping link: none of the wheel's tags (cp37-cp37m-linux_armv7l) are compatible (run pip debug --verbose to show compatible tags): https://files.pythonhosted.org/packages/9f/74/78d0c788cde1c9cbef903a8ae1e66c55840b76e3c7b0cee43b409ded41f7/rpi_ws281x-4.2.4-cp37-cp37m-linux_armv7l.whl (from https://pypi.org/simple/rpi-ws281x/)
2026-04-17T16:15:35,620   Found link https://files.pythonhosted.org/packages/3b/99/0f74f2d303e03432d10b11dab240cb15afad1bc6ab9a1449c9bc08af2ee4/rpi_ws281x-4.2.4.tar.gz (from https://pypi.org/simple/rpi-ws281x/), version: 4.2.4
2026-04-17T16:15:35,621   Skipping link: none of the wheel's tags (cp27-cp27mu-linux_armv7l) are compatible (run pip debug --verbose to show compatible tags): https://files.pythonhosted.org/packages/51/3d/fd4029647ecc015cb61becab76d4b9eff8699681f3551adfd35596ea3df6/rpi_ws281x-4.2.5-cp27-cp27mu-linux_armv7l.whl (from https://pypi.org/simple/rpi-ws281x/)
2026-04-17T16:15:35,621   Skipping link: none of the wheel's tags (cp37-cp37m-linux_armv7l) are compatible (run pip debug --verbose to show compatible tags): https://files.pythonhosted.org/packages/66/03/bda698d5429b918e1ef5acfb3d745d3a12c8fec8078925f10e571aa0a8e2/rpi_ws281x-4.2.5-cp37-cp37m-linux_armv7l.whl (from https://pypi.org/simple/rpi-ws281x/)
2026-04-17T16:15:35,621   Found link https://files.pythonhosted.org/packages/4b/ac/1bbae8f7c916150f4260214392d68c8c166e414d8ea6f103a299a0e04179/rpi_ws281x-4.2.5.tar.gz (from https://pypi.org/simple/rpi-ws281x/), version: 4.2.5
2026-04-17T16:15:35,621   Found link https://files.pythonhosted.org/packages/7f/1e/ea9ff56d9823fc55c79748630ffe0ceb30f619c9218743050bbf96d08704/rpi_ws281x-4.2.6.tar.gz (from https://pypi.org/simple/rpi-ws281x/), version: 4.2.6
2026-04-17T16:15:35,621   Skipping link: none of the wheel's tags (cp27-cp27mu-linux_armv7l) are compatible (run pip debug --verbose to show compatible tags): https://files.pythonhosted.org/packages/48/21/d68e5a770fa1efd6598f121cc85aa336987207004303225036917c4bdf12/rpi_ws281x-4.3.0-cp27-cp27mu-linux_armv7l.whl (from https://pypi.org/simple/rpi-ws281x/)
2026-04-17T16:15:35,621   Skipping link: none of the wheel's tags (cp37-cp37m-linux_armv7l) are compatible (run pip debug --verbose to show compatible tags): https://files.pythonhosted.org/packages/c4/72/33686d9d82e3791e0fe1f60f4e5a7c719a09438e56a36fab8d655c97f7a6/rpi_ws281x-4.3.0-cp37-cp37m-linux_armv7l.whl (from https://pypi.org/simple/rpi-ws281x/)
2026-04-17T16:15:35,621   Found link https://files.pythonhosted.org/packages/cd/b3/eb7ac93376952f165577707ec756f40c9537ed53c59fcbc3290c357370e0/rpi_ws281x-4.3.0.tar.gz (from https://pypi.org/simple/rpi-ws281x/), version: 4.3.0
2026-04-17T16:15:35,621   Skipping link: none of the wheel's tags (cp27-cp27mu-linux_armv7l) are compatible (run pip debug --verbose to show compatible tags): https://files.pythonhosted.org/packages/c2/cf/0c713dcbb08de087619f6f6917cfe68c4ebf6ef828ede4d63a3bf421f1bf/rpi_ws281x-4.3.1-cp27-cp27mu-linux_armv7l.whl (from https://pypi.org/simple/rpi-ws281x/)
2026-04-17T16:15:35,621   Skipping link: none of the wheel's tags (cp39-cp39-linux_armv7l) are compatible (run pip debug --verbose to show compatible tags): https://files.pythonhosted.org/packages/7f/30/4a9c9052ddd4c2ffa44ced218b9a1bb8fcda6aba9212d25fea8e2336b391/rpi_ws281x-4.3.1-cp39-cp39-linux_armv7l.whl (from https://pypi.org/simple/rpi-ws281x/)
2026-04-17T16:15:35,621   Found link https://files.pythonhosted.org/packages/e3/a1/1a769f3232421e4e4034e3c16e1d551ccb9f3f9d96add237638ef160c2c7/rpi_ws281x-4.3.1.tar.gz (from https://pypi.org/simple/rpi-ws281x/), version: 4.3.1
2026-04-17T16:15:35,621   Skipping link: none of the wheel's tags (cp27-cp27mu-linux_armv7l) are compatible (run pip debug --verbose to show compatible tags): https://files.pythonhosted.org/packages/b0/7a/35bfe0a2b43164d46ce4d9d00103f4d4a5d3eb602e086ef636c16601f9eb/rpi_ws281x-4.3.2-cp27-cp27mu-linux_armv7l.whl (from https://pypi.org/simple/rpi-ws281x/)
2026-04-17T16:15:35,621   Skipping link: none of the wheel's tags (cp37-cp37m-linux_armv7l) are compatible (run pip debug --verbose to show compatible tags): https://files.pythonhosted.org/packages/53/78/4310becbe3f21d31b19c86545a2e75a2af1a9804d87aa45641f6a661a355/rpi_ws281x-4.3.2-cp37-cp37m-linux_armv7l.whl (from https://pypi.org/simple/rpi-ws281x/)
2026-04-17T16:15:35,621   Found link https://files.pythonhosted.org/packages/c5/ac/dfb54237d2daeabdbb78c813205c449044c6788660387d4998a54fa576e9/rpi_ws281x-4.3.2.tar.gz (from https://pypi.org/simple/rpi-ws281x/), version: 4.3.2
2026-04-17T16:15:35,621   Skipping link: none of the wheel's tags (cp37-cp37m-linux_armv7l) are compatible (run pip debug --verbose to show compatible tags): https://files.pythonhosted.org/packages/1b/5a/472d2771f6102e2b96e4ebea13f625af31cab522d9142b65a09cceb338ab/rpi_ws281x-4.3.3-cp37-cp37m-linux_armv7l.whl (from https://pypi.org/simple/rpi-ws281x/)
2026-04-17T16:15:35,621   Found link https://files.pythonhosted.org/packages/e3/ee/e880ef01d7e22009d01c946a12d10cb9214ec3c2d5facb5aa5f720fc9a24/rpi_ws281x-4.3.3.tar.gz (from https://pypi.org/simple/rpi-ws281x/), version: 4.3.3
2026-04-17T16:15:35,621   Skipping link: none of the wheel's tags (cp37-cp37m-linux_armv7l) are compatible (run pip debug --verbose to show compatible tags): https://files.pythonhosted.org/packages/77/5b/f24c9b1caa3506c2b181bb9485929ac5fd8e188f8276daa1e825812f4ebe/rpi_ws281x-4.3.4-cp37-cp37m-linux_armv7l.whl (from https://pypi.org/simple/rpi-ws281x/)
2026-04-17T16:15:35,621   Found link https://files.pythonhosted.org/packages/e2/d4/75fcc4f3412b9b16e39e6cd6156f2e171fe7b2e79057be17d1acf38fded4/rpi_ws281x-4.3.4.tar.gz (from https://pypi.org/simple/rpi-ws281x/), version: 4.3.4
2026-04-17T16:15:35,621   Found link https://files.pythonhosted.org/packages/c0/1e/642208a685c5e96d38323f42c75d9b24f95e2d1b8390dd104e04a712f29e/rpi_ws281x-5.0.0.tar.gz (from https://pypi.org/simple/rpi-ws281x/) (requires-python:>=3.6), version: 5.0.0
2026-04-17T16:15:35,622 Fetching project page and analyzing links: https://www.piwheels.org/simple/rpi-ws281x/
2026-04-17T16:15:35,622 Getting page https://www.piwheels.org/simple/rpi-ws281x/
2026-04-17T16:15:35,622 Found index url https://www.piwheels.org/simple/
2026-04-17T16:15:35,622 Looking up "https://www.piwheels.org/simple/rpi-ws281x/" in the cache
2026-04-17T16:15:35,622 Request header has "max_age" as 0, cache bypassed
2026-04-17T16:15:35,826 https://www.piwheels.org:443 "GET /simple/rpi-ws281x/ HTTP/1.1" 200 8343
2026-04-17T16:15:35,827 Updating cache with response from "https://www.piwheels.org/simple/rpi-ws281x/"
2026-04-17T16:15:35,827 etag object cached for 1209600 seconds
2026-04-17T16:15:35,827 Caching due to etag
2026-04-17T16:15:35,838 Fetched page https://www.piwheels.org/simple/rpi-ws281x/ as text/html
2026-04-17T16:15:35,854   Skipping link: none of the wheel's tags (cp37-cp37m-linux_armv6l) are compatible (run pip debug --verbose to show compatible tags): https://www.piwheels.org/simple/rpi-ws281x/rpi_ws281x-5.0.0-cp37-cp37m-linux_armv6l.whl#sha256=2d9d8cb8f54bf68c1935a9b466aef8960f2e4aec4328057c0a9e59fc8eaad187 (from https://www.piwheels.org/simple/rpi-ws281x/) (requires-python:>=3.6)
2026-04-17T16:15:35,854   Skipping link: none of the wheel's tags (cp37-cp37m-linux_armv7l) are compatible (run pip debug --verbose to show compatible tags): https://www.piwheels.org/simple/rpi-ws281x/rpi_ws281x-5.0.0-cp37-cp37m-linux_armv7l.whl#sha256=2d9d8cb8f54bf68c1935a9b466aef8960f2e4aec4328057c0a9e59fc8eaad187 (from https://www.piwheels.org/simple/rpi-ws281x/) (requires-python:>=3.6)
2026-04-17T16:15:35,854   Skipping link: none of the wheel's tags (cp39-cp39-linux_armv6l) are compatible (run pip debug --verbose to show compatible tags): https://www.piwheels.org/simple/rpi-ws281x/rpi_ws281x-5.0.0-cp39-cp39-linux_armv6l.whl#sha256=3c4af921dda22a393e42793e799823918e7d7a5bb71e50e885c22769ffa00c73 (from https://www.piwheels.org/simple/rpi-ws281x/) (requires-python:>=3.6)
2026-04-17T16:15:35,854   Skipping link: none of the wheel's tags (cp39-cp39-linux_armv7l) are compatible (run pip debug --verbose to show compatible tags): https://www.piwheels.org/simple/rpi-ws281x/rpi_ws281x-5.0.0-cp39-cp39-linux_armv7l.whl#sha256=3c4af921dda22a393e42793e799823918e7d7a5bb71e50e885c22769ffa00c73 (from https://www.piwheels.org/simple/rpi-ws281x/) (requires-python:>=3.6)
2026-04-17T16:15:35,854   Skipping link: none of the wheel's tags (cp311-cp311-linux_armv6l) are compatible (run pip debug --verbose to show compatible tags): https://www.piwheels.org/simple/rpi-ws281x/rpi_ws281x-5.0.0-cp311-cp311-linux_armv6l.whl#sha256=da85589984679b06d877022bf2d8ce6cb9aa08a4c36c8dca297cb2dba83eaa42 (from https://www.piwheels.org/simple/rpi-ws281x/) (requires-python:>=3.6)
2026-04-17T16:15:35,854   Skipping link: none of the wheel's tags (cp311-cp311-linux_armv7l) are compatible (run pip debug --verbose to show compatible tags): https://www.piwheels.org/simple/rpi-ws281x/rpi_ws281x-5.0.0-cp311-cp311-linux_armv7l.whl#sha256=da85589984679b06d877022bf2d8ce6cb9aa08a4c36c8dca297cb2dba83eaa42 (from https://www.piwheels.org/simple/rpi-ws281x/) (requires-python:>=3.6)
2026-04-17T16:15:35,854   Skipping link: none of the wheel's tags (cp313-cp313-linux_armv6l) are compatible (run pip debug --verbose to show compatible tags): https://www.piwheels.org/simple/rpi-ws281x/rpi_ws281x-5.0.0-cp313-cp313-linux_armv6l.whl#sha256=ede81f788319a26d7f46591266f20bf3f83cf662eadd402d74d926a426c80e06 (from https://www.piwheels.org/simple/rpi-ws281x/) (requires-python:>=3.6)
2026-04-17T16:15:35,854   Skipping link: none of the wheel's tags (cp313-cp313-linux_armv7l) are compatible (run pip debug --verbose to show compatible tags): https://www.piwheels.org/simple/rpi-ws281x/rpi_ws281x-5.0.0-cp313-cp313-linux_armv7l.whl#sha256=ede81f788319a26d7f46591266f20bf3f83cf662eadd402d74d926a426c80e06 (from https://www.piwheels.org/simple/rpi-ws281x/) (requires-python:>=3.6)
2026-04-17T16:15:35,854   Skipping link: none of the wheel's tags (cp35-cp35m-linux_armv6l) are compatible (run pip debug --verbose to show compatible tags): https://archive1.piwheels.org/simple/rpi-ws281x/rpi_ws281x-4.3.4-cp35-cp35m-linux_armv6l.whl#sha256=439c518548554bddc40323f11509d34ae6cdc5f21516c6d5f770c48d1d5683ec (from https://www.piwheels.org/simple/rpi-ws281x/)
2026-04-17T16:15:35,855   Skipping link: none of the wheel's tags (cp35-cp35m-linux_armv7l) are compatible (run pip debug --verbose to show compatible tags): https://archive1.piwheels.org/simple/rpi-ws281x/rpi_ws281x-4.3.4-cp35-cp35m-linux_armv7l.whl#sha256=439c518548554bddc40323f11509d34ae6cdc5f21516c6d5f770c48d1d5683ec (from https://www.piwheels.org/simple/rpi-ws281x/)
2026-04-17T16:15:35,855   Skipping link: none of the wheel's tags (cp37-cp37m-linux_armv6l) are compatible (run pip debug --verbose to show compatible tags): https://archive1.piwheels.org/simple/rpi-ws281x/rpi_ws281x-4.3.4-cp37-cp37m-linux_armv6l.whl#sha256=bf71750f5aaf253bdda7ca4d3ed71208827806668801c419f40d4c08a3afd283 (from https://www.piwheels.org/simple/rpi-ws281x/)
2026-04-17T16:15:35,855   Skipping link: none of the wheel's tags (cp37-cp37m-linux_armv7l) are compatible (run pip debug --verbose to show compatible tags): https://archive1.piwheels.org/simple/rpi-ws281x/rpi_ws281x-4.3.4-cp37-cp37m-linux_armv7l.whl#sha256=bf71750f5aaf253bdda7ca4d3ed71208827806668801c419f40d4c08a3afd283 (from https://www.piwheels.org/simple/rpi-ws281x/)
2026-04-17T16:15:35,855   Skipping link: none of the wheel's tags (cp39-cp39-linux_armv6l) are compatible (run pip debug --verbose to show compatible tags): https://archive1.piwheels.org/simple/rpi-ws281x/rpi_ws281x-4.3.4-cp39-cp39-linux_armv6l.whl#sha256=bdabb32c1d2112d826547a57702a6fc81209dad98d00ef52378f5d7f8820bbfb (from https://www.piwheels.org/simple/rpi-ws281x/)
2026-04-17T16:15:35,855   Skipping link: none of the wheel's tags (cp39-cp39-linux_armv7l) are compatible (run pip debug --verbose to show compatible tags): https://archive1.piwheels.org/simple/rpi-ws281x/rpi_ws281x-4.3.4-cp39-cp39-linux_armv7l.whl#sha256=bdabb32c1d2112d826547a57702a6fc81209dad98d00ef52378f5d7f8820bbfb (from https://www.piwheels.org/simple/rpi-ws281x/)
2026-04-17T16:15:35,855   Skipping link: none of the wheel's tags (cp311-cp311-linux_armv6l) are compatible (run pip debug --verbose to show compatible tags): https://archive1.piwheels.org/simple/rpi-ws281x/rpi_ws281x-4.3.4-cp311-cp311-linux_armv6l.whl#sha256=92546a34b990d342d14dd0c0bc2adcbe6594c5beb65aa1a86560cc24c7ada4a5 (from https://www.piwheels.org/simple/rpi-ws281x/)
2026-04-17T16:15:35,855   Skipping link: none of the wheel's tags (cp311-cp311-linux_armv7l) are compatible (run pip debug --verbose to show compatible tags): https://archive1.piwheels.org/simple/rpi-ws281x/rpi_ws281x-4.3.4-cp311-cp311-linux_armv7l.whl#sha256=92546a34b990d342d14dd0c0bc2adcbe6594c5beb65aa1a86560cc24c7ada4a5 (from https://www.piwheels.org/simple/rpi-ws281x/)
2026-04-17T16:15:35,855   Skipping link: none of the wheel's tags (cp313-cp313-linux_armv6l) are compatible (run pip debug --verbose to show compatible tags): https://www.piwheels.org/simple/rpi-ws281x/rpi_ws281x-4.3.4-cp313-cp313-linux_armv6l.whl#sha256=b56278b488fff28f8ee2269bd704e33f97f5f3bd2e969657143d611dd732711c (from https://www.piwheels.org/simple/rpi-ws281x/)
2026-04-17T16:15:35,855   Skipping link: none of the wheel's tags (cp313-cp313-linux_armv7l) are compatible (run pip debug --verbose to show compatible tags): https://www.piwheels.org/simple/rpi-ws281x/rpi_ws281x-4.3.4-cp313-cp313-linux_armv7l.whl#sha256=b56278b488fff28f8ee2269bd704e33f97f5f3bd2e969657143d611dd732711c (from https://www.piwheels.org/simple/rpi-ws281x/)
2026-04-17T16:15:35,855   Skipping link: none of the wheel's tags (cp35-cp35m-linux_armv6l) are compatible (run pip debug --verbose to show compatible tags): https://archive1.piwheels.org/simple/rpi-ws281x/rpi_ws281x-4.3.3-cp35-cp35m-linux_armv6l.whl#sha256=18176f540fbeaa4abd0f70b84c3858fe21b9c5b5c4e2b194a7c4befcc05852ab (from https://www.piwheels.org/simple/rpi-ws281x/)
2026-04-17T16:15:35,855   Skipping link: none of the wheel's tags (cp35-cp35m-linux_armv7l) are compatible (run pip debug --verbose to show compatible tags): https://archive1.piwheels.org/simple/rpi-ws281x/rpi_ws281x-4.3.3-cp35-cp35m-linux_armv7l.whl#sha256=18176f540fbeaa4abd0f70b84c3858fe21b9c5b5c4e2b194a7c4befcc05852ab (from https://www.piwheels.org/simple/rpi-ws281x/)
2026-04-17T16:15:35,855   Skipping link: none of the wheel's tags (cp37-cp37m-linux_armv6l) are compatible (run pip debug --verbose to show compatible tags): https://archive1.piwheels.org/simple/rpi-ws281x/rpi_ws281x-4.3.3-cp37-cp37m-linux_armv6l.whl#sha256=8193709fca4341512c869a53b4a446c1ce7171db11c4b5de92b0f20f58c4dc83 (from https://www.piwheels.org/simple/rpi-ws281x/)
2026-04-17T16:15:35,855   Skipping link: none of the wheel's tags (cp37-cp37m-linux_armv7l) are compatible (run pip debug --verbose to show compatible tags): https://archive1.piwheels.org/simple/rpi-ws281x/rpi_ws281x-4.3.3-cp37-cp37m-linux_armv7l.whl#sha256=8193709fca4341512c869a53b4a446c1ce7171db11c4b5de92b0f20f58c4dc83 (from https://www.piwheels.org/simple/rpi-ws281x/)
2026-04-17T16:15:35,856   Skipping link: none of the wheel's tags (cp39-cp39-linux_armv6l) are compatible (run pip debug --verbose to show compatible tags): https://archive1.piwheels.org/simple/rpi-ws281x/rpi_ws281x-4.3.3-cp39-cp39-linux_armv6l.whl#sha256=727f514a87662c5f50f51cf2c05c1546fa4c95c400c528d5bc9a862b1fb745bd (from https://www.piwheels.org/simple/rpi-ws281x/)
2026-04-17T16:15:35,856   Skipping link: none of the wheel's tags (cp39-cp39-linux_armv7l) are compatible (run pip debug --verbose to show compatible tags): https://archive1.piwheels.org/simple/rpi-ws281x/rpi_ws281x-4.3.3-cp39-cp39-linux_armv7l.whl#sha256=727f514a87662c5f50f51cf2c05c1546fa4c95c400c528d5bc9a862b1fb745bd (from https://www.piwheels.org/simple/rpi-ws281x/)
2026-04-17T16:15:35,856   Skipping link: none of the wheel's tags (cp311-cp311-linux_armv6l) are compatible (run pip debug --verbose to show compatible tags): https://archive1.piwheels.org/simple/rpi-ws281x/rpi_ws281x-4.3.3-cp311-cp311-linux_armv6l.whl#sha256=bb19622c3e6b529456318a4c1b3c08de12e813cbf1e57f4c7bd08b6963f84670 (from https://www.piwheels.org/simple/rpi-ws281x/)
2026-04-17T16:15:35,856   Skipping link: none of the wheel's tags (cp311-cp311-linux_armv7l) are compatible (run pip debug --verbose to show compatible tags): https://archive1.piwheels.org/simple/rpi-ws281x/rpi_ws281x-4.3.3-cp311-cp311-linux_armv7l.whl#sha256=bb19622c3e6b529456318a4c1b3c08de12e813cbf1e57f4c7bd08b6963f84670 (from https://www.piwheels.org/simple/rpi-ws281x/)
2026-04-17T16:15:35,856   Skipping link: none of the wheel's tags (cp313-cp313-linux_armv6l) are compatible (run pip debug --verbose to show compatible tags): https://www.piwheels.org/simple/rpi-ws281x/rpi_ws281x-4.3.3-cp313-cp313-linux_armv6l.whl#sha256=1c9425bf55e15bab72f217ad3b7dde0311727d1ead44bf2b0fbd49748ced9bce (from https://www.piwheels.org/simple/rpi-ws281x/)
2026-04-17T16:15:35,856   Skipping link: none of the wheel's tags (cp313-cp313-linux_armv7l) are compatible (run pip debug --verbose to show compatible tags): https://www.piwheels.org/simple/rpi-ws281x/rpi_ws281x-4.3.3-cp313-cp313-linux_armv7l.whl#sha256=1c9425bf55e15bab72f217ad3b7dde0311727d1ead44bf2b0fbd49748ced9bce (from https://www.piwheels.org/simple/rpi-ws281x/)
2026-04-17T16:15:35,856   Skipping link: none of the wheel's tags (cp35-cp35m-linux_armv6l) are compatible (run pip debug --verbose to show compatible tags): https://archive1.piwheels.org/simple/rpi-ws281x/rpi_ws281x-4.3.2-cp35-cp35m-linux_armv6l.whl#sha256=7cc848c9579031c7fb99cb1f48157bbd3151fd31d2896e0183fa07645fcb1a86 (from https://www.piwheels.org/simple/rpi-ws281x/)
2026-04-17T16:15:35,856   Skipping link: none of the wheel's tags (cp35-cp35m-linux_armv7l) are compatible (run pip debug --verbose to show compatible tags): https://archive1.piwheels.org/simple/rpi-ws281x/rpi_ws281x-4.3.2-cp35-cp35m-linux_armv7l.whl#sha256=7cc848c9579031c7fb99cb1f48157bbd3151fd31d2896e0183fa07645fcb1a86 (from https://www.piwheels.org/simple/rpi-ws281x/)
2026-04-17T16:15:35,856   Skipping link: none of the wheel's tags (cp37-cp37m-linux_armv6l) are compatible (run pip debug --verbose to show compatible tags): https://archive1.piwheels.org/simple/rpi-ws281x/rpi_ws281x-4.3.2-cp37-cp37m-linux_armv6l.whl#sha256=2608bf811e4b0f178047eccd2975a517a8cde4b69f2fd9aeee209825efe2a235 (from https://www.piwheels.org/simple/rpi-ws281x/)
2026-04-17T16:15:35,856   Skipping link: none of the wheel's tags (cp37-cp37m-linux_armv7l) are compatible (run pip debug --verbose to show compatible tags): https://archive1.piwheels.org/simple/rpi-ws281x/rpi_ws281x-4.3.2-cp37-cp37m-linux_armv7l.whl#sha256=2608bf811e4b0f178047eccd2975a517a8cde4b69f2fd9aeee209825efe2a235 (from https://www.piwheels.org/simple/rpi-ws281x/)
2026-04-17T16:15:35,856   Skipping link: none of the wheel's tags (cp39-cp39-linux_armv6l) are compatible (run pip debug --verbose to show compatible tags): https://archive1.piwheels.org/simple/rpi-ws281x/rpi_ws281x-4.3.2-cp39-cp39-linux_armv6l.whl#sha256=da04ba1a4a4ec8daaecea12ee126b4398293f63f056677cde0a1a28d9383848a (from https://www.piwheels.org/simple/rpi-ws281x/)
2026-04-17T16:15:35,856   Skipping link: none of the wheel's tags (cp39-cp39-linux_armv7l) are compatible (run pip debug --verbose to show compatible tags): https://archive1.piwheels.org/simple/rpi-ws281x/rpi_ws281x-4.3.2-cp39-cp39-linux_armv7l.whl#sha256=da04ba1a4a4ec8daaecea12ee126b4398293f63f056677cde0a1a28d9383848a (from https://www.piwheels.org/simple/rpi-ws281x/)
2026-04-17T16:15:35,857   Skipping link: none of the wheel's tags (cp311-cp311-linux_armv6l) are compatible (run pip debug --verbose to show compatible tags): https://archive1.piwheels.org/simple/rpi-ws281x/rpi_ws281x-4.3.2-cp311-cp311-linux_armv6l.whl#sha256=680ab0b039d8c80c38eaeabbc979f1147cb5793f8538d45802e1a4675107987b (from https://www.piwheels.org/simple/rpi-ws281x/)
2026-04-17T16:15:35,857   Skipping link: none of the wheel's tags (cp311-cp311-linux_armv7l) are compatible (run pip debug --verbose to show compatible tags): https://archive1.piwheels.org/simple/rpi-ws281x/rpi_ws281x-4.3.2-cp311-cp311-linux_armv7l.whl#sha256=680ab0b039d8c80c38eaeabbc979f1147cb5793f8538d45802e1a4675107987b (from https://www.piwheels.org/simple/rpi-ws281x/)
2026-04-17T16:15:35,857   Skipping link: none of the wheel's tags (cp313-cp313-linux_armv6l) are compatible (run pip debug --verbose to show compatible tags): https://www.piwheels.org/simple/rpi-ws281x/rpi_ws281x-4.3.2-cp313-cp313-linux_armv6l.whl#sha256=34f4131e0b3a106495ae5bdad2b2eb910649b2720f83d974863eb031c815fc04 (from https://www.piwheels.org/simple/rpi-ws281x/)
2026-04-17T16:15:35,857   Skipping link: none of the wheel's tags (cp313-cp313-linux_armv7l) are compatible (run pip debug --verbose to show compatible tags): https://www.piwheels.org/simple/rpi-ws281x/rpi_ws281x-4.3.2-cp313-cp313-linux_armv7l.whl#sha256=34f4131e0b3a106495ae5bdad2b2eb910649b2720f83d974863eb031c815fc04 (from https://www.piwheels.org/simple/rpi-ws281x/)
2026-04-17T16:15:35,857   Skipping link: none of the wheel's tags (cp311-cp311-linux_armv6l) are compatible (run pip debug --verbose to show compatible tags): https://archive1.piwheels.org/simple/rpi-ws281x/rpi_ws281x-4.3.1-cp311-cp311-linux_armv6l.whl#sha256=d1b4bd1235143c6b6cc8d9f048604a3d96bb2e20bd51a49458faa16d74b2bcd1 (from https://www.piwheels.org/simple/rpi-ws281x/)
2026-04-17T16:15:35,857   Skipping link: none of the wheel's tags (cp311-cp311-linux_armv7l) are compatible (run pip debug --verbose to show compatible tags): https://archive1.piwheels.org/simple/rpi-ws281x/rpi_ws281x-4.3.1-cp311-cp311-linux_armv7l.whl#sha256=d1b4bd1235143c6b6cc8d9f048604a3d96bb2e20bd51a49458faa16d74b2bcd1 (from https://www.piwheels.org/simple/rpi-ws281x/)
2026-04-17T16:15:35,857   Skipping link: none of the wheel's tags (cp35-cp35m-linux_armv6l) are compatible (run pip debug --verbose to show compatible tags): https://archive1.piwheels.org/simple/rpi-ws281x/rpi_ws281x-4.3.1-cp35-cp35m-linux_armv6l.whl#sha256=759d6557dafe48dcb4dc4b825e8a9110c36446b1ae256d13f69a6f1246a3d9a8 (from https://www.piwheels.org/simple/rpi-ws281x/)
2026-04-17T16:15:35,857   Skipping link: none of the wheel's tags (cp35-cp35m-linux_armv7l) are compatible (run pip debug --verbose to show compatible tags): https://archive1.piwheels.org/simple/rpi-ws281x/rpi_ws281x-4.3.1-cp35-cp35m-linux_armv7l.whl#sha256=759d6557dafe48dcb4dc4b825e8a9110c36446b1ae256d13f69a6f1246a3d9a8 (from https://www.piwheels.org/simple/rpi-ws281x/)
2026-04-17T16:15:35,857   Skipping link: none of the wheel's tags (cp37-cp37m-linux_armv6l) are compatible (run pip debug --verbose to show compatible tags): https://archive1.piwheels.org/simple/rpi-ws281x/rpi_ws281x-4.3.1-cp37-cp37m-linux_armv6l.whl#sha256=fcd9c1d005f49f281b64e2ebde22b65daf650527bf136fa8ae61a7e1a4bdff8e (from https://www.piwheels.org/simple/rpi-ws281x/)
2026-04-17T16:15:35,857   Skipping link: none of the wheel's tags (cp37-cp37m-linux_armv7l) are compatible (run pip debug --verbose to show compatible tags): https://archive1.piwheels.org/simple/rpi-ws281x/rpi_ws281x-4.3.1-cp37-cp37m-linux_armv7l.whl#sha256=fcd9c1d005f49f281b64e2ebde22b65daf650527bf136fa8ae61a7e1a4bdff8e (from https://www.piwheels.org/simple/rpi-ws281x/)
2026-04-17T16:15:35,857   Skipping link: none of the wheel's tags (cp39-cp39-linux_armv6l) are compatible (run pip debug --verbose to show compatible tags): https://archive1.piwheels.org/simple/rpi-ws281x/rpi_ws281x-4.3.1-cp39-cp39-linux_armv6l.whl#sha256=834ed93dadf0c381de450fe84ddce813542a0b06457df69c3f9dd45ed5906c1f (from https://www.piwheels.org/simple/rpi-ws281x/)
2026-04-17T16:15:35,857   Skipping link: none of the wheel's tags (cp39-cp39-linux_armv7l) are compatible (run pip debug --verbose to show compatible tags): https://archive1.piwheels.org/simple/rpi-ws281x/rpi_ws281x-4.3.1-cp39-cp39-linux_armv7l.whl#sha256=834ed93dadf0c381de450fe84ddce813542a0b06457df69c3f9dd45ed5906c1f (from https://www.piwheels.org/simple/rpi-ws281x/)
2026-04-17T16:15:35,857   Skipping link: none of the wheel's tags (cp313-cp313-linux_armv6l) are compatible (run pip debug --verbose to show compatible tags): https://www.piwheels.org/simple/rpi-ws281x/rpi_ws281x-4.3.1-cp313-cp313-linux_armv6l.whl#sha256=f17b67d76ef002262ce9e5c6213ca40fa992725e66b5e03eaff95e78998f5ad8 (from https://www.piwheels.org/simple/rpi-ws281x/)
2026-04-17T16:15:35,858   Skipping link: none of the wheel's tags (cp313-cp313-linux_armv7l) are compatible (run pip debug --verbose to show compatible tags): https://www.piwheels.org/simple/rpi-ws281x/rpi_ws281x-4.3.1-cp313-cp313-linux_armv7l.whl#sha256=f17b67d76ef002262ce9e5c6213ca40fa992725e66b5e03eaff95e78998f5ad8 (from https://www.piwheels.org/simple/rpi-ws281x/)
2026-04-17T16:15:35,858   Skipping link: none of the wheel's tags (cp37-cp37m-linux_armv6l) are compatible (run pip debug --verbose to show compatible tags): https://archive1.piwheels.org/simple/rpi-ws281x/rpi_ws281x-4.3.0-cp37-cp37m-linux_armv6l.whl#sha256=99ed59629964d59f6904e481627896283720a3d3a4819232a8539abdfe0e456d (from https://www.piwheels.org/simple/rpi-ws281x/)
2026-04-17T16:15:35,858   Skipping link: none of the wheel's tags (cp37-cp37m-linux_armv7l) are compatible (run pip debug --verbose to show compatible tags): https://archive1.piwheels.org/simple/rpi-ws281x/rpi_ws281x-4.3.0-cp37-cp37m-linux_armv7l.whl#sha256=99ed59629964d59f6904e481627896283720a3d3a4819232a8539abdfe0e456d (from https://www.piwheels.org/simple/rpi-ws281x/)
2026-04-17T16:15:35,858   Skipping link: none of the wheel's tags (cp311-cp311-linux_armv6l) are compatible (run pip debug --verbose to show compatible tags): https://archive1.piwheels.org/simple/rpi-ws281x/rpi_ws281x-4.3.0-cp311-cp311-linux_armv6l.whl#sha256=430c3cdc0231724b51af6422376cba3c8037a0ae6a03a073c8bd5aeb3aa23f04 (from https://www.piwheels.org/simple/rpi-ws281x/)
2026-04-17T16:15:35,858   Skipping link: none of the wheel's tags (cp311-cp311-linux_armv7l) are compatible (run pip debug --verbose to show compatible tags): https://archive1.piwheels.org/simple/rpi-ws281x/rpi_ws281x-4.3.0-cp311-cp311-linux_armv7l.whl#sha256=430c3cdc0231724b51af6422376cba3c8037a0ae6a03a073c8bd5aeb3aa23f04 (from https://www.piwheels.org/simple/rpi-ws281x/)
2026-04-17T16:15:35,858   Skipping link: none of the wheel's tags (cp35-cp35m-linux_armv6l) are compatible (run pip debug --verbose to show compatible tags): https://archive1.piwheels.org/simple/rpi-ws281x/rpi_ws281x-4.3.0-cp35-cp35m-linux_armv6l.whl#sha256=bed9ec0b3b602f61c052a6d7ba659e57c264e1112da7921644ec04c675534a30 (from https://www.piwheels.org/simple/rpi-ws281x/)
2026-04-17T16:15:35,858   Skipping link: none of the wheel's tags (cp35-cp35m-linux_armv7l) are compatible (run pip debug --verbose to show compatible tags): https://archive1.piwheels.org/simple/rpi-ws281x/rpi_ws281x-4.3.0-cp35-cp35m-linux_armv7l.whl#sha256=bed9ec0b3b602f61c052a6d7ba659e57c264e1112da7921644ec04c675534a30 (from https://www.piwheels.org/simple/rpi-ws281x/)
2026-04-17T16:15:35,858   Skipping link: none of the wheel's tags (cp39-cp39-linux_armv6l) are compatible (run pip debug --verbose to show compatible tags): https://archive1.piwheels.org/simple/rpi-ws281x/rpi_ws281x-4.3.0-cp39-cp39-linux_armv6l.whl#sha256=bb999bf0de56bd0eed81f2e68bb69d436a32eca4bf9059bbaa61f744c27f4024 (from https://www.piwheels.org/simple/rpi-ws281x/)
2026-04-17T16:15:35,858   Skipping link: none of the wheel's tags (cp39-cp39-linux_armv7l) are compatible (run pip debug --verbose to show compatible tags): https://archive1.piwheels.org/simple/rpi-ws281x/rpi_ws281x-4.3.0-cp39-cp39-linux_armv7l.whl#sha256=bb999bf0de56bd0eed81f2e68bb69d436a32eca4bf9059bbaa61f744c27f4024 (from https://www.piwheels.org/simple/rpi-ws281x/)
2026-04-17T16:15:35,858   Skipping link: none of the wheel's tags (cp313-cp313-linux_armv6l) are compatible (run pip debug --verbose to show compatible tags): https://www.piwheels.org/simple/rpi-ws281x/rpi_ws281x-4.3.0-cp313-cp313-linux_armv6l.whl#sha256=9f431320a5a8d7e84cc44f6784c4fc54e30426a0c64396d51800693278760c6f (from https://www.piwheels.org/simple/rpi-ws281x/)
2026-04-17T16:15:35,858   Skipping link: none of the wheel's tags (cp313-cp313-linux_armv7l) are compatible (run pip debug --verbose to show compatible tags): https://www.piwheels.org/simple/rpi-ws281x/rpi_ws281x-4.3.0-cp313-cp313-linux_armv7l.whl#sha256=9f431320a5a8d7e84cc44f6784c4fc54e30426a0c64396d51800693278760c6f (from https://www.piwheels.org/simple/rpi-ws281x/)
2026-04-17T16:15:35,858   Skipping link: none of the wheel's tags (cp35-cp35m-linux_armv6l) are compatible (run pip debug --verbose to show compatible tags): https://archive1.piwheels.org/simple/rpi-ws281x/rpi_ws281x-4.2.6-cp35-cp35m-linux_armv6l.whl#sha256=d415064942746a7b7a8f3bf7be86fc3dfd1bfb28b69c311b321ecd6e79d9f430 (from https://www.piwheels.org/simple/rpi-ws281x/)
2026-04-17T16:15:35,858   Skipping link: none of the wheel's tags (cp35-cp35m-linux_armv7l) are compatible (run pip debug --verbose to show compatible tags): https://archive1.piwheels.org/simple/rpi-ws281x/rpi_ws281x-4.2.6-cp35-cp35m-linux_armv7l.whl#sha256=d415064942746a7b7a8f3bf7be86fc3dfd1bfb28b69c311b321ecd6e79d9f430 (from https://www.piwheels.org/simple/rpi-ws281x/)
2026-04-17T16:15:35,858   Skipping link: none of the wheel's tags (cp37-cp37m-linux_armv6l) are compatible (run pip debug --verbose to show compatible tags): https://archive1.piwheels.org/simple/rpi-ws281x/rpi_ws281x-4.2.6-cp37-cp37m-linux_armv6l.whl#sha256=0285c43ba97211ff80b80068e1f5ba18270dce5fe891924220e94fc15d692e74 (from https://www.piwheels.org/simple/rpi-ws281x/)
2026-04-17T16:15:35,859   Skipping link: none of the wheel's tags (cp37-cp37m-linux_armv7l) are compatible (run pip debug --verbose to show compatible tags): https://archive1.piwheels.org/simple/rpi-ws281x/rpi_ws281x-4.2.6-cp37-cp37m-linux_armv7l.whl#sha256=0285c43ba97211ff80b80068e1f5ba18270dce5fe891924220e94fc15d692e74 (from https://www.piwheels.org/simple/rpi-ws281x/)
2026-04-17T16:15:35,859   Skipping link: none of the wheel's tags (cp311-cp311-linux_armv6l) are compatible (run pip debug --verbose to show compatible tags): https://archive1.piwheels.org/simple/rpi-ws281x/rpi_ws281x-4.2.6-cp311-cp311-linux_armv6l.whl#sha256=27f3cd5175da298b9125daccefa10961bed8575566da1e2e95588ccef43522e9 (from https://www.piwheels.org/simple/rpi-ws281x/)
2026-04-17T16:15:35,859   Skipping link: none of the wheel's tags (cp311-cp311-linux_armv7l) are compatible (run pip debug --verbose to show compatible tags): https://archive1.piwheels.org/simple/rpi-ws281x/rpi_ws281x-4.2.6-cp311-cp311-linux_armv7l.whl#sha256=27f3cd5175da298b9125daccefa10961bed8575566da1e2e95588ccef43522e9 (from https://www.piwheels.org/simple/rpi-ws281x/)
2026-04-17T16:15:35,859   Skipping link: none of the wheel's tags (cp39-cp39-linux_armv6l) are compatible (run pip debug --verbose to show compatible tags): https://archive1.piwheels.org/simple/rpi-ws281x/rpi_ws281x-4.2.6-cp39-cp39-linux_armv6l.whl#sha256=9dfa3a4b520539e2b1650c6296f56614c8fe5903d6eb161107972c5821096b0f (from https://www.piwheels.org/simple/rpi-ws281x/)
2026-04-17T16:15:35,859   Skipping link: none of the wheel's tags (cp39-cp39-linux_armv7l) are compatible (run pip debug --verbose to show compatible tags): https://archive1.piwheels.org/simple/rpi-ws281x/rpi_ws281x-4.2.6-cp39-cp39-linux_armv7l.whl#sha256=9dfa3a4b520539e2b1650c6296f56614c8fe5903d6eb161107972c5821096b0f (from https://www.piwheels.org/simple/rpi-ws281x/)
2026-04-17T16:15:35,859   Skipping link: none of the wheel's tags (cp313-cp313-linux_armv6l) are compatible (run pip debug --verbose to show compatible tags): https://www.piwheels.org/simple/rpi-ws281x/rpi_ws281x-4.2.6-cp313-cp313-linux_armv6l.whl#sha256=3f68470f96755771616e18a1abf4f0c6c2b2d9a33938167e656e98b844ea65d5 (from https://www.piwheels.org/simple/rpi-ws281x/)
2026-04-17T16:15:35,859   Skipping link: none of the wheel's tags (cp313-cp313-linux_armv7l) are compatible (run pip debug --verbose to show compatible tags): https://www.piwheels.org/simple/rpi-ws281x/rpi_ws281x-4.2.6-cp313-cp313-linux_armv7l.whl#sha256=3f68470f96755771616e18a1abf4f0c6c2b2d9a33938167e656e98b844ea65d5 (from https://www.piwheels.org/simple/rpi-ws281x/)
2026-04-17T16:15:35,859   Skipping link: none of the wheel's tags (cp35-cp35m-linux_armv6l) are compatible (run pip debug --verbose to show compatible tags): https://archive1.piwheels.org/simple/rpi-ws281x/rpi_ws281x-4.2.5-cp35-cp35m-linux_armv6l.whl#sha256=b724672e3d305045be9295e3a2b257f0b580dd54cbbf00c52786e43413b38da9 (from https://www.piwheels.org/simple/rpi-ws281x/)
2026-04-17T16:15:35,859   Skipping link: none of the wheel's tags (cp35-cp35m-linux_armv7l) are compatible (run pip debug --verbose to show compatible tags): https://archive1.piwheels.org/simple/rpi-ws281x/rpi_ws281x-4.2.5-cp35-cp35m-linux_armv7l.whl#sha256=b724672e3d305045be9295e3a2b257f0b580dd54cbbf00c52786e43413b38da9 (from https://www.piwheels.org/simple/rpi-ws281x/)
2026-04-17T16:15:35,859   Skipping link: none of the wheel's tags (cp311-cp311-linux_armv6l) are compatible (run pip debug --verbose to show compatible tags): https://archive1.piwheels.org/simple/rpi-ws281x/rpi_ws281x-4.2.5-cp311-cp311-linux_armv6l.whl#sha256=6a8ebcf6061a443410e6e830ec968698796324fb672426e4a07480460be41b0c (from https://www.piwheels.org/simple/rpi-ws281x/)
2026-04-17T16:15:35,859   Skipping link: none of the wheel's tags (cp311-cp311-linux_armv7l) are compatible (run pip debug --verbose to show compatible tags): https://archive1.piwheels.org/simple/rpi-ws281x/rpi_ws281x-4.2.5-cp311-cp311-linux_armv7l.whl#sha256=6a8ebcf6061a443410e6e830ec968698796324fb672426e4a07480460be41b0c (from https://www.piwheels.org/simple/rpi-ws281x/)
2026-04-17T16:15:35,859   Skipping link: none of the wheel's tags (cp37-cp37m-linux_armv6l) are compatible (run pip debug --verbose to show compatible tags): https://archive1.piwheels.org/simple/rpi-ws281x/rpi_ws281x-4.2.5-cp37-cp37m-linux_armv6l.whl#sha256=13ca0be7aecad829b6dc1596f222303ebe7aba51bc0c04eec61f7427fb5b0a60 (from https://www.piwheels.org/simple/rpi-ws281x/)
2026-04-17T16:15:35,859   Skipping link: none of the wheel's tags (cp37-cp37m-linux_armv7l) are compatible (run pip debug --verbose to show compatible tags): https://archive1.piwheels.org/simple/rpi-ws281x/rpi_ws281x-4.2.5-cp37-cp37m-linux_armv7l.whl#sha256=13ca0be7aecad829b6dc1596f222303ebe7aba51bc0c04eec61f7427fb5b0a60 (from https://www.piwheels.org/simple/rpi-ws281x/)
2026-04-17T16:15:35,860   Skipping link: none of the wheel's tags (cp39-cp39-linux_armv6l) are compatible (run pip debug --verbose to show compatible tags): https://archive1.piwheels.org/simple/rpi-ws281x/rpi_ws281x-4.2.5-cp39-cp39-linux_armv6l.whl#sha256=d2cafc67f591c41c8a1b55a0fb38edf503e9425c03d69171d0b4de084cc33c8d (from https://www.piwheels.org/simple/rpi-ws281x/)
2026-04-17T16:15:35,860   Skipping link: none of the wheel's tags (cp39-cp39-linux_armv7l) are compatible (run pip debug --verbose to show compatible tags): https://archive1.piwheels.org/simple/rpi-ws281x/rpi_ws281x-4.2.5-cp39-cp39-linux_armv7l.whl#sha256=d2cafc67f591c41c8a1b55a0fb38edf503e9425c03d69171d0b4de084cc33c8d (from https://www.piwheels.org/simple/rpi-ws281x/)
2026-04-17T16:15:35,860   Skipping link: none of the wheel's tags (cp313-cp313-linux_armv6l) are compatible (run pip debug --verbose to show compatible tags): https://www.piwheels.org/simple/rpi-ws281x/rpi_ws281x-4.2.5-cp313-cp313-linux_armv6l.whl#sha256=1d2f529ec3bde467c5fb5d3134de66700257926619a5b0b753ddbd02a22b8132 (from https://www.piwheels.org/simple/rpi-ws281x/)
2026-04-17T16:15:35,860   Skipping link: none of the wheel's tags (cp313-cp313-linux_armv7l) are compatible (run pip debug --verbose to show compatible tags): https://www.piwheels.org/simple/rpi-ws281x/rpi_ws281x-4.2.5-cp313-cp313-linux_armv7l.whl#sha256=1d2f529ec3bde467c5fb5d3134de66700257926619a5b0b753ddbd02a22b8132 (from https://www.piwheels.org/simple/rpi-ws281x/)
2026-04-17T16:15:35,860   Skipping link: none of the wheel's tags (cp34-cp34m-linux_armv6l) are compatible (run pip debug --verbose to show compatible tags): https://archive1.piwheels.org/simple/rpi-ws281x/rpi_ws281x-4.2.4-cp34-cp34m-linux_armv6l.whl#sha256=80e65771182b8fb869a864e40180441343d376c787b2efb10f22b954a521e322 (from https://www.piwheels.org/simple/rpi-ws281x/)
2026-04-17T16:15:35,860   Skipping link: none of the wheel's tags (cp34-cp34m-linux_armv7l) are compatible (run pip debug --verbose to show compatible tags): https://archive1.piwheels.org/simple/rpi-ws281x/rpi_ws281x-4.2.4-cp34-cp34m-linux_armv7l.whl#sha256=80e65771182b8fb869a864e40180441343d376c787b2efb10f22b954a521e322 (from https://www.piwheels.org/simple/rpi-ws281x/)
2026-04-17T16:15:35,860   Skipping link: none of the wheel's tags (cp35-cp35m-linux_armv6l) are compatible (run pip debug --verbose to show compatible tags): https://archive1.piwheels.org/simple/rpi-ws281x/rpi_ws281x-4.2.4-cp35-cp35m-linux_armv6l.whl#sha256=ecbdc4a658334b40dd4c69bf2b700c0b963a2597f6fd771137924ae0e2b60961 (from https://www.piwheels.org/simple/rpi-ws281x/)
2026-04-17T16:15:35,860   Skipping link: none of the wheel's tags (cp35-cp35m-linux_armv7l) are compatible (run pip debug --verbose to show compatible tags): https://archive1.piwheels.org/simple/rpi-ws281x/rpi_ws281x-4.2.4-cp35-cp35m-linux_armv7l.whl#sha256=ecbdc4a658334b40dd4c69bf2b700c0b963a2597f6fd771137924ae0e2b60961 (from https://www.piwheels.org/simple/rpi-ws281x/)
2026-04-17T16:15:35,860   Skipping link: none of the wheel's tags (cp39-cp39-linux_armv6l) are compatible (run pip debug --verbose to show compatible tags): https://archive1.piwheels.org/simple/rpi-ws281x/rpi_ws281x-4.2.4-cp39-cp39-linux_armv6l.whl#sha256=094b1a5ad45a43c3362b1de2cd4e87a358a87494d96c0aa2fed43de0147f9667 (from https://www.piwheels.org/simple/rpi-ws281x/)
2026-04-17T16:15:35,860   Skipping link: none of the wheel's tags (cp39-cp39-linux_armv7l) are compatible (run pip debug --verbose to show compatible tags): https://archive1.piwheels.org/simple/rpi-ws281x/rpi_ws281x-4.2.4-cp39-cp39-linux_armv7l.whl#sha256=094b1a5ad45a43c3362b1de2cd4e87a358a87494d96c0aa2fed43de0147f9667 (from https://www.piwheels.org/simple/rpi-ws281x/)
2026-04-17T16:15:35,860   Skipping link: none of the wheel's tags (cp311-cp311-linux_armv6l) are compatible (run pip debug --verbose to show compatible tags): https://archive1.piwheels.org/simple/rpi-ws281x/rpi_ws281x-4.2.4-cp311-cp311-linux_armv6l.whl#sha256=6379035c8d6e0a750c76206516f52d5065f92a00e2975b3b8b64de22c1254db5 (from https://www.piwheels.org/simple/rpi-ws281x/)
2026-04-17T16:15:35,860   Skipping link: none of the wheel's tags (cp311-cp311-linux_armv7l) are compatible (run pip debug --verbose to show compatible tags): https://archive1.piwheels.org/simple/rpi-ws281x/rpi_ws281x-4.2.4-cp311-cp311-linux_armv7l.whl#sha256=6379035c8d6e0a750c76206516f52d5065f92a00e2975b3b8b64de22c1254db5 (from https://www.piwheels.org/simple/rpi-ws281x/)
2026-04-17T16:15:35,860   Skipping link: none of the wheel's tags (cp37-cp37m-linux_armv6l) are compatible (run pip debug --verbose to show compatible tags): https://archive1.piwheels.org/simple/rpi-ws281x/rpi_ws281x-4.2.4-cp37-cp37m-linux_armv6l.whl#sha256=6e7467598d473e0446aecad8891dae273f3ccfd4449a618d1bca25f5d1a1ac6d (from https://www.piwheels.org/simple/rpi-ws281x/)
2026-04-17T16:15:35,861   Skipping link: none of the wheel's tags (cp37-cp37m-linux_armv7l) are compatible (run pip debug --verbose to show compatible tags): https://archive1.piwheels.org/simple/rpi-ws281x/rpi_ws281x-4.2.4-cp37-cp37m-linux_armv7l.whl#sha256=6e7467598d473e0446aecad8891dae273f3ccfd4449a618d1bca25f5d1a1ac6d (from https://www.piwheels.org/simple/rpi-ws281x/)
2026-04-17T16:15:35,861   Skipping link: none of the wheel's tags (cp313-cp313-linux_armv6l) are compatible (run pip debug --verbose to show compatible tags): https://www.piwheels.org/simple/rpi-ws281x/rpi_ws281x-4.2.4-cp313-cp313-linux_armv6l.whl#sha256=1c30ad12d88ebe6cd44eaee7022d40ee18c451f5cd84b65f1ea8865521d80aa1 (from https://www.piwheels.org/simple/rpi-ws281x/)
2026-04-17T16:15:35,861   Skipping link: none of the wheel's tags (cp313-cp313-linux_armv7l) are compatible (run pip debug --verbose to show compatible tags): https://www.piwheels.org/simple/rpi-ws281x/rpi_ws281x-4.2.4-cp313-cp313-linux_armv7l.whl#sha256=1c30ad12d88ebe6cd44eaee7022d40ee18c451f5cd84b65f1ea8865521d80aa1 (from https://www.piwheels.org/simple/rpi-ws281x/)
2026-04-17T16:15:35,861   Skipping link: none of the wheel's tags (cp34-cp34m-linux_armv7l) are compatible (run pip debug --verbose to show compatible tags): https://archive1.piwheels.org/simple/rpi-ws281x/rpi_ws281x-4.2.3-cp34-cp34m-linux_armv7l.whl#sha256=544f09353ccb578452d0478470460d3425f40e8dd7433131a95239daeae83303 (from https://www.piwheels.org/simple/rpi-ws281x/)
2026-04-17T16:15:35,861   Skipping link: none of the wheel's tags (cp34-cp34m-linux_armv6l) are compatible (run pip debug --verbose to show compatible tags): https://archive1.piwheels.org/simple/rpi-ws281x/rpi_ws281x-4.2.3-cp34-cp34m-linux_armv6l.whl#sha256=544f09353ccb578452d0478470460d3425f40e8dd7433131a95239daeae83303 (from https://www.piwheels.org/simple/rpi-ws281x/)
2026-04-17T16:15:35,861   Skipping link: none of the wheel's tags (cp39-cp39-linux_armv6l) are compatible (run pip debug --verbose to show compatible tags): https://archive1.piwheels.org/simple/rpi-ws281x/rpi_ws281x-4.2.3-cp39-cp39-linux_armv6l.whl#sha256=a3ad83685f4dee09ba8368cedb1a64057d3192ae70bbb56b87df0f9943ccf3de (from https://www.piwheels.org/simple/rpi-ws281x/)
2026-04-17T16:15:35,861   Skipping link: none of the wheel's tags (cp39-cp39-linux_armv7l) are compatible (run pip debug --verbose to show compatible tags): https://archive1.piwheels.org/simple/rpi-ws281x/rpi_ws281x-4.2.3-cp39-cp39-linux_armv7l.whl#sha256=a3ad83685f4dee09ba8368cedb1a64057d3192ae70bbb56b87df0f9943ccf3de (from https://www.piwheels.org/simple/rpi-ws281x/)
2026-04-17T16:15:35,861   Skipping link: none of the wheel's tags (cp35-cp35m-linux_armv6l) are compatible (run pip debug --verbose to show compatible tags): https://archive1.piwheels.org/simple/rpi-ws281x/rpi_ws281x-4.2.3-cp35-cp35m-linux_armv6l.whl#sha256=4133fcadae722e5f3b8824fd43c6f90329f52f2017e2e7f534ca8c7c0288e2c6 (from https://www.piwheels.org/simple/rpi-ws281x/)
2026-04-17T16:15:35,861   Skipping link: none of the wheel's tags (cp35-cp35m-linux_armv7l) are compatible (run pip debug --verbose to show compatible tags): https://archive1.piwheels.org/simple/rpi-ws281x/rpi_ws281x-4.2.3-cp35-cp35m-linux_armv7l.whl#sha256=4133fcadae722e5f3b8824fd43c6f90329f52f2017e2e7f534ca8c7c0288e2c6 (from https://www.piwheels.org/simple/rpi-ws281x/)
2026-04-17T16:15:35,861   Skipping link: none of the wheel's tags (cp37-cp37m-linux_armv6l) are compatible (run pip debug --verbose to show compatible tags): https://archive1.piwheels.org/simple/rpi-ws281x/rpi_ws281x-4.2.3-cp37-cp37m-linux_armv6l.whl#sha256=07711d59a4c5361fae173e376df413429041a4103773b381608230370310af52 (from https://www.piwheels.org/simple/rpi-ws281x/)
2026-04-17T16:15:35,861   Skipping link: none of the wheel's tags (cp37-cp37m-linux_armv7l) are compatible (run pip debug --verbose to show compatible tags): https://archive1.piwheels.org/simple/rpi-ws281x/rpi_ws281x-4.2.3-cp37-cp37m-linux_armv7l.whl#sha256=07711d59a4c5361fae173e376df413429041a4103773b381608230370310af52 (from https://www.piwheels.org/simple/rpi-ws281x/)
2026-04-17T16:15:35,861   Skipping link: none of the wheel's tags (cp34-cp34m-linux_armv6l) are compatible (run pip debug --verbose to show compatible tags): https://archive1.piwheels.org/simple/rpi-ws281x/rpi_ws281x-4.2.2-cp34-cp34m-linux_armv6l.whl#sha256=bad191da9945d7ba9fe0f88ab70d04e6af1b554f520eaa50415f7bff1fa31150 (from https://www.piwheels.org/simple/rpi-ws281x/)
2026-04-17T16:15:35,861   Skipping link: none of the wheel's tags (cp34-cp34m-linux_armv7l) are compatible (run pip debug --verbose to show compatible tags): https://archive1.piwheels.org/simple/rpi-ws281x/rpi_ws281x-4.2.2-cp34-cp34m-linux_armv7l.whl#sha256=bad191da9945d7ba9fe0f88ab70d04e6af1b554f520eaa50415f7bff1fa31150 (from https://www.piwheels.org/simple/rpi-ws281x/)
2026-04-17T16:15:35,862   Skipping link: none of the wheel's tags (cp39-cp39-linux_armv6l) are compatible (run pip debug --verbose to show compatible tags): https://archive1.piwheels.org/simple/rpi-ws281x/rpi_ws281x-4.2.2-cp39-cp39-linux_armv6l.whl#sha256=bbefee8c07c98d5d281763147a000a7c4ebd40f7a9983f2858a0ed64bf01c6b5 (from https://www.piwheels.org/simple/rpi-ws281x/)
2026-04-17T16:15:35,862   Skipping link: none of the wheel's tags (cp39-cp39-linux_armv7l) are compatible (run pip debug --verbose to show compatible tags): https://archive1.piwheels.org/simple/rpi-ws281x/rpi_ws281x-4.2.2-cp39-cp39-linux_armv7l.whl#sha256=bbefee8c07c98d5d281763147a000a7c4ebd40f7a9983f2858a0ed64bf01c6b5 (from https://www.piwheels.org/simple/rpi-ws281x/)
2026-04-17T16:15:35,862   Skipping link: none of the wheel's tags (cp35-cp35m-linux_armv6l) are compatible (run pip debug --verbose to show compatible tags): https://archive1.piwheels.org/simple/rpi-ws281x/rpi_ws281x-4.2.2-cp35-cp35m-linux_armv6l.whl#sha256=6b02d8111c1068d2b59e5fdb2382c34df7870072e1c82e25e2430fc05e3b516e (from https://www.piwheels.org/simple/rpi-ws281x/)
2026-04-17T16:15:35,862   Skipping link: none of the wheel's tags (cp35-cp35m-linux_armv7l) are compatible (run pip debug --verbose to show compatible tags): https://archive1.piwheels.org/simple/rpi-ws281x/rpi_ws281x-4.2.2-cp35-cp35m-linux_armv7l.whl#sha256=6b02d8111c1068d2b59e5fdb2382c34df7870072e1c82e25e2430fc05e3b516e (from https://www.piwheels.org/simple/rpi-ws281x/)
2026-04-17T16:15:35,862   Skipping link: none of the wheel's tags (cp37-cp37m-linux_armv6l) are compatible (run pip debug --verbose to show compatible tags): https://archive1.piwheels.org/simple/rpi-ws281x/rpi_ws281x-4.2.2-cp37-cp37m-linux_armv6l.whl#sha256=42096873997681fb9bdc9f299f64499b9ddb79e6750e98b8d52a1a705becc061 (from https://www.piwheels.org/simple/rpi-ws281x/)
2026-04-17T16:15:35,862   Skipping link: none of the wheel's tags (cp37-cp37m-linux_armv7l) are compatible (run pip debug --verbose to show compatible tags): https://archive1.piwheels.org/simple/rpi-ws281x/rpi_ws281x-4.2.2-cp37-cp37m-linux_armv7l.whl#sha256=42096873997681fb9bdc9f299f64499b9ddb79e6750e98b8d52a1a705becc061 (from https://www.piwheels.org/simple/rpi-ws281x/)
2026-04-17T16:15:35,862   Skipping link: none of the wheel's tags (cp35-cp35m-linux_armv6l) are compatible (run pip debug --verbose to show compatible tags): https://archive1.piwheels.org/simple/rpi-ws281x/rpi_ws281x-4.2.1-cp35-cp35m-linux_armv6l.whl#sha256=2929d9535a172093d9159e3a7955f8d66d9d5a6da64b81f6cbcea2cb99f70d67 (from https://www.piwheels.org/simple/rpi-ws281x/)
2026-04-17T16:15:35,862   Skipping link: none of the wheel's tags (cp35-cp35m-linux_armv7l) are compatible (run pip debug --verbose to show compatible tags): https://archive1.piwheels.org/simple/rpi-ws281x/rpi_ws281x-4.2.1-cp35-cp35m-linux_armv7l.whl#sha256=2929d9535a172093d9159e3a7955f8d66d9d5a6da64b81f6cbcea2cb99f70d67 (from https://www.piwheels.org/simple/rpi-ws281x/)
2026-04-17T16:15:35,862   Skipping link: none of the wheel's tags (cp39-cp39-linux_armv6l) are compatible (run pip debug --verbose to show compatible tags): https://archive1.piwheels.org/simple/rpi-ws281x/rpi_ws281x-4.2.1-cp39-cp39-linux_armv6l.whl#sha256=4fb2f9eb6ee4293e021d767f2df84b845840a151127baa7609675f172f4e2191 (from https://www.piwheels.org/simple/rpi-ws281x/)
2026-04-17T16:15:35,862   Skipping link: none of the wheel's tags (cp39-cp39-linux_armv7l) are compatible (run pip debug --verbose to show compatible tags): https://archive1.piwheels.org/simple/rpi-ws281x/rpi_ws281x-4.2.1-cp39-cp39-linux_armv7l.whl#sha256=4fb2f9eb6ee4293e021d767f2df84b845840a151127baa7609675f172f4e2191 (from https://www.piwheels.org/simple/rpi-ws281x/)
2026-04-17T16:15:35,862   Skipping link: none of the wheel's tags (cp37-cp37m-linux_armv6l) are compatible (run pip debug --verbose to show compatible tags): https://archive1.piwheels.org/simple/rpi-ws281x/rpi_ws281x-4.2.1-cp37-cp37m-linux_armv6l.whl#sha256=fb940c52cecb7a1d9040686b68878e559e67ff7b828675e372d994afabd595dc (from https://www.piwheels.org/simple/rpi-ws281x/)
2026-04-17T16:15:35,862   Skipping link: none of the wheel's tags (cp37-cp37m-linux_armv7l) are compatible (run pip debug --verbose to show compatible tags): https://archive1.piwheels.org/simple/rpi-ws281x/rpi_ws281x-4.2.1-cp37-cp37m-linux_armv7l.whl#sha256=fb940c52cecb7a1d9040686b68878e559e67ff7b828675e372d994afabd595dc (from https://www.piwheels.org/simple/rpi-ws281x/)
2026-04-17T16:15:35,862   Skipping link: none of the wheel's tags (cp34-cp34m-linux_armv7l) are compatible (run pip debug --verbose to show compatible tags): https://archive1.piwheels.org/simple/rpi-ws281x/rpi_ws281x-4.2.0-cp34-cp34m-linux_armv7l.whl#sha256=4682ac1dcb1319208a538450efebd536a7fe7fae322940f1a955aad917fee9e7 (from https://www.piwheels.org/simple/rpi-ws281x/)
2026-04-17T16:15:35,863   Skipping link: none of the wheel's tags (cp34-cp34m-linux_armv6l) are compatible (run pip debug --verbose to show compatible tags): https://archive1.piwheels.org/simple/rpi-ws281x/rpi_ws281x-4.2.0-cp34-cp34m-linux_armv6l.whl#sha256=4682ac1dcb1319208a538450efebd536a7fe7fae322940f1a955aad917fee9e7 (from https://www.piwheels.org/simple/rpi-ws281x/)
2026-04-17T16:15:35,863   Skipping link: none of the wheel's tags (cp35-cp35m-linux_armv7l) are compatible (run pip debug --verbose to show compatible tags): https://archive1.piwheels.org/simple/rpi-ws281x/rpi_ws281x-4.2.0-cp35-cp35m-linux_armv7l.whl#sha256=8901bec32f17710573f8a02c2a23cd7dc62e863eba9beb47fc7abaf9d47d30a0 (from https://www.piwheels.org/simple/rpi-ws281x/)
2026-04-17T16:15:35,863   Skipping link: none of the wheel's tags (cp35-cp35m-linux_armv6l) are compatible (run pip debug --verbose to show compatible tags): https://archive1.piwheels.org/simple/rpi-ws281x/rpi_ws281x-4.2.0-cp35-cp35m-linux_armv6l.whl#sha256=8901bec32f17710573f8a02c2a23cd7dc62e863eba9beb47fc7abaf9d47d30a0 (from https://www.piwheels.org/simple/rpi-ws281x/)
2026-04-17T16:15:35,863   Skipping link: none of the wheel's tags (cp39-cp39-linux_armv6l) are compatible (run pip debug --verbose to show compatible tags): https://archive1.piwheels.org/simple/rpi-ws281x/rpi_ws281x-4.2.0-cp39-cp39-linux_armv6l.whl#sha256=73bb03ec106871b920cf67a2fe775f5d33cbed7aa89aba114195e349c50ad373 (from https://www.piwheels.org/simple/rpi-ws281x/)
2026-04-17T16:15:35,863   Skipping link: none of the wheel's tags (cp39-cp39-linux_armv7l) are compatible (run pip debug --verbose to show compatible tags): https://archive1.piwheels.org/simple/rpi-ws281x/rpi_ws281x-4.2.0-cp39-cp39-linux_armv7l.whl#sha256=73bb03ec106871b920cf67a2fe775f5d33cbed7aa89aba114195e349c50ad373 (from https://www.piwheels.org/simple/rpi-ws281x/)
2026-04-17T16:15:35,863   Skipping link: none of the wheel's tags (cp37-cp37m-linux_armv6l) are compatible (run pip debug --verbose to show compatible tags): https://archive1.piwheels.org/simple/rpi-ws281x/rpi_ws281x-4.2.0-cp37-cp37m-linux_armv6l.whl#sha256=191f38258ce5e06b74bb6f70544d0d265006c0c100b8fe0b97b738949e14e7b9 (from https://www.piwheels.org/simple/rpi-ws281x/)
2026-04-17T16:15:35,863   Skipping link: none of the wheel's tags (cp37-cp37m-linux_armv7l) are compatible (run pip debug --verbose to show compatible tags): https://archive1.piwheels.org/simple/rpi-ws281x/rpi_ws281x-4.2.0-cp37-cp37m-linux_armv7l.whl#sha256=191f38258ce5e06b74bb6f70544d0d265006c0c100b8fe0b97b738949e14e7b9 (from https://www.piwheels.org/simple/rpi-ws281x/)
2026-04-17T16:15:35,863   Skipping link: none of the wheel's tags (cp39-cp39-linux_armv6l) are compatible (run pip debug --verbose to show compatible tags): https://archive1.piwheels.org/simple/rpi-ws281x/rpi_ws281x-4.1.0-cp39-cp39-linux_armv6l.whl#sha256=9ed0eeb6a30bcc20d2377f1e22a29a17df9d459c32f326867f0b66a237e8282f (from https://www.piwheels.org/simple/rpi-ws281x/)
2026-04-17T16:15:35,863   Skipping link: none of the wheel's tags (cp39-cp39-linux_armv7l) are compatible (run pip debug --verbose to show compatible tags): https://archive1.piwheels.org/simple/rpi-ws281x/rpi_ws281x-4.1.0-cp39-cp39-linux_armv7l.whl#sha256=9ed0eeb6a30bcc20d2377f1e22a29a17df9d459c32f326867f0b66a237e8282f (from https://www.piwheels.org/simple/rpi-ws281x/)
2026-04-17T16:15:35,863   Skipping link: none of the wheel's tags (cp37-cp37m-linux_armv6l) are compatible (run pip debug --verbose to show compatible tags): https://archive1.piwheels.org/simple/rpi-ws281x/rpi_ws281x-4.1.0-cp37-cp37m-linux_armv6l.whl#sha256=28f6850d54b99926fee96fdb2a4068a5c86bd78ecb5de4a7e7ff192f0bc89454 (from https://www.piwheels.org/simple/rpi-ws281x/)
2026-04-17T16:15:35,863   Skipping link: none of the wheel's tags (cp37-cp37m-linux_armv7l) are compatible (run pip debug --verbose to show compatible tags): https://archive1.piwheels.org/simple/rpi-ws281x/rpi_ws281x-4.1.0-cp37-cp37m-linux_armv7l.whl#sha256=28f6850d54b99926fee96fdb2a4068a5c86bd78ecb5de4a7e7ff192f0bc89454 (from https://www.piwheels.org/simple/rpi-ws281x/)
2026-04-17T16:15:35,863   Skipping link: none of the wheel's tags (cp35-cp35m-linux_armv6l) are compatible (run pip debug --verbose to show compatible tags): https://archive1.piwheels.org/simple/rpi-ws281x/rpi_ws281x-4.1.0-cp35-cp35m-linux_armv6l.whl#sha256=ed91505fe18a36260b3fe0bf9ce95b445fed425c247da480db36adc0e8084091 (from https://www.piwheels.org/simple/rpi-ws281x/)
2026-04-17T16:15:35,863   Skipping link: none of the wheel's tags (cp35-cp35m-linux_armv7l) are compatible (run pip debug --verbose to show compatible tags): https://archive1.piwheels.org/simple/rpi-ws281x/rpi_ws281x-4.1.0-cp35-cp35m-linux_armv7l.whl#sha256=ed91505fe18a36260b3fe0bf9ce95b445fed425c247da480db36adc0e8084091 (from https://www.piwheels.org/simple/rpi-ws281x/)
2026-04-17T16:15:35,864   Skipping link: none of the wheel's tags (cp39-cp39-linux_armv6l) are compatible (run pip debug --verbose to show compatible tags): https://archive1.piwheels.org/simple/rpi-ws281x/rpi_ws281x-4.0.0-cp39-cp39-linux_armv6l.whl#sha256=e89b2f52175b94b761f4354f17ef8688c51f665b7c584e8b0f994e8474cbe76b (from https://www.piwheels.org/simple/rpi-ws281x/)
2026-04-17T16:15:35,864   Skipping link: none of the wheel's tags (cp39-cp39-linux_armv7l) are compatible (run pip debug --verbose to show compatible tags): https://archive1.piwheels.org/simple/rpi-ws281x/rpi_ws281x-4.0.0-cp39-cp39-linux_armv7l.whl#sha256=e89b2f52175b94b761f4354f17ef8688c51f665b7c584e8b0f994e8474cbe76b (from https://www.piwheels.org/simple/rpi-ws281x/)
2026-04-17T16:15:35,864   Skipping link: none of the wheel's tags (cp37-cp37m-linux_armv6l) are compatible (run pip debug --verbose to show compatible tags): https://archive1.piwheels.org/simple/rpi-ws281x/rpi_ws281x-4.0.0-cp37-cp37m-linux_armv6l.whl#sha256=3e3c504909dfea8cac1aad1523aa89269653ec333993d20d8231cbe971faaa7e (from https://www.piwheels.org/simple/rpi-ws281x/)
2026-04-17T16:15:35,864   Skipping link: none of the wheel's tags (cp37-cp37m-linux_armv7l) are compatible (run pip debug --verbose to show compatible tags): https://archive1.piwheels.org/simple/rpi-ws281x/rpi_ws281x-4.0.0-cp37-cp37m-linux_armv7l.whl#sha256=3e3c504909dfea8cac1aad1523aa89269653ec333993d20d8231cbe971faaa7e (from https://www.piwheels.org/simple/rpi-ws281x/)
2026-04-17T16:15:35,864   Skipping link: none of the wheel's tags (cp35-cp35m-linux_armv6l) are compatible (run pip debug --verbose to show compatible tags): https://archive1.piwheels.org/simple/rpi-ws281x/rpi_ws281x-4.0.0-cp35-cp35m-linux_armv6l.whl#sha256=95e0c5b656e36c3c5771aea2eeccf8a5a90b11c613c571a501d9990a82f0219c (from https://www.piwheels.org/simple/rpi-ws281x/)
2026-04-17T16:15:35,864   Skipping link: none of the wheel's tags (cp35-cp35m-linux_armv7l) are compatible (run pip debug --verbose to show compatible tags): https://archive1.piwheels.org/simple/rpi-ws281x/rpi_ws281x-4.0.0-cp35-cp35m-linux_armv7l.whl#sha256=95e0c5b656e36c3c5771aea2eeccf8a5a90b11c613c571a501d9990a82f0219c (from https://www.piwheels.org/simple/rpi-ws281x/)
2026-04-17T16:15:35,864   Skipping link: none of the wheel's tags (cp37-cp37m-linux_armv6l) are compatible (run pip debug --verbose to show compatible tags): https://archive1.piwheels.org/simple/rpi-ws281x/rpi_ws281x-3.1.0-cp37-cp37m-linux_armv6l.whl#sha256=de6417f279b4b9c2f293aa9e3cb7c27a4bb06182cc7f544d6190ded59f091db5 (from https://www.piwheels.org/simple/rpi-ws281x/)
2026-04-17T16:15:35,864   Skipping link: none of the wheel's tags (cp37-cp37m-linux_armv7l) are compatible (run pip debug --verbose to show compatible tags): https://archive1.piwheels.org/simple/rpi-ws281x/rpi_ws281x-3.1.0-cp37-cp37m-linux_armv7l.whl#sha256=de6417f279b4b9c2f293aa9e3cb7c27a4bb06182cc7f544d6190ded59f091db5 (from https://www.piwheels.org/simple/rpi-ws281x/)
2026-04-17T16:15:35,864   Skipping link: none of the wheel's tags (cp35-cp35m-linux_armv6l) are compatible (run pip debug --verbose to show compatible tags): https://archive1.piwheels.org/simple/rpi-ws281x/rpi_ws281x-3.1.0-cp35-cp35m-linux_armv6l.whl#sha256=ac140405011b70999cd2a02fe8abca639ff326e8e926794f9c4afdaf7219b970 (from https://www.piwheels.org/simple/rpi-ws281x/)
2026-04-17T16:15:35,864   Skipping link: none of the wheel's tags (cp35-cp35m-linux_armv7l) are compatible (run pip debug --verbose to show compatible tags): https://archive1.piwheels.org/simple/rpi-ws281x/rpi_ws281x-3.1.0-cp35-cp35m-linux_armv7l.whl#sha256=ac140405011b70999cd2a02fe8abca639ff326e8e926794f9c4afdaf7219b970 (from https://www.piwheels.org/simple/rpi-ws281x/)
2026-04-17T16:15:35,864   Skipping link: none of the wheel's tags (cp39-cp39-linux_armv6l) are compatible (run pip debug --verbose to show compatible tags): https://archive1.piwheels.org/simple/rpi-ws281x/rpi_ws281x-3.1.0-cp39-cp39-linux_armv6l.whl#sha256=63c2476eb3989e228a6ae4ea51ef41d0925a5f508efe511cf6ffb05097e262b8 (from https://www.piwheels.org/simple/rpi-ws281x/)
2026-04-17T16:15:35,864   Skipping link: none of the wheel's tags (cp39-cp39-linux_armv7l) are compatible (run pip debug --verbose to show compatible tags): https://archive1.piwheels.org/simple/rpi-ws281x/rpi_ws281x-3.1.0-cp39-cp39-linux_armv7l.whl#sha256=63c2476eb3989e228a6ae4ea51ef41d0925a5f508efe511cf6ffb05097e262b8 (from https://www.piwheels.org/simple/rpi-ws281x/)
2026-04-17T16:15:35,864   Skipping link: none of the wheel's tags (cp35-cp35m-linux_armv6l) are compatible (run pip debug --verbose to show compatible tags): https://archive1.piwheels.org/simple/rpi-ws281x/rpi_ws281x-3.0.6-cp35-cp35m-linux_armv6l.whl#sha256=67ff9b50e94a208b5725a34960ed2faea647310cfbbd542aabaeedfa2692a584 (from https://www.piwheels.org/simple/rpi-ws281x/)
2026-04-17T16:15:35,865   Skipping link: none of the wheel's tags (cp35-cp35m-linux_armv7l) are compatible (run pip debug --verbose to show compatible tags): https://archive1.piwheels.org/simple/rpi-ws281x/rpi_ws281x-3.0.6-cp35-cp35m-linux_armv7l.whl#sha256=67ff9b50e94a208b5725a34960ed2faea647310cfbbd542aabaeedfa2692a584 (from https://www.piwheels.org/simple/rpi-ws281x/)
2026-04-17T16:15:35,865   Skipping link: none of the wheel's tags (cp37-cp37m-linux_armv6l) are compatible (run pip debug --verbose to show compatible tags): https://archive1.piwheels.org/simple/rpi-ws281x/rpi_ws281x-3.0.6-cp37-cp37m-linux_armv6l.whl#sha256=06f0a2cedc6a5f51aceaae333c87e4bf5c9d34e5a088b0bbc5dcc71c36490bfe (from https://www.piwheels.org/simple/rpi-ws281x/)
2026-04-17T16:15:35,865   Skipping link: none of the wheel's tags (cp37-cp37m-linux_armv7l) are compatible (run pip debug --verbose to show compatible tags): https://archive1.piwheels.org/simple/rpi-ws281x/rpi_ws281x-3.0.6-cp37-cp37m-linux_armv7l.whl#sha256=06f0a2cedc6a5f51aceaae333c87e4bf5c9d34e5a088b0bbc5dcc71c36490bfe (from https://www.piwheels.org/simple/rpi-ws281x/)
2026-04-17T16:15:35,865   Skipping link: none of the wheel's tags (cp39-cp39-linux_armv6l) are compatible (run pip debug --verbose to show compatible tags): https://archive1.piwheels.org/simple/rpi-ws281x/rpi_ws281x-3.0.6-cp39-cp39-linux_armv6l.whl#sha256=519d5204251354a18937228d21b931bce7a1c2573446c751aa09a5f6c8ce2f11 (from https://www.piwheels.org/simple/rpi-ws281x/)
2026-04-17T16:15:35,865   Skipping link: none of the wheel's tags (cp39-cp39-linux_armv7l) are compatible (run pip debug --verbose to show compatible tags): https://archive1.piwheels.org/simple/rpi-ws281x/rpi_ws281x-3.0.6-cp39-cp39-linux_armv7l.whl#sha256=519d5204251354a18937228d21b931bce7a1c2573446c751aa09a5f6c8ce2f11 (from https://www.piwheels.org/simple/rpi-ws281x/)
2026-04-17T16:15:35,865   Skipping link: none of the wheel's tags (cp37-cp37m-linux_armv6l) are compatible (run pip debug --verbose to show compatible tags): https://archive1.piwheels.org/simple/rpi-ws281x/rpi_ws281x-3.0.5-cp37-cp37m-linux_armv6l.whl#sha256=93c2bc4d4fe3a857b4cc8bd953f3249b5e0cd617726f7338a13624f694e7e916 (from https://www.piwheels.org/simple/rpi-ws281x/)
2026-04-17T16:15:35,865   Skipping link: none of the wheel's tags (cp37-cp37m-linux_armv7l) are compatible (run pip debug --verbose to show compatible tags): https://archive1.piwheels.org/simple/rpi-ws281x/rpi_ws281x-3.0.5-cp37-cp37m-linux_armv7l.whl#sha256=93c2bc4d4fe3a857b4cc8bd953f3249b5e0cd617726f7338a13624f694e7e916 (from https://www.piwheels.org/simple/rpi-ws281x/)
2026-04-17T16:15:35,865   Skipping link: none of the wheel's tags (cp35-cp35m-linux_armv6l) are compatible (run pip debug --verbose to show compatible tags): https://archive1.piwheels.org/simple/rpi-ws281x/rpi_ws281x-3.0.5-cp35-cp35m-linux_armv6l.whl#sha256=9a2810a6a3f1e89428f002cc8875ff26440a3dcd989a7f71862d2e324879cd14 (from https://www.piwheels.org/simple/rpi-ws281x/)
2026-04-17T16:15:35,865   Skipping link: none of the wheel's tags (cp35-cp35m-linux_armv7l) are compatible (run pip debug --verbose to show compatible tags): https://archive1.piwheels.org/simple/rpi-ws281x/rpi_ws281x-3.0.5-cp35-cp35m-linux_armv7l.whl#sha256=9a2810a6a3f1e89428f002cc8875ff26440a3dcd989a7f71862d2e324879cd14 (from https://www.piwheels.org/simple/rpi-ws281x/)
2026-04-17T16:15:35,865   Skipping link: none of the wheel's tags (cp39-cp39-linux_armv6l) are compatible (run pip debug --verbose to show compatible tags): https://archive1.piwheels.org/simple/rpi-ws281x/rpi_ws281x-3.0.5-cp39-cp39-linux_armv6l.whl#sha256=7dc5236f54166e97a7f8ca17bf74c370b2db8bd6ebef4aaa7357e9c0d94fc006 (from https://www.piwheels.org/simple/rpi-ws281x/)
2026-04-17T16:15:35,865   Skipping link: none of the wheel's tags (cp39-cp39-linux_armv7l) are compatible (run pip debug --verbose to show compatible tags): https://archive1.piwheels.org/simple/rpi-ws281x/rpi_ws281x-3.0.5-cp39-cp39-linux_armv7l.whl#sha256=7dc5236f54166e97a7f8ca17bf74c370b2db8bd6ebef4aaa7357e9c0d94fc006 (from https://www.piwheels.org/simple/rpi-ws281x/)
2026-04-17T16:15:35,865   Skipping link: none of the wheel's tags (cp35-cp35m-linux_armv6l) are compatible (run pip debug --verbose to show compatible tags): https://archive1.piwheels.org/simple/rpi-ws281x/rpi_ws281x-3.0.4-cp35-cp35m-linux_armv6l.whl#sha256=a3059e60c5116270ea5240851de7ee80c9b44bce13968e1adeae7aa283f13c23 (from https://www.piwheels.org/simple/rpi-ws281x/)
2026-04-17T16:15:35,865   Skipping link: none of the wheel's tags (cp35-cp35m-linux_armv7l) are compatible (run pip debug --verbose to show compatible tags): https://archive1.piwheels.org/simple/rpi-ws281x/rpi_ws281x-3.0.4-cp35-cp35m-linux_armv7l.whl#sha256=a3059e60c5116270ea5240851de7ee80c9b44bce13968e1adeae7aa283f13c23 (from https://www.piwheels.org/simple/rpi-ws281x/)
2026-04-17T16:15:35,866   Skipping link: none of the wheel's tags (cp37-cp37m-linux_armv6l) are compatible (run pip debug --verbose to show compatible tags): https://archive1.piwheels.org/simple/rpi-ws281x/rpi_ws281x-3.0.4-cp37-cp37m-linux_armv6l.whl#sha256=df9df7821e4679b018c2a5720121d96d9d52e1bed2b877f2f1d2221a4de96ed1 (from https://www.piwheels.org/simple/rpi-ws281x/)
2026-04-17T16:15:35,866   Skipping link: none of the wheel's tags (cp37-cp37m-linux_armv7l) are compatible (run pip debug --verbose to show compatible tags): https://archive1.piwheels.org/simple/rpi-ws281x/rpi_ws281x-3.0.4-cp37-cp37m-linux_armv7l.whl#sha256=df9df7821e4679b018c2a5720121d96d9d52e1bed2b877f2f1d2221a4de96ed1 (from https://www.piwheels.org/simple/rpi-ws281x/)
2026-04-17T16:15:35,866   Skipping link: none of the wheel's tags (cp39-cp39-linux_armv6l) are compatible (run pip debug --verbose to show compatible tags): https://archive1.piwheels.org/simple/rpi-ws281x/rpi_ws281x-3.0.4-cp39-cp39-linux_armv6l.whl#sha256=67976a14f64e7f7fdd3dbd05d70f254510428d120579e5f177ee9054f18cdb54 (from https://www.piwheels.org/simple/rpi-ws281x/)
2026-04-17T16:15:35,866   Skipping link: none of the wheel's tags (cp39-cp39-linux_armv7l) are compatible (run pip debug --verbose to show compatible tags): https://archive1.piwheels.org/simple/rpi-ws281x/rpi_ws281x-3.0.4-cp39-cp39-linux_armv7l.whl#sha256=67976a14f64e7f7fdd3dbd05d70f254510428d120579e5f177ee9054f18cdb54 (from https://www.piwheels.org/simple/rpi-ws281x/)
2026-04-17T16:15:35,866   Skipping link: none of the wheel's tags (cp35-cp35m-linux_armv6l) are compatible (run pip debug --verbose to show compatible tags): https://archive1.piwheels.org/simple/rpi-ws281x/rpi_ws281x-3.0.3-cp35-cp35m-linux_armv6l.whl#sha256=deb49a61efbe084ca86e40e77821f0b1e50febdaa6951aee6a3337668a2a3804 (from https://www.piwheels.org/simple/rpi-ws281x/)
2026-04-17T16:15:35,866   Skipping link: none of the wheel's tags (cp35-cp35m-linux_armv7l) are compatible (run pip debug --verbose to show compatible tags): https://archive1.piwheels.org/simple/rpi-ws281x/rpi_ws281x-3.0.3-cp35-cp35m-linux_armv7l.whl#sha256=deb49a61efbe084ca86e40e77821f0b1e50febdaa6951aee6a3337668a2a3804 (from https://www.piwheels.org/simple/rpi-ws281x/)
2026-04-17T16:15:35,866   Skipping link: none of the wheel's tags (cp37-cp37m-linux_armv6l) are compatible (run pip debug --verbose to show compatible tags): https://archive1.piwheels.org/simple/rpi-ws281x/rpi_ws281x-3.0.3-cp37-cp37m-linux_armv6l.whl#sha256=11e82c86c22b403899280fc76c5f44438968ae060a22b93787cfe7c64c745ebb (from https://www.piwheels.org/simple/rpi-ws281x/)
2026-04-17T16:15:35,866   Skipping link: none of the wheel's tags (cp37-cp37m-linux_armv7l) are compatible (run pip debug --verbose to show compatible tags): https://archive1.piwheels.org/simple/rpi-ws281x/rpi_ws281x-3.0.3-cp37-cp37m-linux_armv7l.whl#sha256=11e82c86c22b403899280fc76c5f44438968ae060a22b93787cfe7c64c745ebb (from https://www.piwheels.org/simple/rpi-ws281x/)
2026-04-17T16:15:35,866   Skipping link: none of the wheel's tags (cp39-cp39-linux_armv6l) are compatible (run pip debug --verbose to show compatible tags): https://archive1.piwheels.org/simple/rpi-ws281x/rpi_ws281x-3.0.3-cp39-cp39-linux_armv6l.whl#sha256=2f9874572a384aebf42af0d0427075d6c32dab0af802aa898d496a6231bd2b7f (from https://www.piwheels.org/simple/rpi-ws281x/)
2026-04-17T16:15:35,866   Skipping link: none of the wheel's tags (cp39-cp39-linux_armv7l) are compatible (run pip debug --verbose to show compatible tags): https://archive1.piwheels.org/simple/rpi-ws281x/rpi_ws281x-3.0.3-cp39-cp39-linux_armv7l.whl#sha256=2f9874572a384aebf42af0d0427075d6c32dab0af802aa898d496a6231bd2b7f (from https://www.piwheels.org/simple/rpi-ws281x/)
2026-04-17T16:15:35,866   Skipping link: none of the wheel's tags (cp35-cp35m-linux_armv6l) are compatible (run pip debug --verbose to show compatible tags): https://archive1.piwheels.org/simple/rpi-ws281x/rpi_ws281x-3.0.2-cp35-cp35m-linux_armv6l.whl#sha256=39411676b9bf3436d118e0e28f6e62185ae3beceaa76b797f521be85db199980 (from https://www.piwheels.org/simple/rpi-ws281x/)
2026-04-17T16:15:35,866   Skipping link: none of the wheel's tags (cp35-cp35m-linux_armv7l) are compatible (run pip debug --verbose to show compatible tags): https://archive1.piwheels.org/simple/rpi-ws281x/rpi_ws281x-3.0.2-cp35-cp35m-linux_armv7l.whl#sha256=39411676b9bf3436d118e0e28f6e62185ae3beceaa76b797f521be85db199980 (from https://www.piwheels.org/simple/rpi-ws281x/)
2026-04-17T16:15:35,866   Skipping link: none of the wheel's tags (cp37-cp37m-linux_armv6l) are compatible (run pip debug --verbose to show compatible tags): https://archive1.piwheels.org/simple/rpi-ws281x/rpi_ws281x-3.0.2-cp37-cp37m-linux_armv6l.whl#sha256=669e58fef9ab4a23bd4294ee0de4486b0118353d50877ea8d577a2c9f6d1c02a (from https://www.piwheels.org/simple/rpi-ws281x/)
2026-04-17T16:15:35,866   Skipping link: none of the wheel's tags (cp37-cp37m-linux_armv7l) are compatible (run pip debug --verbose to show compatible tags): https://archive1.piwheels.org/simple/rpi-ws281x/rpi_ws281x-3.0.2-cp37-cp37m-linux_armv7l.whl#sha256=669e58fef9ab4a23bd4294ee0de4486b0118353d50877ea8d577a2c9f6d1c02a (from https://www.piwheels.org/simple/rpi-ws281x/)
2026-04-17T16:15:35,867   Skipping link: none of the wheel's tags (cp39-cp39-linux_armv6l) are compatible (run pip debug --verbose to show compatible tags): https://archive1.piwheels.org/simple/rpi-ws281x/rpi_ws281x-3.0.2-cp39-cp39-linux_armv6l.whl#sha256=4096cd2a00279112788dbe3aca79f9f0d7ab5004ffc62026c202b60583ffb343 (from https://www.piwheels.org/simple/rpi-ws281x/)
2026-04-17T16:15:35,867   Skipping link: none of the wheel's tags (cp39-cp39-linux_armv7l) are compatible (run pip debug --verbose to show compatible tags): https://archive1.piwheels.org/simple/rpi-ws281x/rpi_ws281x-3.0.2-cp39-cp39-linux_armv7l.whl#sha256=4096cd2a00279112788dbe3aca79f9f0d7ab5004ffc62026c202b60583ffb343 (from https://www.piwheels.org/simple/rpi-ws281x/)
2026-04-17T16:15:35,867   Skipping link: none of the wheel's tags (cp35-cp35m-linux_armv6l) are compatible (run pip debug --verbose to show compatible tags): https://archive1.piwheels.org/simple/rpi-ws281x/rpi_ws281x-3.0.1-cp35-cp35m-linux_armv6l.whl#sha256=57e6de08630667b701db83a4214bce98aef87d9c24607bf82fc24702617e9aa7 (from https://www.piwheels.org/simple/rpi-ws281x/)
2026-04-17T16:15:35,867   Skipping link: none of the wheel's tags (cp35-cp35m-linux_armv7l) are compatible (run pip debug --verbose to show compatible tags): https://archive1.piwheels.org/simple/rpi-ws281x/rpi_ws281x-3.0.1-cp35-cp35m-linux_armv7l.whl#sha256=57e6de08630667b701db83a4214bce98aef87d9c24607bf82fc24702617e9aa7 (from https://www.piwheels.org/simple/rpi-ws281x/)
2026-04-17T16:15:35,867   Skipping link: none of the wheel's tags (cp37-cp37m-linux_armv6l) are compatible (run pip debug --verbose to show compatible tags): https://archive1.piwheels.org/simple/rpi-ws281x/rpi_ws281x-3.0.1-cp37-cp37m-linux_armv6l.whl#sha256=7f53be505bfe5a90cfc44d96fccb2b98a48b46a583911bbf201687c62fb5e29a (from https://www.piwheels.org/simple/rpi-ws281x/)
2026-04-17T16:15:35,867   Skipping link: none of the wheel's tags (cp37-cp37m-linux_armv7l) are compatible (run pip debug --verbose to show compatible tags): https://archive1.piwheels.org/simple/rpi-ws281x/rpi_ws281x-3.0.1-cp37-cp37m-linux_armv7l.whl#sha256=7f53be505bfe5a90cfc44d96fccb2b98a48b46a583911bbf201687c62fb5e29a (from https://www.piwheels.org/simple/rpi-ws281x/)
2026-04-17T16:15:35,867   Skipping link: none of the wheel's tags (cp39-cp39-linux_armv6l) are compatible (run pip debug --verbose to show compatible tags): https://archive1.piwheels.org/simple/rpi-ws281x/rpi_ws281x-3.0.1-cp39-cp39-linux_armv6l.whl#sha256=567ddde0760e5cfd40b56b32af11cc907b71ada56042cb085ee271c1d9e3fb7d (from https://www.piwheels.org/simple/rpi-ws281x/)
2026-04-17T16:15:35,867   Skipping link: none of the wheel's tags (cp39-cp39-linux_armv7l) are compatible (run pip debug --verbose to show compatible tags): https://archive1.piwheels.org/simple/rpi-ws281x/rpi_ws281x-3.0.1-cp39-cp39-linux_armv7l.whl#sha256=567ddde0760e5cfd40b56b32af11cc907b71ada56042cb085ee271c1d9e3fb7d (from https://www.piwheels.org/simple/rpi-ws281x/)
2026-04-17T16:15:35,867   Skipping link: none of the wheel's tags (cp35-cp35m-linux_armv6l) are compatible (run pip debug --verbose to show compatible tags): https://archive1.piwheels.org/simple/rpi-ws281x/rpi_ws281x-2.0.5-cp35-cp35m-linux_armv6l.whl#sha256=62a140f3f130429639903a8767944938188fc85879c205607b131a3e45fe2f01 (from https://www.piwheels.org/simple/rpi-ws281x/)
2026-04-17T16:15:35,867   Skipping link: none of the wheel's tags (cp35-cp35m-linux_armv7l) are compatible (run pip debug --verbose to show compatible tags): https://archive1.piwheels.org/simple/rpi-ws281x/rpi_ws281x-2.0.5-cp35-cp35m-linux_armv7l.whl#sha256=62a140f3f130429639903a8767944938188fc85879c205607b131a3e45fe2f01 (from https://www.piwheels.org/simple/rpi-ws281x/)
2026-04-17T16:15:35,867   Skipping link: none of the wheel's tags (cp35-cp35m-linux_armv6l) are compatible (run pip debug --verbose to show compatible tags): https://archive1.piwheels.org/simple/rpi-ws281x/rpi_ws281x-2.0.4-cp35-cp35m-linux_armv6l.whl#sha256=9c328149dd3bd54c871eb32796d502827cb473e0a25d78b5698ad5a3a469f0f5 (from https://www.piwheels.org/simple/rpi-ws281x/)
2026-04-17T16:15:35,867   Skipping link: none of the wheel's tags (cp35-cp35m-linux_armv7l) are compatible (run pip debug --verbose to show compatible tags): https://archive1.piwheels.org/simple/rpi-ws281x/rpi_ws281x-2.0.4-cp35-cp35m-linux_armv7l.whl#sha256=9c328149dd3bd54c871eb32796d502827cb473e0a25d78b5698ad5a3a469f0f5 (from https://www.piwheels.org/simple/rpi-ws281x/)
2026-04-17T16:15:35,867   Skipping link: none of the wheel's tags (cp37-cp37m-linux_armv6l) are compatible (run pip debug --verbose to show compatible tags): https://archive1.piwheels.org/simple/rpi-ws281x/rpi_ws281x-2.0.4-cp37-cp37m-linux_armv6l.whl#sha256=e72060be50c7f606a483b1230ddcd7d2f3ec721822f47397daa7e5c22456daef (from https://www.piwheels.org/simple/rpi-ws281x/)
2026-04-17T16:15:35,868   Skipping link: none of the wheel's tags (cp37-cp37m-linux_armv7l) are compatible (run pip debug --verbose to show compatible tags): https://archive1.piwheels.org/simple/rpi-ws281x/rpi_ws281x-2.0.4-cp37-cp37m-linux_armv7l.whl#sha256=e72060be50c7f606a483b1230ddcd7d2f3ec721822f47397daa7e5c22456daef (from https://www.piwheels.org/simple/rpi-ws281x/)
2026-04-17T16:15:35,868   Skipping link: none of the wheel's tags (cp311-cp311-linux_armv6l) are compatible (run pip debug --verbose to show compatible tags): https://archive1.piwheels.org/simple/rpi-ws281x/rpi_ws281x-2.0.4-cp311-cp311-linux_armv6l.whl#sha256=b7e36d54ffdb1970cf8c901b8c79d15658fcb96834e413494087fbbe5db74dd6 (from https://www.piwheels.org/simple/rpi-ws281x/)
2026-04-17T16:15:35,868   Skipping link: none of the wheel's tags (cp311-cp311-linux_armv7l) are compatible (run pip debug --verbose to show compatible tags): https://archive1.piwheels.org/simple/rpi-ws281x/rpi_ws281x-2.0.4-cp311-cp311-linux_armv7l.whl#sha256=b7e36d54ffdb1970cf8c901b8c79d15658fcb96834e413494087fbbe5db74dd6 (from https://www.piwheels.org/simple/rpi-ws281x/)
2026-04-17T16:15:35,868   Skipping link: none of the wheel's tags (cp39-cp39-linux_armv6l) are compatible (run pip debug --verbose to show compatible tags): https://archive1.piwheels.org/simple/rpi-ws281x/rpi_ws281x-2.0.4-cp39-cp39-linux_armv6l.whl#sha256=7451e32a708fd0de2c92c5eaf38ee9131b6b8a6d0af7dde1a524d3055279d6a0 (from https://www.piwheels.org/simple/rpi-ws281x/)
2026-04-17T16:15:35,868   Skipping link: none of the wheel's tags (cp39-cp39-linux_armv7l) are compatible (run pip debug --verbose to show compatible tags): https://archive1.piwheels.org/simple/rpi-ws281x/rpi_ws281x-2.0.4-cp39-cp39-linux_armv7l.whl#sha256=7451e32a708fd0de2c92c5eaf38ee9131b6b8a6d0af7dde1a524d3055279d6a0 (from https://www.piwheels.org/simple/rpi-ws281x/)
2026-04-17T16:15:35,868   Skipping link: none of the wheel's tags (cp313-cp313-linux_armv6l) are compatible (run pip debug --verbose to show compatible tags): https://www.piwheels.org/simple/rpi-ws281x/rpi_ws281x-2.0.4-cp313-cp313-linux_armv6l.whl#sha256=4df863078788b342a8cf40fcf009a84cf73e1d1e7c083ab68585a1fa86af8c93 (from https://www.piwheels.org/simple/rpi-ws281x/)
2026-04-17T16:15:35,868   Skipping link: none of the wheel's tags (cp313-cp313-linux_armv7l) are compatible (run pip debug --verbose to show compatible tags): https://www.piwheels.org/simple/rpi-ws281x/rpi_ws281x-2.0.4-cp313-cp313-linux_armv7l.whl#sha256=4df863078788b342a8cf40fcf009a84cf73e1d1e7c083ab68585a1fa86af8c93 (from https://www.piwheels.org/simple/rpi-ws281x/)
2026-04-17T16:15:35,868   Skipping link: none of the wheel's tags (cp35-cp35m-linux_armv6l) are compatible (run pip debug --verbose to show compatible tags): https://archive1.piwheels.org/simple/rpi-ws281x/rpi_ws281x-2.0.3-cp35-cp35m-linux_armv6l.whl#sha256=4087dcbdfa31751d123b694e3b64d26355b5c2689d78054c2365da10c351b8f6 (from https://www.piwheels.org/simple/rpi-ws281x/)
2026-04-17T16:15:35,868   Skipping link: none of the wheel's tags (cp35-cp35m-linux_armv7l) are compatible (run pip debug --verbose to show compatible tags): https://archive1.piwheels.org/simple/rpi-ws281x/rpi_ws281x-2.0.3-cp35-cp35m-linux_armv7l.whl#sha256=4087dcbdfa31751d123b694e3b64d26355b5c2689d78054c2365da10c351b8f6 (from https://www.piwheels.org/simple/rpi-ws281x/)
2026-04-17T16:15:35,868   Skipping link: none of the wheel's tags (cp37-cp37m-linux_armv6l) are compatible (run pip debug --verbose to show compatible tags): https://archive1.piwheels.org/simple/rpi-ws281x/rpi_ws281x-2.0.3-cp37-cp37m-linux_armv6l.whl#sha256=d37941b1c2188770e900c8673483579ffd0c046caf7b8c18f717bf60b8499c20 (from https://www.piwheels.org/simple/rpi-ws281x/)
2026-04-17T16:15:35,868   Skipping link: none of the wheel's tags (cp37-cp37m-linux_armv7l) are compatible (run pip debug --verbose to show compatible tags): https://archive1.piwheels.org/simple/rpi-ws281x/rpi_ws281x-2.0.3-cp37-cp37m-linux_armv7l.whl#sha256=d37941b1c2188770e900c8673483579ffd0c046caf7b8c18f717bf60b8499c20 (from https://www.piwheels.org/simple/rpi-ws281x/)
2026-04-17T16:15:35,868   Skipping link: none of the wheel's tags (cp311-cp311-linux_armv6l) are compatible (run pip debug --verbose to show compatible tags): https://archive1.piwheels.org/simple/rpi-ws281x/rpi_ws281x-2.0.3-cp311-cp311-linux_armv6l.whl#sha256=cfe75ebc63c09b2a56eaec7b8b9e973d8c915f0b143560d4c6f24ca47f7eb53b (from https://www.piwheels.org/simple/rpi-ws281x/)
2026-04-17T16:15:35,868   Skipping link: none of the wheel's tags (cp311-cp311-linux_armv7l) are compatible (run pip debug --verbose to show compatible tags): https://archive1.piwheels.org/simple/rpi-ws281x/rpi_ws281x-2.0.3-cp311-cp311-linux_armv7l.whl#sha256=cfe75ebc63c09b2a56eaec7b8b9e973d8c915f0b143560d4c6f24ca47f7eb53b (from https://www.piwheels.org/simple/rpi-ws281x/)
2026-04-17T16:15:35,868   Skipping link: none of the wheel's tags (cp39-cp39-linux_armv6l) are compatible (run pip debug --verbose to show compatible tags): https://archive1.piwheels.org/simple/rpi-ws281x/rpi_ws281x-2.0.3-cp39-cp39-linux_armv6l.whl#sha256=b964fb6e1c954d6fee26c14bca8f943c505313e9305be42a7bf8b2b87abf5e5d (from https://www.piwheels.org/simple/rpi-ws281x/)
2026-04-17T16:15:35,869   Skipping link: none of the wheel's tags (cp39-cp39-linux_armv7l) are compatible (run pip debug --verbose to show compatible tags): https://archive1.piwheels.org/simple/rpi-ws281x/rpi_ws281x-2.0.3-cp39-cp39-linux_armv7l.whl#sha256=b964fb6e1c954d6fee26c14bca8f943c505313e9305be42a7bf8b2b87abf5e5d (from https://www.piwheels.org/simple/rpi-ws281x/)
2026-04-17T16:15:35,869   Skipping link: none of the wheel's tags (cp313-cp313-linux_armv6l) are compatible (run pip debug --verbose to show compatible tags): https://www.piwheels.org/simple/rpi-ws281x/rpi_ws281x-2.0.3-cp313-cp313-linux_armv6l.whl#sha256=6c487478bedcfb351e8a19e101fda1ffa45ba7816f5ec502d9df578a9ca2b7cf (from https://www.piwheels.org/simple/rpi-ws281x/)
2026-04-17T16:15:35,869   Skipping link: none of the wheel's tags (cp313-cp313-linux_armv7l) are compatible (run pip debug --verbose to show compatible tags): https://www.piwheels.org/simple/rpi-ws281x/rpi_ws281x-2.0.3-cp313-cp313-linux_armv7l.whl#sha256=6c487478bedcfb351e8a19e101fda1ffa45ba7816f5ec502d9df578a9ca2b7cf (from https://www.piwheels.org/simple/rpi-ws281x/)
2026-04-17T16:15:35,869   Skipping link: none of the wheel's tags (cp35-cp35m-linux_armv6l) are compatible (run pip debug --verbose to show compatible tags): https://archive1.piwheels.org/simple/rpi-ws281x/rpi_ws281x-2.0.2-cp35-cp35m-linux_armv6l.whl#sha256=9f4e8dc3e2ae4a1c35d373a0de0658674b1eca640fb72a179edd6c0675bba9f5 (from https://www.piwheels.org/simple/rpi-ws281x/)
2026-04-17T16:15:35,869   Skipping link: none of the wheel's tags (cp35-cp35m-linux_armv7l) are compatible (run pip debug --verbose to show compatible tags): https://archive1.piwheels.org/simple/rpi-ws281x/rpi_ws281x-2.0.2-cp35-cp35m-linux_armv7l.whl#sha256=9f4e8dc3e2ae4a1c35d373a0de0658674b1eca640fb72a179edd6c0675bba9f5 (from https://www.piwheels.org/simple/rpi-ws281x/)
2026-04-17T16:15:35,869   Skipping link: none of the wheel's tags (cp37-cp37m-linux_armv6l) are compatible (run pip debug --verbose to show compatible tags): https://archive1.piwheels.org/simple/rpi-ws281x/rpi_ws281x-2.0.2-cp37-cp37m-linux_armv6l.whl#sha256=55f1af52f2da53e7e266de05645fba7f9b18860c41a1dc29267f9ea8b17c5b8b (from https://www.piwheels.org/simple/rpi-ws281x/)
2026-04-17T16:15:35,869   Skipping link: none of the wheel's tags (cp37-cp37m-linux_armv7l) are compatible (run pip debug --verbose to show compatible tags): https://archive1.piwheels.org/simple/rpi-ws281x/rpi_ws281x-2.0.2-cp37-cp37m-linux_armv7l.whl#sha256=55f1af52f2da53e7e266de05645fba7f9b18860c41a1dc29267f9ea8b17c5b8b (from https://www.piwheels.org/simple/rpi-ws281x/)
2026-04-17T16:15:35,869   Skipping link: none of the wheel's tags (cp311-cp311-linux_armv6l) are compatible (run pip debug --verbose to show compatible tags): https://archive1.piwheels.org/simple/rpi-ws281x/rpi_ws281x-2.0.2-cp311-cp311-linux_armv6l.whl#sha256=011d64c52ea3949dd21cf7b1aaa3a171cc691a8a512b32b98b36efdfef6713d8 (from https://www.piwheels.org/simple/rpi-ws281x/)
2026-04-17T16:15:35,869   Skipping link: none of the wheel's tags (cp311-cp311-linux_armv7l) are compatible (run pip debug --verbose to show compatible tags): https://archive1.piwheels.org/simple/rpi-ws281x/rpi_ws281x-2.0.2-cp311-cp311-linux_armv7l.whl#sha256=011d64c52ea3949dd21cf7b1aaa3a171cc691a8a512b32b98b36efdfef6713d8 (from https://www.piwheels.org/simple/rpi-ws281x/)
2026-04-17T16:15:35,869   Skipping link: none of the wheel's tags (cp39-cp39-linux_armv6l) are compatible (run pip debug --verbose to show compatible tags): https://archive1.piwheels.org/simple/rpi-ws281x/rpi_ws281x-2.0.2-cp39-cp39-linux_armv6l.whl#sha256=cc09e271846aaeb0f19a4c473e4a0e268d8f55ed12d41840c069ff3f20c92ce9 (from https://www.piwheels.org/simple/rpi-ws281x/)
2026-04-17T16:15:35,869   Skipping link: none of the wheel's tags (cp39-cp39-linux_armv7l) are compatible (run pip debug --verbose to show compatible tags): https://archive1.piwheels.org/simple/rpi-ws281x/rpi_ws281x-2.0.2-cp39-cp39-linux_armv7l.whl#sha256=cc09e271846aaeb0f19a4c473e4a0e268d8f55ed12d41840c069ff3f20c92ce9 (from https://www.piwheels.org/simple/rpi-ws281x/)
2026-04-17T16:15:35,869   Skipping link: none of the wheel's tags (cp313-cp313-linux_armv6l) are compatible (run pip debug --verbose to show compatible tags): https://www.piwheels.org/simple/rpi-ws281x/rpi_ws281x-2.0.2-cp313-cp313-linux_armv6l.whl#sha256=b8ded4067a45a82491953b8b70fbab95fba19d381b157f318bd49faecd1756ea (from https://www.piwheels.org/simple/rpi-ws281x/)
2026-04-17T16:15:35,869   Skipping link: none of the wheel's tags (cp313-cp313-linux_armv7l) are compatible (run pip debug --verbose to show compatible tags): https://www.piwheels.org/simple/rpi-ws281x/rpi_ws281x-2.0.2-cp313-cp313-linux_armv7l.whl#sha256=b8ded4067a45a82491953b8b70fbab95fba19d381b157f318bd49faecd1756ea (from https://www.piwheels.org/simple/rpi-ws281x/)
2026-04-17T16:15:35,870   Skipping link: none of the wheel's tags (cp35-cp35m-linux_armv6l) are compatible (run pip debug --verbose to show compatible tags): https://archive1.piwheels.org/simple/rpi-ws281x/rpi_ws281x-2.0.1-cp35-cp35m-linux_armv6l.whl#sha256=effff846731873d0e785bf304c67fc1bc6d1b4df15c874711172f394167ea4fd (from https://www.piwheels.org/simple/rpi-ws281x/)
2026-04-17T16:15:35,870   Skipping link: none of the wheel's tags (cp35-cp35m-linux_armv7l) are compatible (run pip debug --verbose to show compatible tags): https://archive1.piwheels.org/simple/rpi-ws281x/rpi_ws281x-2.0.1-cp35-cp35m-linux_armv7l.whl#sha256=effff846731873d0e785bf304c67fc1bc6d1b4df15c874711172f394167ea4fd (from https://www.piwheels.org/simple/rpi-ws281x/)
2026-04-17T16:15:35,870   Skipping link: none of the wheel's tags (cp37-cp37m-linux_armv6l) are compatible (run pip debug --verbose to show compatible tags): https://archive1.piwheels.org/simple/rpi-ws281x/rpi_ws281x-2.0.1-cp37-cp37m-linux_armv6l.whl#sha256=888d68df4c4f662518d0b35187ebe8c0c4cc98072b00c277ffe5701c6525db86 (from https://www.piwheels.org/simple/rpi-ws281x/)
2026-04-17T16:15:35,870   Skipping link: none of the wheel's tags (cp37-cp37m-linux_armv7l) are compatible (run pip debug --verbose to show compatible tags): https://archive1.piwheels.org/simple/rpi-ws281x/rpi_ws281x-2.0.1-cp37-cp37m-linux_armv7l.whl#sha256=888d68df4c4f662518d0b35187ebe8c0c4cc98072b00c277ffe5701c6525db86 (from https://www.piwheels.org/simple/rpi-ws281x/)
2026-04-17T16:15:35,870   Skipping link: none of the wheel's tags (cp311-cp311-linux_armv6l) are compatible (run pip debug --verbose to show compatible tags): https://archive1.piwheels.org/simple/rpi-ws281x/rpi_ws281x-2.0.1-cp311-cp311-linux_armv6l.whl#sha256=93ac3a10f3d080444a914a823a013022b9e0b765a33b9b4a642f78179a18c168 (from https://www.piwheels.org/simple/rpi-ws281x/)
2026-04-17T16:15:35,870   Skipping link: none of the wheel's tags (cp311-cp311-linux_armv7l) are compatible (run pip debug --verbose to show compatible tags): https://archive1.piwheels.org/simple/rpi-ws281x/rpi_ws281x-2.0.1-cp311-cp311-linux_armv7l.whl#sha256=93ac3a10f3d080444a914a823a013022b9e0b765a33b9b4a642f78179a18c168 (from https://www.piwheels.org/simple/rpi-ws281x/)
2026-04-17T16:15:35,870   Skipping link: none of the wheel's tags (cp39-cp39-linux_armv6l) are compatible (run pip debug --verbose to show compatible tags): https://archive1.piwheels.org/simple/rpi-ws281x/rpi_ws281x-2.0.1-cp39-cp39-linux_armv6l.whl#sha256=b0063cf4aa78c6f021d837e9fd859021232d85ef859e38386ad2d5259fa8594d (from https://www.piwheels.org/simple/rpi-ws281x/)
2026-04-17T16:15:35,870   Skipping link: none of the wheel's tags (cp39-cp39-linux_armv7l) are compatible (run pip debug --verbose to show compatible tags): https://archive1.piwheels.org/simple/rpi-ws281x/rpi_ws281x-2.0.1-cp39-cp39-linux_armv7l.whl#sha256=b0063cf4aa78c6f021d837e9fd859021232d85ef859e38386ad2d5259fa8594d (from https://www.piwheels.org/simple/rpi-ws281x/)
2026-04-17T16:15:35,870   Skipping link: none of the wheel's tags (cp313-cp313-linux_armv6l) are compatible (run pip debug --verbose to show compatible tags): https://www.piwheels.org/simple/rpi-ws281x/rpi_ws281x-2.0.1-cp313-cp313-linux_armv6l.whl#sha256=f62af7c85c65b7e21a692f5ff61a8064551470f4e22b11e64dcb588f2f3482bd (from https://www.piwheels.org/simple/rpi-ws281x/)
2026-04-17T16:15:35,870   Skipping link: none of the wheel's tags (cp313-cp313-linux_armv7l) are compatible (run pip debug --verbose to show compatible tags): https://www.piwheels.org/simple/rpi-ws281x/rpi_ws281x-2.0.1-cp313-cp313-linux_armv7l.whl#sha256=f62af7c85c65b7e21a692f5ff61a8064551470f4e22b11e64dcb588f2f3482bd (from https://www.piwheels.org/simple/rpi-ws281x/)
2026-04-17T16:15:35,870   Skipping link: none of the wheel's tags (cp35-cp35m-linux_armv6l) are compatible (run pip debug --verbose to show compatible tags): https://archive1.piwheels.org/simple/rpi-ws281x/rpi_ws281x-2.0.0-cp35-cp35m-linux_armv6l.whl#sha256=62fb666ad9fe9d2508f8f01ac6e1fc715eb41027d677cf3be58c8d0ce9e9ddd9 (from https://www.piwheels.org/simple/rpi-ws281x/)
2026-04-17T16:15:35,870   Skipping link: none of the wheel's tags (cp35-cp35m-linux_armv7l) are compatible (run pip debug --verbose to show compatible tags): https://archive1.piwheels.org/simple/rpi-ws281x/rpi_ws281x-2.0.0-cp35-cp35m-linux_armv7l.whl#sha256=62fb666ad9fe9d2508f8f01ac6e1fc715eb41027d677cf3be58c8d0ce9e9ddd9 (from https://www.piwheels.org/simple/rpi-ws281x/)
2026-04-17T16:15:35,870   Skipping link: none of the wheel's tags (cp37-cp37m-linux_armv6l) are compatible (run pip debug --verbose to show compatible tags): https://archive1.piwheels.org/simple/rpi-ws281x/rpi_ws281x-2.0.0-cp37-cp37m-linux_armv6l.whl#sha256=3aa90cd99d5fd85789bb65fcb2f63dd2f79a775240563e7dec9a42b82b988305 (from https://www.piwheels.org/simple/rpi-ws281x/)
2026-04-17T16:15:35,870   Skipping link: none of the wheel's tags (cp37-cp37m-linux_armv7l) are compatible (run pip debug --verbose to show compatible tags): https://archive1.piwheels.org/simple/rpi-ws281x/rpi_ws281x-2.0.0-cp37-cp37m-linux_armv7l.whl#sha256=3aa90cd99d5fd85789bb65fcb2f63dd2f79a775240563e7dec9a42b82b988305 (from https://www.piwheels.org/simple/rpi-ws281x/)
2026-04-17T16:15:35,871   Skipping link: none of the wheel's tags (cp311-cp311-linux_armv6l) are compatible (run pip debug --verbose to show compatible tags): https://archive1.piwheels.org/simple/rpi-ws281x/rpi_ws281x-2.0.0-cp311-cp311-linux_armv6l.whl#sha256=470cd784713f7262896ee5916a96864adbf7a90f93c4d3133d00b00a4f38a27b (from https://www.piwheels.org/simple/rpi-ws281x/)
2026-04-17T16:15:35,871   Skipping link: none of the wheel's tags (cp311-cp311-linux_armv7l) are compatible (run pip debug --verbose to show compatible tags): https://archive1.piwheels.org/simple/rpi-ws281x/rpi_ws281x-2.0.0-cp311-cp311-linux_armv7l.whl#sha256=470cd784713f7262896ee5916a96864adbf7a90f93c4d3133d00b00a4f38a27b (from https://www.piwheels.org/simple/rpi-ws281x/)
2026-04-17T16:15:35,871   Skipping link: none of the wheel's tags (cp39-cp39-linux_armv6l) are compatible (run pip debug --verbose to show compatible tags): https://archive1.piwheels.org/simple/rpi-ws281x/rpi_ws281x-2.0.0-cp39-cp39-linux_armv6l.whl#sha256=0def83e3a0f0f73d41755e5e754ea305972e63905de996147cf42762fa138c29 (from https://www.piwheels.org/simple/rpi-ws281x/)
2026-04-17T16:15:35,871   Skipping link: none of the wheel's tags (cp39-cp39-linux_armv7l) are compatible (run pip debug --verbose to show compatible tags): https://archive1.piwheels.org/simple/rpi-ws281x/rpi_ws281x-2.0.0-cp39-cp39-linux_armv7l.whl#sha256=0def83e3a0f0f73d41755e5e754ea305972e63905de996147cf42762fa138c29 (from https://www.piwheels.org/simple/rpi-ws281x/)
2026-04-17T16:15:35,871   Skipping link: none of the wheel's tags (cp313-cp313-linux_armv6l) are compatible (run pip debug --verbose to show compatible tags): https://www.piwheels.org/simple/rpi-ws281x/rpi_ws281x-2.0.0-cp313-cp313-linux_armv6l.whl#sha256=f4d86cce6af9c1f86edc3545489ff1a9b813112168e06320954e988ff1a32fa7 (from https://www.piwheels.org/simple/rpi-ws281x/)
2026-04-17T16:15:35,871   Skipping link: none of the wheel's tags (cp313-cp313-linux_armv7l) are compatible (run pip debug --verbose to show compatible tags): https://www.piwheels.org/simple/rpi-ws281x/rpi_ws281x-2.0.0-cp313-cp313-linux_armv7l.whl#sha256=f4d86cce6af9c1f86edc3545489ff1a9b813112168e06320954e988ff1a32fa7 (from https://www.piwheels.org/simple/rpi-ws281x/)
2026-04-17T16:15:35,871   Skipping link: none of the wheel's tags (cp35-cp35m-linux_armv6l) are compatible (run pip debug --verbose to show compatible tags): https://archive1.piwheels.org/simple/rpi-ws281x/rpi_ws281x-1.2.2-cp35-cp35m-linux_armv6l.whl#sha256=ad6ad374924cb9115a4e07d70ab6614f92376181b5ca0ce3300c9190d61e107e (from https://www.piwheels.org/simple/rpi-ws281x/)
2026-04-17T16:15:35,871   Skipping link: none of the wheel's tags (cp35-cp35m-linux_armv7l) are compatible (run pip debug --verbose to show compatible tags): https://archive1.piwheels.org/simple/rpi-ws281x/rpi_ws281x-1.2.2-cp35-cp35m-linux_armv7l.whl#sha256=ad6ad374924cb9115a4e07d70ab6614f92376181b5ca0ce3300c9190d61e107e (from https://www.piwheels.org/simple/rpi-ws281x/)
2026-04-17T16:15:35,871   Skipping link: none of the wheel's tags (cp37-cp37m-linux_armv6l) are compatible (run pip debug --verbose to show compatible tags): https://archive1.piwheels.org/simple/rpi-ws281x/rpi_ws281x-1.2.2-cp37-cp37m-linux_armv6l.whl#sha256=de8364644a9aed06d0de36efcd45fc7c302c402944521c176082100cd7cd81d8 (from https://www.piwheels.org/simple/rpi-ws281x/)
2026-04-17T16:15:35,871   Skipping link: none of the wheel's tags (cp37-cp37m-linux_armv7l) are compatible (run pip debug --verbose to show compatible tags): https://archive1.piwheels.org/simple/rpi-ws281x/rpi_ws281x-1.2.2-cp37-cp37m-linux_armv7l.whl#sha256=de8364644a9aed06d0de36efcd45fc7c302c402944521c176082100cd7cd81d8 (from https://www.piwheels.org/simple/rpi-ws281x/)
2026-04-17T16:15:35,871   Skipping link: none of the wheel's tags (cp311-cp311-linux_armv6l) are compatible (run pip debug --verbose to show compatible tags): https://archive1.piwheels.org/simple/rpi-ws281x/rpi_ws281x-1.2.2-cp311-cp311-linux_armv6l.whl#sha256=ad12ec8716320a510638f99b87c94a1d379103a494542e2bc7f0216323694a25 (from https://www.piwheels.org/simple/rpi-ws281x/)
2026-04-17T16:15:35,871   Skipping link: none of the wheel's tags (cp311-cp311-linux_armv7l) are compatible (run pip debug --verbose to show compatible tags): https://archive1.piwheels.org/simple/rpi-ws281x/rpi_ws281x-1.2.2-cp311-cp311-linux_armv7l.whl#sha256=ad12ec8716320a510638f99b87c94a1d379103a494542e2bc7f0216323694a25 (from https://www.piwheels.org/simple/rpi-ws281x/)
2026-04-17T16:15:35,871   Skipping link: none of the wheel's tags (cp39-cp39-linux_armv6l) are compatible (run pip debug --verbose to show compatible tags): https://archive1.piwheels.org/simple/rpi-ws281x/rpi_ws281x-1.2.2-cp39-cp39-linux_armv6l.whl#sha256=2a745f21ac1dcfbad1a07c28dd47bb8a0058b9d7d50e4941bae5dea89717b1eb (from https://www.piwheels.org/simple/rpi-ws281x/)
2026-04-17T16:15:35,872   Skipping link: none of the wheel's tags (cp39-cp39-linux_armv7l) are compatible (run pip debug --verbose to show compatible tags): https://archive1.piwheels.org/simple/rpi-ws281x/rpi_ws281x-1.2.2-cp39-cp39-linux_armv7l.whl#sha256=2a745f21ac1dcfbad1a07c28dd47bb8a0058b9d7d50e4941bae5dea89717b1eb (from https://www.piwheels.org/simple/rpi-ws281x/)
2026-04-17T16:15:35,872   Skipping link: none of the wheel's tags (cp313-cp313-linux_armv6l) are compatible (run pip debug --verbose to show compatible tags): https://www.piwheels.org/simple/rpi-ws281x/rpi_ws281x-1.2.2-cp313-cp313-linux_armv6l.whl#sha256=abbd82afe8b7c4fb7af8368e3c7093067af878a2db6829e2248439b243017db9 (from https://www.piwheels.org/simple/rpi-ws281x/)
2026-04-17T16:15:35,872   Skipping link: none of the wheel's tags (cp313-cp313-linux_armv7l) are compatible (run pip debug --verbose to show compatible tags): https://www.piwheels.org/simple/rpi-ws281x/rpi_ws281x-1.2.2-cp313-cp313-linux_armv7l.whl#sha256=abbd82afe8b7c4fb7af8368e3c7093067af878a2db6829e2248439b243017db9 (from https://www.piwheels.org/simple/rpi-ws281x/)
2026-04-17T16:15:35,872   Skipping link: none of the wheel's tags (cp35-cp35m-linux_armv6l) are compatible (run pip debug --verbose to show compatible tags): https://archive1.piwheels.org/simple/rpi-ws281x/rpi_ws281x-1.2.1-cp35-cp35m-linux_armv6l.whl#sha256=53323a92c76dca6964ecd0e5aa5c46162d675de5daed10a232788e95552975f7 (from https://www.piwheels.org/simple/rpi-ws281x/)
2026-04-17T16:15:35,872   Skipping link: none of the wheel's tags (cp35-cp35m-linux_armv7l) are compatible (run pip debug --verbose to show compatible tags): https://archive1.piwheels.org/simple/rpi-ws281x/rpi_ws281x-1.2.1-cp35-cp35m-linux_armv7l.whl#sha256=53323a92c76dca6964ecd0e5aa5c46162d675de5daed10a232788e95552975f7 (from https://www.piwheels.org/simple/rpi-ws281x/)
2026-04-17T16:15:35,872   Skipping link: none of the wheel's tags (cp37-cp37m-linux_armv6l) are compatible (run pip debug --verbose to show compatible tags): https://archive1.piwheels.org/simple/rpi-ws281x/rpi_ws281x-1.2.1-cp37-cp37m-linux_armv6l.whl#sha256=d1bf6db1ec99598411ded4690e99ac0536ca918cbece7791ca4b52bcbeb6780c (from https://www.piwheels.org/simple/rpi-ws281x/)
2026-04-17T16:15:35,872   Skipping link: none of the wheel's tags (cp37-cp37m-linux_armv7l) are compatible (run pip debug --verbose to show compatible tags): https://archive1.piwheels.org/simple/rpi-ws281x/rpi_ws281x-1.2.1-cp37-cp37m-linux_armv7l.whl#sha256=d1bf6db1ec99598411ded4690e99ac0536ca918cbece7791ca4b52bcbeb6780c (from https://www.piwheels.org/simple/rpi-ws281x/)
2026-04-17T16:15:35,872   Skipping link: none of the wheel's tags (cp311-cp311-linux_armv6l) are compatible (run pip debug --verbose to show compatible tags): https://archive1.piwheels.org/simple/rpi-ws281x/rpi_ws281x-1.2.1-cp311-cp311-linux_armv6l.whl#sha256=cdb8949231b54f679d0ec09da3fbc666bdea37dc5d247165eeb4914be3276e01 (from https://www.piwheels.org/simple/rpi-ws281x/)
2026-04-17T16:15:35,872   Skipping link: none of the wheel's tags (cp311-cp311-linux_armv7l) are compatible (run pip debug --verbose to show compatible tags): https://archive1.piwheels.org/simple/rpi-ws281x/rpi_ws281x-1.2.1-cp311-cp311-linux_armv7l.whl#sha256=cdb8949231b54f679d0ec09da3fbc666bdea37dc5d247165eeb4914be3276e01 (from https://www.piwheels.org/simple/rpi-ws281x/)
2026-04-17T16:15:35,872   Skipping link: none of the wheel's tags (cp39-cp39-linux_armv6l) are compatible (run pip debug --verbose to show compatible tags): https://archive1.piwheels.org/simple/rpi-ws281x/rpi_ws281x-1.2.1-cp39-cp39-linux_armv6l.whl#sha256=828a2f828e514240276dde692fa779caf0ca76c12ac7e09a18c7ab00a9fb2b11 (from https://www.piwheels.org/simple/rpi-ws281x/)
2026-04-17T16:15:35,872   Skipping link: none of the wheel's tags (cp39-cp39-linux_armv7l) are compatible (run pip debug --verbose to show compatible tags): https://archive1.piwheels.org/simple/rpi-ws281x/rpi_ws281x-1.2.1-cp39-cp39-linux_armv7l.whl#sha256=828a2f828e514240276dde692fa779caf0ca76c12ac7e09a18c7ab00a9fb2b11 (from https://www.piwheels.org/simple/rpi-ws281x/)
2026-04-17T16:15:35,872   Skipping link: none of the wheel's tags (cp313-cp313-linux_armv6l) are compatible (run pip debug --verbose to show compatible tags): https://www.piwheels.org/simple/rpi-ws281x/rpi_ws281x-1.2.1-cp313-cp313-linux_armv6l.whl#sha256=615c145ba70a1a45d680fb090f8e05631a4fb475fb1d9f57c85f78d866cc5622 (from https://www.piwheels.org/simple/rpi-ws281x/)
2026-04-17T16:15:35,872   Skipping link: none of the wheel's tags (cp313-cp313-linux_armv7l) are compatible (run pip debug --verbose to show compatible tags): https://www.piwheels.org/simple/rpi-ws281x/rpi_ws281x-1.2.1-cp313-cp313-linux_armv7l.whl#sha256=615c145ba70a1a45d680fb090f8e05631a4fb475fb1d9f57c85f78d866cc5622 (from https://www.piwheels.org/simple/rpi-ws281x/)
2026-04-17T16:15:35,872   Skipping link: none of the wheel's tags (cp35-cp35m-linux_armv6l) are compatible (run pip debug --verbose to show compatible tags): https://archive1.piwheels.org/simple/rpi-ws281x/rpi_ws281x-1.2.0-cp35-cp35m-linux_armv6l.whl#sha256=7000cdfe1ba8752254b8ac75b619ad9f06f64dd24c3875c11a5ed8d6a92a8bc9 (from https://www.piwheels.org/simple/rpi-ws281x/)
2026-04-17T16:15:35,873   Skipping link: none of the wheel's tags (cp35-cp35m-linux_armv7l) are compatible (run pip debug --verbose to show compatible tags): https://archive1.piwheels.org/simple/rpi-ws281x/rpi_ws281x-1.2.0-cp35-cp35m-linux_armv7l.whl#sha256=7000cdfe1ba8752254b8ac75b619ad9f06f64dd24c3875c11a5ed8d6a92a8bc9 (from https://www.piwheels.org/simple/rpi-ws281x/)
2026-04-17T16:15:35,873   Skipping link: none of the wheel's tags (cp37-cp37m-linux_armv6l) are compatible (run pip debug --verbose to show compatible tags): https://archive1.piwheels.org/simple/rpi-ws281x/rpi_ws281x-1.2.0-cp37-cp37m-linux_armv6l.whl#sha256=e82dcf140ed42ec4ef884959bb1286d3ad6998406afb3fb72e7f68c3826c5ec7 (from https://www.piwheels.org/simple/rpi-ws281x/)
2026-04-17T16:15:35,873   Skipping link: none of the wheel's tags (cp37-cp37m-linux_armv7l) are compatible (run pip debug --verbose to show compatible tags): https://archive1.piwheels.org/simple/rpi-ws281x/rpi_ws281x-1.2.0-cp37-cp37m-linux_armv7l.whl#sha256=e82dcf140ed42ec4ef884959bb1286d3ad6998406afb3fb72e7f68c3826c5ec7 (from https://www.piwheels.org/simple/rpi-ws281x/)
2026-04-17T16:15:35,873   Skipping link: none of the wheel's tags (cp311-cp311-linux_armv6l) are compatible (run pip debug --verbose to show compatible tags): https://archive1.piwheels.org/simple/rpi-ws281x/rpi_ws281x-1.2.0-cp311-cp311-linux_armv6l.whl#sha256=769ce3cac480ac567c5675490f761f0f1be0f7c96155f5f9301a9919deae77bf (from https://www.piwheels.org/simple/rpi-ws281x/)
2026-04-17T16:15:35,873   Skipping link: none of the wheel's tags (cp311-cp311-linux_armv7l) are compatible (run pip debug --verbose to show compatible tags): https://archive1.piwheels.org/simple/rpi-ws281x/rpi_ws281x-1.2.0-cp311-cp311-linux_armv7l.whl#sha256=769ce3cac480ac567c5675490f761f0f1be0f7c96155f5f9301a9919deae77bf (from https://www.piwheels.org/simple/rpi-ws281x/)
2026-04-17T16:15:35,873   Skipping link: none of the wheel's tags (cp39-cp39-linux_armv6l) are compatible (run pip debug --verbose to show compatible tags): https://archive1.piwheels.org/simple/rpi-ws281x/rpi_ws281x-1.2.0-cp39-cp39-linux_armv6l.whl#sha256=17ca550b4c1a39450516f7ac5fd3d05eac73bc3ae0a96a786b1170be83775831 (from https://www.piwheels.org/simple/rpi-ws281x/)
2026-04-17T16:15:35,873   Skipping link: none of the wheel's tags (cp39-cp39-linux_armv7l) are compatible (run pip debug --verbose to show compatible tags): https://archive1.piwheels.org/simple/rpi-ws281x/rpi_ws281x-1.2.0-cp39-cp39-linux_armv7l.whl#sha256=17ca550b4c1a39450516f7ac5fd3d05eac73bc3ae0a96a786b1170be83775831 (from https://www.piwheels.org/simple/rpi-ws281x/)
2026-04-17T16:15:35,873   Skipping link: none of the wheel's tags (cp313-cp313-linux_armv6l) are compatible (run pip debug --verbose to show compatible tags): https://www.piwheels.org/simple/rpi-ws281x/rpi_ws281x-1.2.0-cp313-cp313-linux_armv6l.whl#sha256=38a56d128c5d97a2d5f1d319fe635faab645d9ae3fd9035b437f0152934e65c9 (from https://www.piwheels.org/simple/rpi-ws281x/)
2026-04-17T16:15:35,873   Skipping link: none of the wheel's tags (cp313-cp313-linux_armv7l) are compatible (run pip debug --verbose to show compatible tags): https://www.piwheels.org/simple/rpi-ws281x/rpi_ws281x-1.2.0-cp313-cp313-linux_armv7l.whl#sha256=38a56d128c5d97a2d5f1d319fe635faab645d9ae3fd9035b437f0152934e65c9 (from https://www.piwheels.org/simple/rpi-ws281x/)
2026-04-17T16:15:35,873   Skipping link: none of the wheel's tags (cp35-cp35m-linux_armv6l) are compatible (run pip debug --verbose to show compatible tags): https://archive1.piwheels.org/simple/rpi-ws281x/rpi_ws281x-1.1.3-cp35-cp35m-linux_armv6l.whl#sha256=354d2092c8963e04190378e6aafd0e46f309f08ae544bfab340de9c3eca95efe (from https://www.piwheels.org/simple/rpi-ws281x/)
2026-04-17T16:15:35,873   Skipping link: none of the wheel's tags (cp35-cp35m-linux_armv7l) are compatible (run pip debug --verbose to show compatible tags): https://archive1.piwheels.org/simple/rpi-ws281x/rpi_ws281x-1.1.3-cp35-cp35m-linux_armv7l.whl#sha256=354d2092c8963e04190378e6aafd0e46f309f08ae544bfab340de9c3eca95efe (from https://www.piwheels.org/simple/rpi-ws281x/)
2026-04-17T16:15:35,873   Skipping link: none of the wheel's tags (cp37-cp37m-linux_armv6l) are compatible (run pip debug --verbose to show compatible tags): https://archive1.piwheels.org/simple/rpi-ws281x/rpi_ws281x-1.1.3-cp37-cp37m-linux_armv6l.whl#sha256=6a1f82e39f6b807f9b0c23780cad20216ea0eeb817988e874ce546a9b1138c9e (from https://www.piwheels.org/simple/rpi-ws281x/)
2026-04-17T16:15:35,873   Skipping link: none of the wheel's tags (cp37-cp37m-linux_armv7l) are compatible (run pip debug --verbose to show compatible tags): https://archive1.piwheels.org/simple/rpi-ws281x/rpi_ws281x-1.1.3-cp37-cp37m-linux_armv7l.whl#sha256=6a1f82e39f6b807f9b0c23780cad20216ea0eeb817988e874ce546a9b1138c9e (from https://www.piwheels.org/simple/rpi-ws281x/)
2026-04-17T16:15:35,874   Skipping link: none of the wheel's tags (cp311-cp311-linux_armv6l) are compatible (run pip debug --verbose to show compatible tags): https://archive1.piwheels.org/simple/rpi-ws281x/rpi_ws281x-1.1.3-cp311-cp311-linux_armv6l.whl#sha256=6ccc8afd852fb52d51ca436190ded94691af8d9756df33f4989e0bff23726851 (from https://www.piwheels.org/simple/rpi-ws281x/)
2026-04-17T16:15:35,874   Skipping link: none of the wheel's tags (cp311-cp311-linux_armv7l) are compatible (run pip debug --verbose to show compatible tags): https://archive1.piwheels.org/simple/rpi-ws281x/rpi_ws281x-1.1.3-cp311-cp311-linux_armv7l.whl#sha256=6ccc8afd852fb52d51ca436190ded94691af8d9756df33f4989e0bff23726851 (from https://www.piwheels.org/simple/rpi-ws281x/)
2026-04-17T16:15:35,874   Skipping link: none of the wheel's tags (cp39-cp39-linux_armv6l) are compatible (run pip debug --verbose to show compatible tags): https://archive1.piwheels.org/simple/rpi-ws281x/rpi_ws281x-1.1.3-cp39-cp39-linux_armv6l.whl#sha256=077dda509b741f15a29f8615e867c305b9e35c482f67d6b09887f9fb2fa681b3 (from https://www.piwheels.org/simple/rpi-ws281x/)
2026-04-17T16:15:35,874   Skipping link: none of the wheel's tags (cp39-cp39-linux_armv7l) are compatible (run pip debug --verbose to show compatible tags): https://archive1.piwheels.org/simple/rpi-ws281x/rpi_ws281x-1.1.3-cp39-cp39-linux_armv7l.whl#sha256=077dda509b741f15a29f8615e867c305b9e35c482f67d6b09887f9fb2fa681b3 (from https://www.piwheels.org/simple/rpi-ws281x/)
2026-04-17T16:15:35,874   Skipping link: none of the wheel's tags (cp313-cp313-linux_armv6l) are compatible (run pip debug --verbose to show compatible tags): https://www.piwheels.org/simple/rpi-ws281x/rpi_ws281x-1.1.3-cp313-cp313-linux_armv6l.whl#sha256=ef2872f29d6e8a145e8ff5921155bba75097fb56970502dcb37b175796f8cb52 (from https://www.piwheels.org/simple/rpi-ws281x/)
2026-04-17T16:15:35,874   Skipping link: none of the wheel's tags (cp313-cp313-linux_armv7l) are compatible (run pip debug --verbose to show compatible tags): https://www.piwheels.org/simple/rpi-ws281x/rpi_ws281x-1.1.3-cp313-cp313-linux_armv7l.whl#sha256=ef2872f29d6e8a145e8ff5921155bba75097fb56970502dcb37b175796f8cb52 (from https://www.piwheels.org/simple/rpi-ws281x/)
2026-04-17T16:15:35,874   Skipping link: none of the wheel's tags (cp35-cp35m-linux_armv6l) are compatible (run pip debug --verbose to show compatible tags): https://archive1.piwheels.org/simple/rpi-ws281x/rpi_ws281x-1.1.2-cp35-cp35m-linux_armv6l.whl#sha256=3f8acf545cddde56c9e8e15205d4a57184a6c22aa77d359e2171bc7d355b4fe0 (from https://www.piwheels.org/simple/rpi-ws281x/)
2026-04-17T16:15:35,874   Skipping link: none of the wheel's tags (cp35-cp35m-linux_armv7l) are compatible (run pip debug --verbose to show compatible tags): https://archive1.piwheels.org/simple/rpi-ws281x/rpi_ws281x-1.1.2-cp35-cp35m-linux_armv7l.whl#sha256=3f8acf545cddde56c9e8e15205d4a57184a6c22aa77d359e2171bc7d355b4fe0 (from https://www.piwheels.org/simple/rpi-ws281x/)
2026-04-17T16:15:35,874   Skipping link: none of the wheel's tags (cp35-cp35m-linux_armv6l) are compatible (run pip debug --verbose to show compatible tags): https://archive1.piwheels.org/simple/rpi-ws281x/rpi_ws281x-1.1.1-cp35-cp35m-linux_armv6l.whl#sha256=9aaab751fc0cfce83fb7dca5d15e7393dd6e100dc9d9dab000734587a4f2b6c6 (from https://www.piwheels.org/simple/rpi-ws281x/)
2026-04-17T16:15:35,874   Skipping link: none of the wheel's tags (cp35-cp35m-linux_armv7l) are compatible (run pip debug --verbose to show compatible tags): https://archive1.piwheels.org/simple/rpi-ws281x/rpi_ws281x-1.1.1-cp35-cp35m-linux_armv7l.whl#sha256=9aaab751fc0cfce83fb7dca5d15e7393dd6e100dc9d9dab000734587a4f2b6c6 (from https://www.piwheels.org/simple/rpi-ws281x/)
2026-04-17T16:15:35,874   Skipping link: none of the wheel's tags (cp35-cp35m-linux_armv6l) are compatible (run pip debug --verbose to show compatible tags): https://archive1.piwheels.org/simple/rpi-ws281x/rpi_ws281x-1.1.0-cp35-cp35m-linux_armv6l.whl#sha256=04e0b29680b2fc1eb4161210ebd9b5601779c9868080738ba0a11d3546a806f5 (from https://www.piwheels.org/simple/rpi-ws281x/)
2026-04-17T16:15:35,874   Skipping link: none of the wheel's tags (cp35-cp35m-linux_armv7l) are compatible (run pip debug --verbose to show compatible tags): https://archive1.piwheels.org/simple/rpi-ws281x/rpi_ws281x-1.1.0-cp35-cp35m-linux_armv7l.whl#sha256=04e0b29680b2fc1eb4161210ebd9b5601779c9868080738ba0a11d3546a806f5 (from https://www.piwheels.org/simple/rpi-ws281x/)
2026-04-17T16:15:35,874   Skipping link: none of the wheel's tags (cp37-cp37m-linux_armv6l) are compatible (run pip debug --verbose to show compatible tags): https://archive1.piwheels.org/simple/rpi-ws281x/rpi_ws281x-1.1.0-cp37-cp37m-linux_armv6l.whl#sha256=0afa4964c21dd95009f8bff132d01b3f5dc2f2be4f3a25e2b6423b99f8313269 (from https://www.piwheels.org/simple/rpi-ws281x/)
2026-04-17T16:15:35,874   Skipping link: none of the wheel's tags (cp37-cp37m-linux_armv7l) are compatible (run pip debug --verbose to show compatible tags): https://archive1.piwheels.org/simple/rpi-ws281x/rpi_ws281x-1.1.0-cp37-cp37m-linux_armv7l.whl#sha256=0afa4964c21dd95009f8bff132d01b3f5dc2f2be4f3a25e2b6423b99f8313269 (from https://www.piwheels.org/simple/rpi-ws281x/)
2026-04-17T16:15:35,875   Skipping link: none of the wheel's tags (cp311-cp311-linux_armv6l) are compatible (run pip debug --verbose to show compatible tags): https://archive1.piwheels.org/simple/rpi-ws281x/rpi_ws281x-1.1.0-cp311-cp311-linux_armv6l.whl#sha256=ce71fc4cc47dda93ca88e8a97f74d8210eb7c797abd604c174cec9a31d1cf68e (from https://www.piwheels.org/simple/rpi-ws281x/)
2026-04-17T16:15:35,875   Skipping link: none of the wheel's tags (cp311-cp311-linux_armv7l) are compatible (run pip debug --verbose to show compatible tags): https://archive1.piwheels.org/simple/rpi-ws281x/rpi_ws281x-1.1.0-cp311-cp311-linux_armv7l.whl#sha256=ce71fc4cc47dda93ca88e8a97f74d8210eb7c797abd604c174cec9a31d1cf68e (from https://www.piwheels.org/simple/rpi-ws281x/)
2026-04-17T16:15:35,875   Skipping link: none of the wheel's tags (cp39-cp39-linux_armv6l) are compatible (run pip debug --verbose to show compatible tags): https://archive1.piwheels.org/simple/rpi-ws281x/rpi_ws281x-1.1.0-cp39-cp39-linux_armv6l.whl#sha256=d2752c464c980a71f7cc359e588147d34dc056b06d6bb0fc209a056b2bd1ae63 (from https://www.piwheels.org/simple/rpi-ws281x/)
2026-04-17T16:15:35,875   Skipping link: none of the wheel's tags (cp39-cp39-linux_armv7l) are compatible (run pip debug --verbose to show compatible tags): https://archive1.piwheels.org/simple/rpi-ws281x/rpi_ws281x-1.1.0-cp39-cp39-linux_armv7l.whl#sha256=d2752c464c980a71f7cc359e588147d34dc056b06d6bb0fc209a056b2bd1ae63 (from https://www.piwheels.org/simple/rpi-ws281x/)
2026-04-17T16:15:35,875   Skipping link: none of the wheel's tags (cp313-cp313-linux_armv6l) are compatible (run pip debug --verbose to show compatible tags): https://www.piwheels.org/simple/rpi-ws281x/rpi_ws281x-1.1.0-cp313-cp313-linux_armv6l.whl#sha256=fd9725f16ecb3163dfdc6f17d34d437fc67be022c955f4e458e5496e3f3fbd1e (from https://www.piwheels.org/simple/rpi-ws281x/)
2026-04-17T16:15:35,875   Skipping link: none of the wheel's tags (cp313-cp313-linux_armv7l) are compatible (run pip debug --verbose to show compatible tags): https://www.piwheels.org/simple/rpi-ws281x/rpi_ws281x-1.1.0-cp313-cp313-linux_armv7l.whl#sha256=fd9725f16ecb3163dfdc6f17d34d437fc67be022c955f4e458e5496e3f3fbd1e (from https://www.piwheels.org/simple/rpi-ws281x/)
2026-04-17T16:15:35,875   Skipping link: none of the wheel's tags (cp37-cp37m-linux_armv6l) are compatible (run pip debug --verbose to show compatible tags): https://archive1.piwheels.org/simple/rpi-ws281x/rpi_ws281x-1.0.0-cp37-cp37m-linux_armv6l.whl#sha256=66903c14a30de7193aad44de564a6d7e954e3cd39977d8e84f0a11fb54ce8cb3 (from https://www.piwheels.org/simple/rpi-ws281x/)
2026-04-17T16:15:35,875   Skipping link: none of the wheel's tags (cp37-cp37m-linux_armv7l) are compatible (run pip debug --verbose to show compatible tags): https://archive1.piwheels.org/simple/rpi-ws281x/rpi_ws281x-1.0.0-cp37-cp37m-linux_armv7l.whl#sha256=66903c14a30de7193aad44de564a6d7e954e3cd39977d8e84f0a11fb54ce8cb3 (from https://www.piwheels.org/simple/rpi-ws281x/)
2026-04-17T16:15:35,875   Skipping link: none of the wheel's tags (cp35-cp35m-linux_armv6l) are compatible (run pip debug --verbose to show compatible tags): https://archive1.piwheels.org/simple/rpi-ws281x/rpi_ws281x-1.0.0-cp35-cp35m-linux_armv6l.whl#sha256=bd567700d3c0872b9f33830da666ffa83144ecc14d96f1f8d792102fa774ef80 (from https://www.piwheels.org/simple/rpi-ws281x/)
2026-04-17T16:15:35,875   Skipping link: none of the wheel's tags (cp35-cp35m-linux_armv7l) are compatible (run pip debug --verbose to show compatible tags): https://archive1.piwheels.org/simple/rpi-ws281x/rpi_ws281x-1.0.0-cp35-cp35m-linux_armv7l.whl#sha256=bd567700d3c0872b9f33830da666ffa83144ecc14d96f1f8d792102fa774ef80 (from https://www.piwheels.org/simple/rpi-ws281x/)
2026-04-17T16:15:35,875   Skipping link: none of the wheel's tags (cp311-cp311-linux_armv6l) are compatible (run pip debug --verbose to show compatible tags): https://archive1.piwheels.org/simple/rpi-ws281x/rpi_ws281x-1.0.0-cp311-cp311-linux_armv6l.whl#sha256=24c2a4875556139dfe4484ba54d71ea1b3268a65434bc1a7c0b55c7986343628 (from https://www.piwheels.org/simple/rpi-ws281x/)
2026-04-17T16:15:35,875   Skipping link: none of the wheel's tags (cp311-cp311-linux_armv7l) are compatible (run pip debug --verbose to show compatible tags): https://archive1.piwheels.org/simple/rpi-ws281x/rpi_ws281x-1.0.0-cp311-cp311-linux_armv7l.whl#sha256=24c2a4875556139dfe4484ba54d71ea1b3268a65434bc1a7c0b55c7986343628 (from https://www.piwheels.org/simple/rpi-ws281x/)
2026-04-17T16:15:35,875   Skipping link: none of the wheel's tags (cp39-cp39-linux_armv6l) are compatible (run pip debug --verbose to show compatible tags): https://archive1.piwheels.org/simple/rpi-ws281x/rpi_ws281x-1.0.0-cp39-cp39-linux_armv6l.whl#sha256=c3c157d8fb261c444d2aa21a2a8a429bf7113cdebabaaa48c2a25bb4d26a231d (from https://www.piwheels.org/simple/rpi-ws281x/)
2026-04-17T16:15:35,875   Skipping link: none of the wheel's tags (cp39-cp39-linux_armv7l) are compatible (run pip debug --verbose to show compatible tags): https://archive1.piwheels.org/simple/rpi-ws281x/rpi_ws281x-1.0.0-cp39-cp39-linux_armv7l.whl#sha256=c3c157d8fb261c444d2aa21a2a8a429bf7113cdebabaaa48c2a25bb4d26a231d (from https://www.piwheels.org/simple/rpi-ws281x/)
2026-04-17T16:15:35,876   Skipping link: none of the wheel's tags (cp313-cp313-linux_armv6l) are compatible (run pip debug --verbose to show compatible tags): https://www.piwheels.org/simple/rpi-ws281x/rpi_ws281x-1.0.0-cp313-cp313-linux_armv6l.whl#sha256=489d6cd9eb620cb6b850c7afaddd92764ca7f8e923a419638ddf57fe2a9a68b0 (from https://www.piwheels.org/simple/rpi-ws281x/)
2026-04-17T16:15:35,876   Skipping link: none of the wheel's tags (cp313-cp313-linux_armv7l) are compatible (run pip debug --verbose to show compatible tags): https://www.piwheels.org/simple/rpi-ws281x/rpi_ws281x-1.0.0-cp313-cp313-linux_armv7l.whl#sha256=489d6cd9eb620cb6b850c7afaddd92764ca7f8e923a419638ddf57fe2a9a68b0 (from https://www.piwheels.org/simple/rpi-ws281x/)
2026-04-17T16:15:35,876 Skipping link: not a file: https://www.piwheels.org/simple/rpi-ws281x/
2026-04-17T16:15:35,876 Skipping link: not a file: https://pypi.org/simple/rpi-ws281x/
2026-04-17T16:15:35,876 Given no hashes to check 15 links for project 'rpi-ws281x': discarding no candidates
2026-04-17T16:15:35,877 Using cached wheel link: file:///home/engg1101m3/.cache/pip/wheels/29/2a/12/da24aea32d3801e27e82b5c87945725b9954185b725545f3eb/rpi_ws281x-5.0.0-cp313-cp313-linux_aarch64.whl
2026-04-17T16:15:35,878 Collecting rpi_ws281x>=4.0.0 (from adafruit-blinka)
2026-04-17T16:15:35,878   Using cached rpi_ws281x-5.0.0-cp313-cp313-linux_aarch64.whl
2026-04-17T16:15:35,891 Remote version of pip: 26.0.1
2026-04-17T16:15:35,891 Local version of pip:  26.0.1
2026-04-17T16:15:35,897 Was pip installed by pip? True
2026-04-17T16:15:35,898 ERROR: Exception:
2026-04-17T16:15:35,898 Traceback (most recent call last):
2026-04-17T16:15:35,898   File "/home/engg1101m3/Vision-based-Aerial-Target-Detection-and-Tracking-System/yolo_env/lib/python3.13/site-packages/pip/_internal/metadata/importlib/_dists.py", line 174, in version
2026-04-17T16:15:35,898     return parse_version(version)
2026-04-17T16:15:35,898   File "/home/engg1101m3/Vision-based-Aerial-Target-Detection-and-Tracking-System/yolo_env/lib/python3.13/site-packages/pip/_vendor/packaging/version.py", line 103, in parse
2026-04-17T16:15:35,898     return Version(version)
2026-04-17T16:15:35,898   File "/home/engg1101m3/Vision-based-Aerial-Target-Detection-and-Tracking-System/yolo_env/lib/python3.13/site-packages/pip/_vendor/packaging/version.py", line 359, in __init__
2026-04-17T16:15:35,898     match = self._regex.fullmatch(version)
2026-04-17T16:15:35,898 TypeError: expected string or bytes-like object, got 'NoneType'
2026-04-17T16:15:35,898 
2026-04-17T16:15:35,898 During handling of the above exception, another exception occurred:
2026-04-17T16:15:35,898 
2026-04-17T16:15:35,898 Traceback (most recent call last):
2026-04-17T16:15:35,898   File "/home/engg1101m3/Vision-based-Aerial-Target-Detection-and-Tracking-System/yolo_env/lib/python3.13/site-packages/pip/_internal/cli/base_command.py", line 107, in _run_wrapper
2026-04-17T16:15:35,898     status = _inner_run()
2026-04-17T16:15:35,898   File "/home/engg1101m3/Vision-based-Aerial-Target-Detection-and-Tracking-System/yolo_env/lib/python3.13/site-packages/pip/_internal/cli/base_command.py", line 98, in _inner_run
2026-04-17T16:15:35,898     return self.run(options, args)
2026-04-17T16:15:35,898            ~~~~~~~~^^^^^^^^^^^^^^^
2026-04-17T16:15:35,898   File "/home/engg1101m3/Vision-based-Aerial-Target-Detection-and-Tracking-System/yolo_env/lib/python3.13/site-packages/pip/_internal/cli/req_command.py", line 96, in wrapper
2026-04-17T16:15:35,898     return func(self, options, args)
2026-04-17T16:15:35,898   File "/home/engg1101m3/Vision-based-Aerial-Target-Detection-and-Tracking-System/yolo_env/lib/python3.13/site-packages/pip/_internal/commands/install.py", line 392, in run
2026-04-17T16:15:35,898     requirement_set = resolver.resolve(
2026-04-17T16:15:35,898         reqs, check_supported_wheels=not options.target_dir
2026-04-17T16:15:35,898     )
2026-04-17T16:15:35,898   File "/home/engg1101m3/Vision-based-Aerial-Target-Detection-and-Tracking-System/yolo_env/lib/python3.13/site-packages/pip/_internal/resolution/resolvelib/resolver.py", line 99, in resolve
2026-04-17T16:15:35,898     result = self._result = resolver.resolve(
2026-04-17T16:15:35,898                             ~~~~~~~~~~~~~~~~^
2026-04-17T16:15:35,898         collected.requirements, max_rounds=limit_how_complex_resolution_can_be
2026-04-17T16:15:35,898         ^^^^^^^^^^^^^^^^^^^^^^^^^^^^^^^^^^^^^^^^^^^^^^^^^^^^^^^^^^^^^^^^^^^^^^
2026-04-17T16:15:35,898     )
2026-04-17T16:15:35,898     ^
2026-04-17T16:15:35,898   File "/home/engg1101m3/Vision-based-Aerial-Target-Detection-and-Tracking-System/yolo_env/lib/python3.13/site-packages/pip/_vendor/resolvelib/resolvers/resolution.py", line 601, in resolve
2026-04-17T16:15:35,898     state = resolution.resolve(requirements, max_rounds=max_rounds)
2026-04-17T16:15:35,898   File "/home/engg1101m3/Vision-based-Aerial-Target-Detection-and-Tracking-System/yolo_env/lib/python3.13/site-packages/pip/_vendor/resolvelib/resolvers/resolution.py", line 513, in resolve
2026-04-17T16:15:35,898     failure_criterion = self._attempt_to_pin_criterion(name)
2026-04-17T16:15:35,898   File "/home/engg1101m3/Vision-based-Aerial-Target-Detection-and-Tracking-System/yolo_env/lib/python3.13/site-packages/pip/_vendor/resolvelib/resolvers/resolution.py", line 220, in _attempt_to_pin_criterion
2026-04-17T16:15:35,898     criteria = self._get_updated_criteria(candidate)
2026-04-17T16:15:35,898   File "/home/engg1101m3/Vision-based-Aerial-Target-Detection-and-Tracking-System/yolo_env/lib/python3.13/site-packages/pip/_vendor/resolvelib/resolvers/resolution.py", line 211, in _get_updated_criteria
2026-04-17T16:15:35,898     self._add_to_criteria(criteria, requirement, parent=candidate)
2026-04-17T16:15:35,898     ~~~~~~~~~~~~~~~~~~~~~^^^^^^^^^^^^^^^^^^^^^^^^^^^^^^^^^^^^^^^^^
2026-04-17T16:15:35,898   File "/home/engg1101m3/Vision-based-Aerial-Target-Detection-and-Tracking-System/yolo_env/lib/python3.13/site-packages/pip/_vendor/resolvelib/resolvers/resolution.py", line 125, in _add_to_criteria
2026-04-17T16:15:35,898     matches = self._p.find_matches(
2026-04-17T16:15:35,898         identifier=identifier,
2026-04-17T16:15:35,898     ...<9 lines>...
2026-04-17T16:15:35,898         ),
2026-04-17T16:15:35,898     )
2026-04-17T16:15:35,898   File "/home/engg1101m3/Vision-based-Aerial-Target-Detection-and-Tracking-System/yolo_env/lib/python3.13/site-packages/pip/_internal/resolution/resolvelib/provider.py", line 268, in find_matches
2026-04-17T16:15:35,898     return self._factory.find_candidates(
2026-04-17T16:15:35,898            ~~~~~~~~~~~~~~~~~~~~~~~~~~~~~^
2026-04-17T16:15:35,898         identifier=identifier,
2026-04-17T16:15:35,898         ^^^^^^^^^^^^^^^^^^^^^^
2026-04-17T16:15:35,898     ...<4 lines>...
2026-04-17T16:15:35,898         is_satisfied_by=self.is_satisfied_by,
2026-04-17T16:15:35,898         ^^^^^^^^^^^^^^^^^^^^^^^^^^^^^^^^^^^^^
2026-04-17T16:15:35,898     )
2026-04-17T16:15:35,898     ^
2026-04-17T16:15:35,898   File "/home/engg1101m3/Vision-based-Aerial-Target-Detection-and-Tracking-System/yolo_env/lib/python3.13/site-packages/pip/_internal/resolution/resolvelib/factory.py", line 450, in find_candidates
2026-04-17T16:15:35,898     return self._iter_found_candidates(
2026-04-17T16:15:35,898            ~~~~~~~~~~~~~~~~~~~~~~~~~~~^
2026-04-17T16:15:35,898         ireqs,
2026-04-17T16:15:35,898         ^^^^^^
2026-04-17T16:15:35,898     ...<3 lines>...
2026-04-17T16:15:35,898         incompat_ids,
2026-04-17T16:15:35,898         ^^^^^^^^^^^^^
2026-04-17T16:15:35,898     )
2026-04-17T16:15:35,898     ^
2026-04-17T16:15:35,898   File "/home/engg1101m3/Vision-based-Aerial-Target-Detection-and-Tracking-System/yolo_env/lib/python3.13/site-packages/pip/_internal/resolution/resolvelib/factory.py", line 341, in _iter_found_candidates
2026-04-17T16:15:35,898     _get_installed_candidate(),
2026-04-17T16:15:35,898     ~~~~~~~~~~~~~~~~~~~~~~~~^^
2026-04-17T16:15:35,898   File "/home/engg1101m3/Vision-based-Aerial-Target-Detection-and-Tracking-System/yolo_env/lib/python3.13/site-packages/pip/_internal/resolution/resolvelib/factory.py", line 284, in _get_installed_candidate
2026-04-17T16:15:35,898     if not specifier.contains(installed_dist.version, prereleases=True):
2026-04-17T16:15:35,898                               ^^^^^^^^^^^^^^^^^^^^^^
2026-04-17T16:15:35,898   File "/home/engg1101m3/Vision-based-Aerial-Target-Detection-and-Tracking-System/yolo_env/lib/python3.13/site-packages/pip/_internal/metadata/importlib/_dists.py", line 176, in version
2026-04-17T16:15:35,898     raise BadMetadata(self._dist, reason="invalid metadata entry `version`")
2026-04-17T16:15:35,898 pip._internal.metadata.importlib._compat.BadMetadata: Bad metadata in <importlib.metadata.PathDistribution object at 0x7fff1f6a3890> (invalid metadata entry `version`)
2026-04-17T16:15:35,905 Removed build tracker: '/tmp/pip-build-tracker-vjs29j5z'
